{"type": "FeatureCollection", "features": [{"type": "Feature", "geometry": {"type": "Point", "coordinates": [-74.01142, 40.648959]}, "properties": {"system_code": "15K001", "location_code": "K001", "location_name": "P.S. 001 The Bergen", "grades": "PK,0K,01,02,03,04,05", "address": "309 47 STREET", "district": "15", "borough": "K", "status": "Open", "location_type": "General Academic", "category": "Elementary", "principal": "Arlene Ramos", "phone": "718-567-7661", "NTA_name": "Sunset Park West", "managed_by": "DOE"}}, {"type": "Feature", "geometry": {"type": "Point", "coordinates": [-73.955219, 40.682311]}, "properties": {"system_code": "13K003", "location_code": "K003", "location_name": "P.S. 003 The Bedford Village", "grades": "PK,0K,01,02,03,04,05", "address": "50 JEFFERSON AVENUE", "district": "13", "borough": "K", "status": "Open", "location_type": "General Academic", "category": "Elementary", "principal": "KRISTINA BEECHER", "phone": "718-622-2960", "NTA_name": "Clinton Hill", "managed_by": "DOE"}}, {"type": "Feature", "geometry": {"type": "Point", "coordinates": [-73.879276, 40.6585]}, "properties": {"system_code": "75K004", "location_code": "K004", "location_name": "P.S. K004", "grades": "PK,0K,01,02,03,04,05,06,07,SE", "address": "923 JEROME STREET", "district": "19", "borough": "K", "status": "Open", "location_type": "Special Education", "category": "Elementary", "principal": "Rebecca Schropfer", "phone": "929-275-3937", "NTA_name": "East New York", "managed_by": "DOE"}}, {"type": "Feature", "geometry": {"type": "Point", "coordinates": [-73.92197, 40.685241]}, "properties": {"system_code": "16K005", "location_code": "K005", "location_name": "P.S. 005 Dr. Ronald McNair", "grades": "PK,0K,01,02,03,04,05", "address": "820 HANCOCK STREET", "district": "16", "borough": "K", "status": "Open", "location_type": "General Academic", "category": "Elementary", "principal": "LENA GATES", "phone": "718-218-2444", "NTA_name": "Stuyvesant Heights", "managed_by": "DOE"}}, {"type": "Feature", "geometry": {"type": "Point", "coordinates": [-73.956279, 40.648973]}, "properties": {"system_code": "17K006", "location_code": "K006", "location_name": "Norma Adams Clemons Academy", "grades": "0K,01,02,03,04,05", "address": "43 SNYDER AVENUE", "district": "17", "borough": "K", "status": "Open", "location_type": "General Academic", "category": "Elementary", "principal": "Sharon Porter", "phone": "718-856-6560", "NTA_name": "Erasmus", "managed_by": "DOE"}}, {"type": "Feature", "geometry": {"type": "Point", "coordinates": [-73.872983, 40.689213]}, "properties": {"system_code": "19K007", "location_code": "K007", "location_name": "P.S. 007 Abraham Lincoln", "grades": "PK,0K,01,02,03,04,05", "address": "858 JAMAICA AVENUE", "district": "19", "borough": "K", "status": "Open", "location_type": "General Academic", "category": "Elementary", "principal": "Carolyn Noel", "phone": "718-647-3600", "NTA_name": "Cypress Hills-City Line", "managed_by": "DOE"}}, {"type": "Feature", "geometry": {"type": "Point", "coordinates": [-73.992841, 40.700709]}, "properties": {"system_code": "13K008", "location_code": "K008", "location_name": "P.S. 008 Robert Fulton", "grades": "PK,0K,01,02,03,04,05", "address": "37 HICKS STREET", "district": "13", "borough": "K", "status": "Open", "location_type": "General Academic", "category": "K-8", "principal": "Patricia Peterson", "phone": "718-834-6740", "NTA_name": "Brooklyn Heights-Cobble Hill", "managed_by": "DOE"}}, {"type": "Feature", "geometry": {"type": "Point", "coordinates": [-73.966333, 40.678554]}, "properties": {"system_code": "13K009", "location_code": "K009", "location_name": "P.S. 009 Teunis G. Bergen", "grades": "PK,0K,01,02,03,04,05", "address": "80 UNDERHILL AVENUE", "district": "13", "borough": "K", "status": "Open", "location_type": "General Academic", "category": "Elementary", "principal": "Emma Pelaezvelazquez", "phone": "718-638-3260", "NTA_name": "Prospect Heights", "managed_by": "DOE"}}, {"type": "Feature", "geometry": {"type": "Point", "coordinates": [-73.985946, 40.660912]}, "properties": {"system_code": "15K010", "location_code": "K010", "location_name": "Magnet School of Math, Science and Design Technolo", "grades": "PK,0K,01,02,03,04,05", "address": "511 7 AVENUE", "district": "15", "borough": "K", "status": "Open", "location_type": "General Academic", "category": "Elementary", "principal": "LAURA SCOTT", "phone": "718-965-1190", "NTA_name": "Park Slope-Gowanus", "managed_by": "DOE"}}, {"type": "Feature", "geometry": {"type": "Point", "coordinates": [-73.96589, 40.685896]}, "properties": {"system_code": "13K011", "location_code": "K011", "location_name": "P.S. 011 Purvis J. Behan", "grades": "PK,0K,01,02,03,04,05", "address": "419 WAVERLY AVENUE", "district": "13", "borough": "K", "status": "Open", "location_type": "General Academic", "category": "Elementary", "principal": "Abidemi Hope", "phone": "718-638-2661", "NTA_name": "Clinton Hill", "managed_by": "DOE"}}, {"type": "Feature", "geometry": {"type": "Point", "coordinates": [-73.920095, 40.673124]}, "properties": {"system_code": "17K012", "location_code": "K012", "location_name": "Dr. Jacqueline Peek-Davis School", "grades": "PK,0K,01,02,03,04,05", "address": "430 HOWARD AVENUE", "district": "23", "borough": "K", "status": "Open", "location_type": "General Academic", "category": "Elementary", "principal": "SHAMIKA WATSON", "phone": "718-953-4569", "NTA_name": "Ocean Hill", "managed_by": "DOE"}}, {"type": "Feature", "geometry": {"type": "Point", "coordinates": [-73.893328, 40.664067]}, "properties": {"system_code": "19K013", "location_code": "K013", "location_name": "P.S. 013 Roberto Clemente", "grades": "PK,0K,01,02,03,04,05", "address": "557 PENNSYLVANIA AVENUE", "district": "19", "borough": "K", "status": "Open", "location_type": "General Academic", "category": "Elementary", "principal": "Maxine Cameron", "phone": "718-498-3717", "NTA_name": "East New York (Pennsylvania Ave)", "managed_by": "DOE"}}, {"type": "Feature", "geometry": {"type": "Point", "coordinates": [-74.019, 40.6422]}, "properties": {"system_code": "20K314", "location_code": "K314", "location_name": "PS 314 Luis Munoz Marin", "grades": "PK,0K,01,02,03,04,05", "address": "330 59 STREET", "district": "20", "borough": "K", "status": "Closed", "location_type": "General Academic", "category": "Elementary", "principal": "MR. DAVID WEINER", "phone": "718-492-0087", "NTA_name": "Sunset Park West", "managed_by": "DOE"}}, {"type": "Feature", "geometry": {"type": "Point", "coordinates": [-74.011864, 40.677085]}, "properties": {"system_code": "15K015", "location_code": "K015", "location_name": "P.S. 015 Patrick F. Daly", "grades": "PK,0K,01,02,03,04,05", "address": "71 SULLIVAN STREET", "district": "15", "borough": "K", "status": "Open", "location_type": "General Academic", "category": "Elementary", "principal": "PEGGY WYNS MADISON", "phone": "718-330-9280", "NTA_name": "Carroll Gardens-Columbia Street-Red Hook", "managed_by": "DOE"}}, {"type": "Feature", "geometry": {"type": "Point", "coordinates": [-73.962049, 40.706069]}, "properties": {"system_code": "14K016", "location_code": "K016", "location_name": "P.S. 016 Leonard Dunkly", "grades": "PK,0K,01,02,03,04,05", "address": "157 WILSON STREET", "district": "14", "borough": "K", "status": "Open", "location_type": "General Academic", "category": "Elementary", "principal": "MARY RENNY", "phone": "718-782-5352", "NTA_name": "Williamsburg", "managed_by": "DOE"}}, {"type": "Feature", "geometry": {"type": "Point", "coordinates": [-73.9573, 40.715268]}, "properties": {"system_code": "14K017", "location_code": "K017", "location_name": "P.S. 017 Henry D. Woodworth", "grades": "PK,0K,01,02,03,04,05", "address": "208 NORTH \u00a05 STREET", "district": "14", "borough": "K", "status": "Open", "location_type": "General Academic", "category": "Elementary", "principal": "ROBERT MARCHI", "phone": "718-387-2929", "NTA_name": "North Side-South Side", "managed_by": "DOE"}}, {"type": "Feature", "geometry": {"type": "Point", "coordinates": [-73.946695, 40.71088]}, "properties": {"system_code": "14K018", "location_code": "K018", "location_name": "P.S. 018 Edward Bush", "grades": "PK,0K,01,02,03,04,05", "address": "101 MAUJER STREET", "district": "14", "borough": "K", "status": "Open", "location_type": "General Academic", "category": "Elementary", "principal": "Alison Alexander", "phone": "718-387-3241", "NTA_name": "East Williamsburg", "managed_by": "DOE"}}, {"type": "Feature", "geometry": {"type": "Point", "coordinates": [-73.954678, 40.710107]}, "properties": {"system_code": "14K019", "location_code": "K019", "location_name": "P.S. 019 Roberto Clemente", "grades": "0K,01,02,03,04,05", "address": "325 SOUTH \u00a03 STREET", "district": "14", "borough": "K", "status": "Closed", "location_type": "General Academic", "category": "Elementary", "principal": "Angela Olden Camiolo", "phone": "718-387-7820", "NTA_name": "North Side-South Side", "managed_by": "DOE"}}, {"type": "Feature", "geometry": {"type": "Point", "coordinates": [-73.970896, 40.690742]}, "properties": {"system_code": "13K020", "location_code": "K020", "location_name": "P.S. 020 Clinton Hill", "grades": "PK,0K,01,02,03,04,05", "address": "225 ADELPHI STREET", "district": "13", "borough": "K", "status": "Open", "location_type": "General Academic", "category": "Elementary", "principal": "Lena Barbera", "phone": "718-834-6744", "NTA_name": "Fort Greene", "managed_by": "DOE"}}, {"type": "Feature", "geometry": {"type": "Point", "coordinates": [-73.926673, 40.68035]}, "properties": {"system_code": "16K021", "location_code": "K021", "location_name": "P.S. 021 Crispus Attucks", "grades": "PK,0K,01,02,03,04,05", "address": "180 CHAUNCEY STREET", "district": "16", "borough": "K", "status": "Open", "location_type": "General Academic", "category": "Elementary", "principal": "Leslie Frazier", "phone": "718-493-9681", "NTA_name": "Crown Heights North", "managed_by": "DOE"}}, {"type": "Feature", "geometry": {"type": "Point", "coordinates": [-73.960093, 40.6771]}, "properties": {"system_code": "17K022", "location_code": "K022", "location_name": "P.S. 022", "grades": "0K,01,02,03,04,05", "address": "443 ST MARKS AVENUE", "district": "17", "borough": "K", "status": "Closed", "location_type": "General Academic", "category": "Elementary", "principal": "CARLEN PADMORE-GATEAU", "phone": "718-857-4503", "NTA_name": "Crown Heights North", "managed_by": "DOE"}}, {"type": "Feature", "geometry": {"type": "Point", "coordinates": [-73.947256, 40.69447]}, "properties": {"system_code": "14K023", "location_code": "K023", "location_name": "P.S. 023 Carter G. Woodson", "grades": "PK,0K,01,02,03,04,05", "address": "545 WILLOUGHBY AVENUE", "district": "14", "borough": "K", "status": "Open", "location_type": "General Academic", "category": "Elementary", "principal": "Joseph Mattina", "phone": "718-387-0375", "NTA_name": "Bedford", "managed_by": "DOE"}}, {"type": "Feature", "geometry": {"type": "Point", "coordinates": [-74.004533, 40.652832]}, "properties": {"system_code": "15K024", "location_code": "K024", "location_name": "P.S. 024", "grades": "PK,0K,01,02,03,04,05", "address": "427 38 STREET", "district": "15", "borough": "K", "status": "Open", "location_type": "General Academic", "category": "Elementary", "principal": "JACQUELINE NIKOVIC", "phone": "718-832-9366", "NTA_name": "Sunset Park West", "managed_by": "DOE"}}, {"type": "Feature", "geometry": {"type": "Point", "coordinates": [-73.940749, 40.691472]}, "properties": {"system_code": "16K025", "location_code": "K025", "location_name": "P.S. 025 Eubie Blake School", "grades": "PK,0K,01,02,03,04,05", "address": "787 LAFAYETTE AVENUE", "district": "16", "borough": "K", "status": "Open", "location_type": "General Academic", "category": "Elementary", "principal": "ANITA COLEY", "phone": "718-574-2336", "NTA_name": "Stuyvesant Heights", "managed_by": "DOE"}}, {"type": "Feature", "geometry": {"type": "Point", "coordinates": [-73.9317, 40.6921]}, "properties": {"system_code": "16K026", "location_code": "K026", "location_name": "P.S. 026 Jesse Owens", "grades": "PK,0K,01,02,03,04,05", "address": "1014 LAFAYETTE AVENUE", "district": "16", "borough": "K", "status": "Open", "location_type": "General Academic", "category": "Elementary", "principal": "Cynthia Celestine", "phone": "718-919-5707", "NTA_name": "Stuyvesant Heights", "managed_by": "DOE"}}, {"type": "Feature", "geometry": {"type": "Point", "coordinates": [-73.9317, 40.6921]}, "properties": {"system_code": "16K026", "location_code": "K026", "location_name": "P.S. 026 Jesse Owens", "grades": "PK,0K,01,02,03,04,05", "address": "1014 LAFAYETTE AVENUE", "district": "16", "borough": "K", "status": "Open", "location_type": "General Academic", "category": "Elementary", "principal": "Cynthia Celestine", "phone": "718-919-5707", "NTA_name": "Stuyvesant Heights", "managed_by": "DOE"}}, {"type": "Feature", "geometry": {"type": "Point", "coordinates": [-73.921099, 40.680239]}, "properties": {"system_code": "16K028", "location_code": "K028", "location_name": "P.S. 028 The Warren Prep Academy", "grades": "PK,0K,01,02,03,04,05", "address": "265 RALPH AVENUE", "district": "16", "borough": "K", "status": "Open", "location_type": "General Academic", "category": "Elementary", "principal": "Judith James", "phone": "718-467-2865", "NTA_name": "Stuyvesant Heights", "managed_by": "DOE"}}, {"type": "Feature", "geometry": {"type": "Point", "coordinates": [-73.997447, 40.686843]}, "properties": {"system_code": "15K029", "location_code": "K029", "location_name": "P.S. 029 John M. Harrigan", "grades": "PK,0K,01,02,03,04,05", "address": "425 HENRY STREET", "district": "15", "borough": "K", "status": "Open", "location_type": "General Academic", "category": "Elementary", "principal": "Rebecca Fagin", "phone": "718-330-9277", "NTA_name": "Carroll Gardens-Columbia Street-Red Hook", "managed_by": "DOE"}}, {"type": "Feature", "geometry": {"type": "Point", "coordinates": [-74.02395, 40.633598]}, "properties": {"system_code": "20K030", "location_code": "K030", "location_name": "P.S./I.S. 30 Mary White Ovington", "grades": "0K,01,02,03,04,05,06,07,08", "address": "7002 4TH AVENUE", "district": "20", "borough": "K", "status": "Open", "location_type": "General Academic", "category": "K-8", "principal": "Carol Heeraman", "phone": "718-491-8440", "NTA_name": "Bay Ridge", "managed_by": "DOE"}}, {"type": "Feature", "geometry": {"type": "Point", "coordinates": [-73.954139, 40.72697]}, "properties": {"system_code": "14K031", "location_code": "K031", "location_name": "P.S. 031 Samuel F. Dupont", "grades": "PK,0K,01,02,03,04,05", "address": "75 MESEROLE AVENUE", "district": "14", "borough": "K", "status": "Open", "location_type": "General Academic", "category": "Elementary", "principal": "MARY SCARLATO", "phone": "718-383-8998", "NTA_name": "Greenpoint", "managed_by": "DOE"}}, {"type": "Feature", "geometry": {"type": "Point", "coordinates": [-73.991141, 40.680159]}, "properties": {"system_code": "15K032", "location_code": "K032", "location_name": "P.S. 032 Samuel Mills Sprole", "grades": "PK,0K,01,02,03,04,05", "address": "317 HOYT STREET", "district": "15", "borough": "K", "status": "Open", "location_type": "General Academic", "category": "Elementary", "principal": "DENISE WATSON", "phone": "718-222-6400", "NTA_name": "Carroll Gardens-Columbia Street-Red Hook", "managed_by": "DOE"}}, {"type": "Feature", "geometry": {"type": "Point", "coordinates": [-73.949756, 40.726378]}, "properties": {"system_code": "14K034", "location_code": "K034", "location_name": "P.S. 034 Oliver H. Perry", "grades": "PK,0K,01,02,03,04,05", "address": "131 NORMAN AVENUE", "district": "14", "borough": "K", "status": "Open", "location_type": "General Academic", "category": "Elementary", "principal": "Carmen Asselta", "phone": "718-389-5842", "NTA_name": "Greenpoint", "managed_by": "DOE"}}, {"type": "Feature", "geometry": {"type": "Point", "coordinates": [-73.953304, 40.703996]}, "properties": {"system_code": "84K037", "location_code": "K037", "location_name": "Beginning with Children Charter School II", "grades": "0K,01,02,03,04,05,06,07,08", "address": "215 HEYWARD STREET", "district": "14", "borough": "K", "status": "Open", "location_type": "General Academic", "category": "K-8", "principal": "Mike Ferrara/Yvette Ferrara", "phone": "718-302-7700", "NTA_name": "Williamsburg", "managed_by": "Charter"}}, {"type": "Feature", "geometry": {"type": "Point", "coordinates": [-73.982826, 40.684945]}, "properties": {"system_code": "15K038", "location_code": "K038", "location_name": "P.S. 038 The Pacific", "grades": "PK,0K,01,02,03,04,05", "address": "450 PACIFIC STREET", "district": "15", "borough": "K", "status": "Open", "location_type": "General Academic", "category": "Elementary", "principal": "PASCALE PRADEL", "phone": "718-330-9305", "NTA_name": "DUMBO-Vinegar Hill-Downtown Brooklyn-Boerum Hill", "managed_by": "DOE"}}, {"type": "Feature", "geometry": {"type": "Point", "coordinates": [-73.982909, 40.668644]}, "properties": {"system_code": "15K039", "location_code": "K039", "location_name": "P.S. 039 Henry Bristow", "grades": "PK,0K,01,02,03,04,05", "address": "417 6 AVENUE", "district": "15", "borough": "K", "status": "Open", "location_type": "General Academic", "category": "Elementary", "principal": "SARA PANAG", "phone": "718-330-9310", "NTA_name": "Park Slope-Gowanus", "managed_by": "DOE"}}, {"type": "Feature", "geometry": {"type": "Point", "coordinates": [-73.921099, 40.680239]}, "properties": {"system_code": "16K040", "location_code": "K040", "location_name": "P.S. 040 George W. Carver", "grades": "PK,0K,01,02,03,04,05", "address": "265 RALPH AVENUE", "district": "16", "borough": "K", "status": "Open", "location_type": "General Academic", "category": "Elementary", "principal": "Louise Antoine", "phone": "718-574-2353", "NTA_name": "Stuyvesant Heights", "managed_by": "DOE"}}, {"type": "Feature", "geometry": {"type": "Point", "coordinates": [-73.906925, 40.660455]}, "properties": {"system_code": "23K041", "location_code": "K041", "location_name": "P.S. 041 Francis White", "grades": "0K,01,02,03,04,05,06,07,08", "address": "411 THATFORD AVENUE", "district": "23", "borough": "K", "status": "Open", "location_type": "General Academic", "category": "K-8", "principal": "SHONELLE HALL", "phone": "718-495-7732", "NTA_name": "Brownsville", "managed_by": "DOE"}}, {"type": "Feature", "geometry": {"type": "Point", "coordinates": [-73.906925, 40.660455]}, "properties": {"system_code": "23K041", "location_code": "K041", "location_name": "P.S. 041 Francis White", "grades": "0K,01,02,03,04,05,06,07,08", "address": "411 THATFORD AVENUE", "district": "23", "borough": "K", "status": "Open", "location_type": "General Academic", "category": "K-8", "principal": "SHONELLE HALL", "phone": "718-495-7732", "NTA_name": "Brownsville", "managed_by": "DOE"}}, {"type": "Feature", "geometry": {"type": "Point", "coordinates": [-73.940859, 40.686213]}, "properties": {"system_code": "13K044", "location_code": "K044", "location_name": "P.S. 044 Marcus Garvey", "grades": "PK,0K,01,02,03,04,05", "address": "432 MONROE STREET", "district": "13", "borough": "K", "status": "Open", "location_type": "General Academic", "category": "Elementary", "principal": "Roxanne James", "phone": "718-834-6939", "NTA_name": "Stuyvesant Heights", "managed_by": "DOE"}}, {"type": "Feature", "geometry": {"type": "Point", "coordinates": [-73.91043, 40.686424]}, "properties": {"system_code": "32K045", "location_code": "K045", "location_name": "P.S./I.S. 045 Horace E. Greene", "grades": "0K,01,02,03,04,05,06,07,08,SE", "address": "84 SCHAEFER STREET", "district": "32", "borough": "K", "status": "Open", "location_type": "General Academic", "category": "K-8", "principal": "NADINE MARSHALL", "phone": "718-642-5360", "NTA_name": "Bushwick South", "managed_by": "DOE"}}, {"type": "Feature", "geometry": {"type": "Point", "coordinates": [-73.971644, 40.69453]}, "properties": {"system_code": "13K046", "location_code": "K046", "location_name": "P.S. 046 Edward C. Blum", "grades": "PK,0K,01,02,03,04,05", "address": "100 CLERMONT AVENUE", "district": "13", "borough": "K", "status": "Open", "location_type": "General Academic", "category": "Elementary", "principal": "MARIA GUZMAN", "phone": "718-834-7694", "NTA_name": "Fort Greene", "managed_by": "DOE"}}, {"type": "Feature", "geometry": {"type": "Point", "coordinates": [-73.987165, 40.621481]}, "properties": {"system_code": "20K048", "location_code": "K048", "location_name": "P.S. 048 Mapleton", "grades": "PK,0K,01,02,03,04,05,SE", "address": "6015 18 AVENUE", "district": "20", "borough": "K", "status": "Open", "location_type": "General Academic", "category": "Elementary", "principal": "DIANE PICUCCI", "phone": "718-232-3873", "NTA_name": "Borough Park", "managed_by": "DOE"}}, {"type": "Feature", "geometry": {"type": "Point", "coordinates": [-73.940135, 40.588372]}, "properties": {"system_code": "22K052", "location_code": "K052", "location_name": "P.S. 052 Sheepshead Bay", "grades": "PK,0K,01,02,03,04,05", "address": "2675 EAST \u00a029 STREET", "district": "22", "borough": "K", "status": "Open", "location_type": "General Academic", "category": "Elementary", "principal": "KRISTIN HURLEY", "phone": "718-648-0882", "NTA_name": "Sheepshead Bay-Gerritsen Beach-Manhattan Beach", "managed_by": "DOE"}}, {"type": "Feature", "geometry": {"type": "Point", "coordinates": [-73.952504, 40.692616]}, "properties": {"system_code": "13K054", "location_code": "K054", "location_name": "P.S. 054 Samuel C. Barnes", "grades": "PK,0K,01,02,03,04,05", "address": "195 SANDFORD STREET", "district": "13", "borough": "K", "status": "Open", "location_type": "General Academic", "category": "Elementary", "principal": "Anthony Pirro", "phone": "718-834-6752", "NTA_name": "Bedford", "managed_by": "DOE"}}, {"type": "Feature", "geometry": {"type": "Point", "coordinates": [-73.960536, 40.684286]}, "properties": {"system_code": "13K056", "location_code": "K056", "location_name": "P.S. 056 Lewis H. Latimer", "grades": "PK,0K,01,02,03,04,05", "address": "170 GATES AVENUE", "district": "13", "borough": "K", "status": "Open", "location_type": "General Academic", "category": "Elementary", "principal": "ERIC GRANDE", "phone": "718-857-3149", "NTA_name": "Clinton Hill", "managed_by": "DOE"}}, {"type": "Feature", "geometry": {"type": "Point", "coordinates": [-73.995486, 40.680379]}, "properties": {"system_code": "15K058", "location_code": "K058", "location_name": "P.S. 058 The Carroll", "grades": "PK,0K,01,02,03,04,05", "address": "330 SMITH STREET", "district": "15", "borough": "K", "status": "Open", "location_type": "General Academic", "category": "Elementary", "principal": "Katherine Dellostritto", "phone": "718-330-9322", "NTA_name": "Carroll Gardens-Columbia Street-Red Hook", "managed_by": "DOE"}}, {"type": "Feature", "geometry": {"type": "Point", "coordinates": [-73.943279, 40.697619]}, "properties": {"system_code": "14K059", "location_code": "K059", "location_name": "P.S. 059 William Floyd", "grades": "PK,0K,01,02,03,04,05", "address": "211 THROOP AVENUE", "district": "14", "borough": "K", "status": "Open", "location_type": "General Academic", "category": "Elementary", "principal": "Cherry ann Joseph Hislop", "phone": "718-443-3600", "NTA_name": "Stuyvesant Heights", "managed_by": "DOE"}}, {"type": "Feature", "geometry": {"type": "Point", "coordinates": [-73.878353, 40.686534]}, "properties": {"system_code": "19K065", "location_code": "K065", "location_name": "P.S. 065", "grades": "0K,01,02,03,04,05", "address": "696 JAMAICA AVENUE", "district": "19", "borough": "K", "status": "Open", "location_type": "General Academic", "category": "Elementary", "principal": "DAYSI GARCIA", "phone": "718-235-2223", "NTA_name": "Cypress Hills-City Line", "managed_by": "DOE"}}, {"type": "Feature", "geometry": {"type": "Point", "coordinates": [-73.907064, 40.648749]}, "properties": {"system_code": "18K066", "location_code": "K066", "location_name": "P.S. 66", "grades": "PK,0K,01,02,03,04,05,06,07,08", "address": "845 EAST \u00a096 STREET", "district": "18", "borough": "K", "status": "Open", "location_type": "General Academic", "category": "K-8", "principal": "Tameeka McNeil", "phone": "718-922-3505", "NTA_name": "Canarsie", "managed_by": "DOE"}}, {"type": "Feature", "geometry": {"type": "Point", "coordinates": [-73.977674, 40.695339]}, "properties": {"system_code": "13K067", "location_code": "K067", "location_name": "P.S. 067 Charles A. Dorsey", "grades": "PK,0K,01,02,03,04,05", "address": "51 SAINT EDWARDS STREET", "district": "13", "borough": "K", "status": "Open", "location_type": "General Academic", "category": "Elementary", "principal": "Kyesha Jackson", "phone": "718-834-6756", "NTA_name": "Fort Greene", "managed_by": "DOE"}}, {"type": "Feature", "geometry": {"type": "Point", "coordinates": [-74.009752, 40.632392]}, "properties": {"system_code": "20K069", "location_code": "K069", "location_name": "P.S. 69 Vincent D. Grippo School", "grades": "0K,01,02,03,04,05", "address": "6302 9TH AVENUE", "district": "20", "borough": "K", "status": "Open", "location_type": "General Academic", "category": "Elementary", "principal": "JAYNEMARIE CAPETANAKIS", "phone": "718-630-3899", "NTA_name": "Sunset Park East", "managed_by": "DOE"}}, {"type": "Feature", "geometry": {"type": "Point", "coordinates": [-74.009752, 40.632392]}, "properties": {"system_code": "20K069", "location_code": "K069", "location_name": "P.S. 69 Vincent D. Grippo School", "grades": "0K,01,02,03,04,05", "address": "6302 9TH AVENUE", "district": "20", "borough": "K", "status": "Open", "location_type": "General Academic", "category": "Elementary", "principal": "JAYNEMARIE CAPETANAKIS", "phone": "718-630-3899", "NTA_name": "Sunset Park East", "managed_by": "DOE"}}, {"type": "Feature", "geometry": {"type": "Point", "coordinates": [-73.879131, 40.669358]}, "properties": {"system_code": "19K072", "location_code": "K072", "location_name": "P.S./I.S. 072 Annette P Goldman", "grades": "PK,0K,01,02,03,04,05", "address": "605 SHEPHERD AVENUE", "district": "19", "borough": "K", "status": "Closed", "location_type": "General Academic", "category": "K-8", "principal": "Valena Welch Woodley", "phone": "718-345-4100", "NTA_name": "East New York", "managed_by": "DOE"}}, {"type": "Feature", "geometry": {"type": "Point", "coordinates": [-73.910719, 40.680679]}, "properties": {"system_code": "23K073", "location_code": "K073", "location_name": "P.S. 073 Thomas S. Boyland", "grades": "PK,0K,01,02,03,04,05,06,07,08", "address": "251 MCDOUGAL STREET", "district": "23", "borough": "K", "status": "Closed", "location_type": "General Academic", "category": "K-8", "principal": "Dellie Edwards", "phone": "718-573-0288", "NTA_name": "Ocean Hill", "managed_by": "DOE"}}, {"type": "Feature", "geometry": {"type": "Point", "coordinates": [-73.921336, 40.693261]}, "properties": {"system_code": "32K075", "location_code": "K075", "location_name": "P.S. 075 Mayda Cortiella", "grades": "PK,0K,01,02,03,04,05", "address": "95 GROVE STREET", "district": "32", "borough": "K", "status": "Open", "location_type": "General Academic", "category": "Elementary", "principal": "Yolanda Williams", "phone": "718-574-0244", "NTA_name": "Bushwick South", "managed_by": "DOE"}}, {"type": "Feature", "geometry": {"type": "Point", "coordinates": [-73.935123, 40.692866]}, "properties": {"system_code": "16K081", "location_code": "K081", "location_name": "P.S. 081 Thaddeus Stevens", "grades": "PK,0K,01,02,03,04,05", "address": "990 DEKALB AVENUE", "district": "16", "borough": "K", "status": "Open", "location_type": "General Academic", "category": "Elementary", "principal": "Latrace Finney", "phone": "718-574-2365", "NTA_name": "Stuyvesant Heights", "managed_by": "DOE"}}, {"type": "Feature", "geometry": {"type": "Point", "coordinates": [-73.963808, 40.715089]}, "properties": {"system_code": "14K084", "location_code": "K084", "location_name": "P.S. 084 Jose De Diego", "grades": "PK,0K,01,02,03,04,05,06,07,08", "address": "250 BERRY STREET", "district": "14", "borough": "K", "status": "Open", "location_type": "General Academic", "category": "K-8", "principal": "Sereida Rodriguez", "phone": "718-384-8063", "NTA_name": "North Side-South Side", "managed_by": "DOE"}}, {"type": "Feature", "geometry": {"type": "Point", "coordinates": [-73.917804, 40.700595]}, "properties": {"system_code": "32K086", "location_code": "K086", "location_name": "P.S. 086 The Irvington", "grades": "0K,01,02,03,04,05", "address": "220 IRVING AVENUE", "district": "32", "borough": "K", "status": "Open", "location_type": "General Academic", "category": "Elementary", "principal": "Tina Moschella Andre", "phone": "718-574-0252", "NTA_name": "Bushwick North", "managed_by": "DOE"}}, {"type": "Feature", "geometry": {"type": "Point", "coordinates": [-73.886712, 40.677707]}, "properties": {"system_code": "19K089", "location_code": "K089", "location_name": "P.S. 089 Cypress Hills", "grades": "0K,01,02,03,04,05,06,07,08", "address": "265 WARWICK STREET", "district": "19", "borough": "K", "status": "Open", "location_type": "General Academic", "category": "K-8", "principal": "IRENE LEON", "phone": "718-964-1180", "NTA_name": "East New York", "managed_by": "DOE"}}, {"type": "Feature", "geometry": {"type": "Point", "coordinates": [-73.980387, 40.578192]}, "properties": {"system_code": "21K090", "location_code": "K090", "location_name": "P.S. 90 Edna Cohen School", "grades": "PK,0K,01,02,03,04,05", "address": "2840 WEST \u00a012 STREET", "district": "21", "borough": "K", "status": "Open", "location_type": "General Academic", "category": "Elementary", "principal": "GRETA HAWKINS", "phone": "718-787-3333", "NTA_name": "West Brighton", "managed_by": "DOE"}}, {"type": "Feature", "geometry": {"type": "Point", "coordinates": [-73.940707, 40.661806]}, "properties": {"system_code": "17K091", "location_code": "K091", "location_name": "P.S. 091 The Albany Avenue School", "grades": "PK,0K,01,02,03,04,05,SE", "address": "532 ALBANY AVENUE", "district": "17", "borough": "K", "status": "Open", "location_type": "General Academic", "category": "Elementary", "principal": "Tessa Alleyne", "phone": "718-756-0243", "NTA_name": "Prospect Lefferts Gardens-Wingate", "managed_by": "DOE"}}, {"type": "Feature", "geometry": {"type": "Point", "coordinates": [-73.95381, 40.656276]}, "properties": {"system_code": "17K092", "location_code": "K092", "location_name": "P.S. 092 Adrian Hegeman", "grades": "PK,0K,01,02,03,04,05", "address": "601 PARKSIDE AVENUE", "district": "17", "borough": "K", "status": "Open", "location_type": "General Academic", "category": "Elementary", "principal": "John Samerson", "phone": "718-462-2087", "NTA_name": "Prospect Lefferts Gardens-Wingate", "managed_by": "DOE"}}, {"type": "Feature", "geometry": {"type": "Point", "coordinates": [-73.946381, 40.679079]}, "properties": {"system_code": "13K093", "location_code": "K093", "location_name": "P.S. 093 William H. Prescott", "grades": "PK,0K,01,02,03,04,05", "address": "31 NEW YORK AVENUE", "district": "13", "borough": "K", "status": "Open", "location_type": "General Academic", "category": "Elementary", "principal": "Janeice Bailey", "phone": "718-604-7363", "NTA_name": "Crown Heights North", "managed_by": "DOE"}}, {"type": "Feature", "geometry": {"type": "Point", "coordinates": [-74.008795, 40.64373]}, "properties": {"system_code": "15K094", "location_code": "K094", "location_name": "P.S. 094 The Henry Longfellow", "grades": "0K,01,02,03,04,05", "address": "5010 6 AVENUE", "district": "15", "borough": "K", "status": "Open", "location_type": "General Academic", "category": "Elementary", "principal": "CRISTINA GONZALEZ", "phone": "718-435-6034", "NTA_name": "Sunset Park East", "managed_by": "DOE"}}, {"type": "Feature", "geometry": {"type": "Point", "coordinates": [-73.974664, 40.595996]}, "properties": {"system_code": "21K095", "location_code": "K095", "location_name": "P.S. 095 The Gravesend", "grades": "PK,0K,01,02,03,04,05,06,07,08", "address": "345 VAN SICKLEN STREET", "district": "21", "borough": "K", "status": "Open", "location_type": "General Academic", "category": "K-8", "principal": "Janet Ndzibah", "phone": "718-449-5050", "NTA_name": "Gravesend", "managed_by": "DOE"}}, {"type": "Feature", "geometry": {"type": "Point", "coordinates": [-73.98557, 40.601191]}, "properties": {"system_code": "21K097", "location_code": "K097", "location_name": "P.S. 97 The Highlawn", "grades": "PK,0K,01,02,03,04,05", "address": "1855 STILLWELL AVENUE", "district": "21", "borough": "K", "status": "Open", "location_type": "General Academic", "category": "Elementary", "principal": "Irina Cabello", "phone": "718-627-7550", "NTA_name": "Bensonhurst East", "managed_by": "DOE"}}, {"type": "Feature", "geometry": {"type": "Point", "coordinates": [-73.966031, 40.621474]}, "properties": {"system_code": "21K099", "location_code": "K099", "location_name": "P.S. 099 Isaac Asimov", "grades": "PK,0K,01,02,03,04,05,06,07,08", "address": "1120 EAST \u00a010 STREET", "district": "21", "borough": "K", "status": "Open", "location_type": "General Academic", "category": "K-8", "principal": "GREGORY PIRRAGLIA", "phone": "718-338-9201", "NTA_name": "Ocean Parkway South", "managed_by": "DOE"}}, {"type": "Feature", "geometry": {"type": "Point", "coordinates": [-73.97083, 40.577591]}, "properties": {"system_code": "21K100", "location_code": "K100", "location_name": "P.S. 100 The Coney Island School", "grades": "PK,0K,01,02,03,04,05", "address": "2951 WEST \u00a03 STREET", "district": "21", "borough": "K", "status": "Open", "location_type": "General Academic", "category": "Elementary", "principal": "Chiara Spagnolo", "phone": "718-382-2760", "NTA_name": "West Brighton", "managed_by": "DOE"}}, {"type": "Feature", "geometry": {"type": "Point", "coordinates": [-73.991962, 40.597379]}, "properties": {"system_code": "21K101", "location_code": "K101", "location_name": "P.S. 101 The Verrazano", "grades": "PK,0K,01,02,03,04,05", "address": "2360 BENSON AVENUE", "district": "21", "borough": "K", "status": "Open", "location_type": "General Academic", "category": "Elementary", "principal": "GREGG KORROL", "phone": "718-372-0221", "NTA_name": "Bensonhurst East", "managed_by": "DOE"}}, {"type": "Feature", "geometry": {"type": "Point", "coordinates": [-74.028758, 40.634318]}, "properties": {"system_code": "20K102", "location_code": "K102", "location_name": "P.S. 102 The Bayview", "grades": "0K,01,02,03,04,05", "address": "211 72 STREET", "district": "20", "borough": "K", "status": "Open", "location_type": "General Academic", "category": "Elementary", "principal": "Cornelia Sichenze", "phone": "718-748-7404", "NTA_name": "Bay Ridge", "managed_by": "DOE"}}, {"type": "Feature", "geometry": {"type": "Point", "coordinates": [-74.028492, 40.618077]}, "properties": {"system_code": "20K104", "location_code": "K104", "location_name": "P.S./I.S. 104 The Fort Hamilton School", "grades": "0K,01,02,03,04,05,06,07,08", "address": "9115 5 AVENUE", "district": "20", "borough": "K", "status": "Open", "location_type": "General Academic", "category": "K-8", "principal": "MARIE DIBELLA", "phone": "718-836-4630", "NTA_name": "Bay Ridge", "managed_by": "DOE"}}, {"type": "Feature", "geometry": {"type": "Point", "coordinates": [-74.003635, 40.63332]}, "properties": {"system_code": "20K105", "location_code": "K105", "location_name": "P.S. 105 The Blythebourne", "grades": "PK,0K,01,02,03,04,05", "address": "1031 59 STREET", "district": "20", "borough": "K", "status": "Open", "location_type": "General Academic", "category": "Elementary", "principal": "JOHANNA CASTRONOVO", "phone": "718-438-3230", "NTA_name": "Borough Park", "managed_by": "DOE"}}, {"type": "Feature", "geometry": {"type": "Point", "coordinates": [-73.913378, 40.693318]}, "properties": {"system_code": "32K106", "location_code": "K106", "location_name": "P.S. 106 Edward Everett Hale", "grades": "PK,0K,01,02,03,04,05", "address": "1328 PUTNAM AVENUE", "district": "32", "borough": "K", "status": "Open", "location_type": "General Academic", "category": "Elementary", "principal": "Magaly Moncayo", "phone": "718-574-0261", "NTA_name": "Bushwick South", "managed_by": "DOE"}}, {"type": "Feature", "geometry": {"type": "Point", "coordinates": [-73.981181, 40.662945]}, "properties": {"system_code": "15K107", "location_code": "K107", "location_name": "P.S. 107 John W. Kimball", "grades": "0K,01,02,03,04,05", "address": "1301 8 AVENUE", "district": "15", "borough": "K", "status": "Open", "location_type": "General Academic", "category": "Elementary", "principal": "Eve Litwack", "phone": "718-499-2054", "NTA_name": "Park Slope-Gowanus", "managed_by": "DOE"}}, {"type": "Feature", "geometry": {"type": "Point", "coordinates": [-73.884348, 40.681295]}, "properties": {"system_code": "19K108", "location_code": "K108", "location_name": "P.S. 108 Sal Abbracciamento", "grades": "0K,01,02,03,04,05", "address": "200 LINWOOD STREET", "district": "19", "borough": "K", "status": "Open", "location_type": "General Academic", "category": "Elementary", "principal": "CONSTANCE HAHN", "phone": "718-277-7010", "NTA_name": "Cypress Hills-City Line", "managed_by": "DOE"}}, {"type": "Feature", "geometry": {"type": "Point", "coordinates": [-73.933099, 40.635842]}, "properties": {"system_code": "22K109", "location_code": "K109", "location_name": "P.S. 109", "grades": "0K,01,02,03,04,05,06,07,08", "address": "1001 EAST \u00a045 STREET", "district": "22", "borough": "K", "status": "Open", "location_type": "General Academic", "category": "K-8", "principal": "Kerdy Bertrand", "phone": "718-693-3426", "NTA_name": "East Flatbush-Farragut", "managed_by": "DOE"}}, {"type": "Feature", "geometry": {"type": "Point", "coordinates": [-73.933099, 40.635842]}, "properties": {"system_code": "22K109", "location_code": "K109", "location_name": "P.S. 109", "grades": "0K,01,02,03,04,05,06,07,08", "address": "1001 EAST \u00a045 STREET", "district": "22", "borough": "K", "status": "Open", "location_type": "General Academic", "category": "K-8", "principal": "Kerdy Bertrand", "phone": "718-693-3426", "NTA_name": "East Flatbush-Farragut", "managed_by": "DOE"}}, {"type": "Feature", "geometry": {"type": "Point", "coordinates": [-73.941926, 40.723743]}, "properties": {"system_code": "14K110", "location_code": "K110", "location_name": "P.S. 110 The Monitor", "grades": "PK,0K,01,02,03,04,05", "address": "124 MONITOR STREET", "district": "14", "borough": "K", "status": "Open", "location_type": "General Academic", "category": "Elementary", "principal": "ANNA CANO AMATO", "phone": "718-383-7600", "NTA_name": "Greenpoint", "managed_by": "DOE"}}, {"type": "Feature", "geometry": {"type": "Point", "coordinates": [-74.000565, 40.619417]}, "properties": {"system_code": "20K112", "location_code": "K112", "location_name": "P.S. 112 Lefferts Park", "grades": "0K,01,02,03,04,05", "address": "7115 15 AVENUE", "district": "20", "borough": "K", "status": "Open", "location_type": "General Academic", "category": "Elementary", "principal": "LOUISE ALFANO", "phone": "718-232-0685", "NTA_name": "Bensonhurst West", "managed_by": "DOE"}}, {"type": "Feature", "geometry": {"type": "Point", "coordinates": [-73.90788, 40.642684]}, "properties": {"system_code": "18K114", "location_code": "K114", "location_name": "P.S. 114 Ryder Elementary", "grades": "PK,0K,01,02,03,04,05", "address": "1077 REMSEN AVENUE", "district": "18", "borough": "K", "status": "Open", "location_type": "General Academic", "category": "Elementary", "principal": "Latina Tention", "phone": "718-257-4428", "NTA_name": "Canarsie", "managed_by": "DOE"}}, {"type": "Feature", "geometry": {"type": "Point", "coordinates": [-73.897896, 40.634861]}, "properties": {"system_code": "18K115", "location_code": "K115", "location_name": "P.S. 115 Daniel Mucatel School", "grades": "PK,0K,01,02,03,04,05", "address": "1500 EAST \u00a092 STREET", "district": "18", "borough": "K", "status": "Open", "location_type": "General Academic", "category": "Elementary", "principal": "JONATHAN LEE", "phone": "718-241-1000", "NTA_name": "Canarsie", "managed_by": "DOE"}}, {"type": "Feature", "geometry": {"type": "Point", "coordinates": [-73.916563, 40.698077]}, "properties": {"system_code": "32K116", "location_code": "K116", "location_name": "P.S. 116 Elizabeth L Farrell", "grades": "0K,01,02,03,04,05", "address": "515 KNICKERBOCKER AVENUE", "district": "32", "borough": "K", "status": "Open", "location_type": "General Academic", "category": "Elementary", "principal": "Catherine Garzon", "phone": "718-821-4623", "NTA_name": "Bushwick North", "managed_by": "DOE"}}, {"type": "Feature", "geometry": {"type": "Point", "coordinates": [-73.987602, 40.671145]}, "properties": {"system_code": "15K118", "location_code": "K118", "location_name": "The Maurice Sendak Community School", "grades": "PK,0K,01,02,03,04,05", "address": "211 8TH STREET", "district": "15", "borough": "K", "status": "Open", "location_type": "General Academic", "category": "Elementary", "principal": "W ELIZABET GARRAWAY", "phone": "718-840-5660", "NTA_name": "Park Slope-Gowanus", "managed_by": "DOE"}}, {"type": "Feature", "geometry": {"type": "Point", "coordinates": [-73.938733, 40.626038]}, "properties": {"system_code": "22K119", "location_code": "K119", "location_name": "P.S. 119 Amersfort", "grades": "0K,01,02,03,04,05", "address": "3829 AVENUE K", "district": "22", "borough": "K", "status": "Open", "location_type": "General Academic", "category": "Elementary", "principal": "Denise Nopper", "phone": "718-377-7696", "NTA_name": "Flatlands", "managed_by": "DOE"}}, {"type": "Feature", "geometry": {"type": "Point", "coordinates": [-73.937888, 40.700819]}, "properties": {"system_code": "14K120", "location_code": "K120", "location_name": "P.S. 120 Carlos Tapia", "grades": "PK,0K,01,02,03,04,05", "address": "18 BEAVER STREET", "district": "14", "borough": "K", "status": "Open", "location_type": "General Academic", "category": "Elementary", "principal": "LIZABETH CARABALLO", "phone": "718-455-1000", "NTA_name": "Bushwick South", "managed_by": "DOE"}}, {"type": "Feature", "geometry": {"type": "Point", "coordinates": [-73.978472, 40.622671]}, "properties": {"system_code": "21K121", "location_code": "K121", "location_name": "P.S. 121 Nelson A. Rockefeller", "grades": "PK,0K,01,02,03,04,05,06,07,08", "address": "5301 20 AVENUE", "district": "21", "borough": "K", "status": "Open", "location_type": "General Academic", "category": "K-8", "principal": "Zakariah Haviland", "phone": "718-377-8845", "NTA_name": "Borough Park", "managed_by": "DOE"}}, {"type": "Feature", "geometry": {"type": "Point", "coordinates": [-73.922388, 40.704076]}, "properties": {"system_code": "32K123", "location_code": "K123", "location_name": "P.S. 123 Suydam", "grades": "0K,01,02,03,04,05", "address": "100 IRVING AVENUE", "district": "32", "borough": "K", "status": "Open", "location_type": "General Academic", "category": "Elementary", "principal": "Donna Marie Stalzer", "phone": "718-821-4810", "NTA_name": "Bushwick North", "managed_by": "DOE"}}, {"type": "Feature", "geometry": {"type": "Point", "coordinates": [-73.99062, 40.667464]}, "properties": {"system_code": "15K124", "location_code": "K124", "location_name": "P.S. 124 Silas B. Dutcher", "grades": "PK,0K,01,02,03,04,05", "address": "515 4 AVENUE", "district": "15", "borough": "K", "status": "Open", "location_type": "General Academic", "category": "Elementary", "principal": "Maria Interlandi", "phone": "718-788-0246", "NTA_name": "Park Slope-Gowanus", "managed_by": "DOE"}}, {"type": "Feature", "geometry": {"type": "Point", "coordinates": [-73.943279, 40.697619]}, "properties": {"system_code": "84K125", "location_code": "K125", "location_name": "Success Academy Charter School - Bed-Stuy 2", "grades": "0K,01,02,03,04", "address": "211 THROOP AVENUE", "district": "14", "borough": "K", "status": "Open", "location_type": "General Academic", "category": "Elementary", "principal": "Brittany Roberti", "phone": "718-704-1439", "NTA_name": "Stuyvesant Heights", "managed_by": "Charter"}}, {"type": "Feature", "geometry": {"type": "Point", "coordinates": [-74.018429, 40.623687]}, "properties": {"system_code": "20K127", "location_code": "K127", "location_name": "P.S. 127 Mckinley Park", "grades": "0K,01,02,03,04,05", "address": "7805 7 AVENUE", "district": "20", "borough": "K", "status": "Open", "location_type": "General Academic", "category": "Elementary", "principal": "Agatha Alicandro", "phone": "718-833-2323", "NTA_name": "Dyker Heights", "managed_by": "DOE"}}, {"type": "Feature", "geometry": {"type": "Point", "coordinates": [-73.995084, 40.60498]}, "properties": {"system_code": "21K128", "location_code": "K128", "location_name": "P.S. 128 Bensonhurst", "grades": "PK,0K,01,02,03,04,05", "address": "2075 84 STREET", "district": "21", "borough": "K", "status": "Open", "location_type": "General Academic", "category": "Elementary", "principal": "Jessica Drzewucki", "phone": "718-373-5900", "NTA_name": "Bensonhurst West", "managed_by": "DOE"}}, {"type": "Feature", "geometry": {"type": "Point", "coordinates": [-73.993293, 40.685006]}, "properties": {"system_code": "84K129", "location_code": "K129", "location_name": "Success Academy Charter School - Cobble Hill", "grades": "0K,01,02,03,04,05,06,07,08,09,10,11,12", "address": "284 BALTIC STREET", "district": "15", "borough": "K", "status": "Open", "location_type": "General Academic", "category": "K-8", "principal": "Kerri Tabarcea", "phone": "718-704-1460", "NTA_name": "DUMBO-Vinegar Hill-Downtown Brooklyn-Boerum Hill", "managed_by": "Charter"}}, {"type": "Feature", "geometry": {"type": "Point", "coordinates": [-73.976053, 40.648924]}, "properties": {"system_code": "15K130", "location_code": "K130", "location_name": "P.S. 130 The Parkside", "grades": "PK,0K,01,02,03,04,05", "address": "70 OCEAN PARKWAY", "district": "15", "borough": "K", "status": "Open", "location_type": "General Academic", "category": "Elementary", "principal": "MARIA NUNZIATA", "phone": "718-686-1940", "NTA_name": "Windsor Terrace", "managed_by": "DOE"}}, {"type": "Feature", "geometry": {"type": "Point", "coordinates": [-73.993247, 40.640728]}, "properties": {"system_code": "15K131", "location_code": "K131", "location_name": "P.S. 131 Brooklyn", "grades": "PK,0K,01,02,03,04,05", "address": "4305 FT HAMILTON PARKWAY", "district": "15", "borough": "K", "status": "Open", "location_type": "General Academic", "category": "Elementary", "principal": "STAMATINA HATZIMICHALIS", "phone": "718-431-1960", "NTA_name": "Borough Park", "managed_by": "DOE"}}, {"type": "Feature", "geometry": {"type": "Point", "coordinates": [-73.945663, 40.714772]}, "properties": {"system_code": "14K132", "location_code": "K132", "location_name": "P.S. 132 The Conselyea School", "grades": "PK,0K,01,02,03,04,05,SE", "address": "320 MANHATTAN AVENUE", "district": "14", "borough": "K", "status": "Open", "location_type": "General Academic", "category": "Elementary", "principal": "BETH LUBECK", "phone": "718-599-7301", "NTA_name": "East Williamsburg", "managed_by": "DOE"}}, {"type": "Feature", "geometry": {"type": "Point", "coordinates": [-73.980455, 40.679916]}, "properties": {"system_code": "13K133", "location_code": "K133", "location_name": "P.S. 133 William A. Butler", "grades": "PK,0K,01,02,03,04,05", "address": "610 BALTIC STREET", "district": "13", "borough": "K", "status": "Open", "location_type": "General Academic", "category": "Elementary", "principal": "HEATHER FOSTER MANN", "phone": "718-398-5320", "NTA_name": "Park Slope-Gowanus", "managed_by": "DOE"}}, {"type": "Feature", "geometry": {"type": "Point", "coordinates": [-73.97318, 40.632145]}, "properties": {"system_code": "22K134", "location_code": "K134", "location_name": "P.S. K134", "grades": "PK,0K,01,02,03,04,05", "address": "4001 18 AVENUE", "district": "22", "borough": "K", "status": "Open", "location_type": "General Academic", "category": "Elementary", "principal": "Sarah Gobin -Darrell", "phone": "718-436-7200", "NTA_name": "Flatbush", "managed_by": "DOE"}}, {"type": "Feature", "geometry": {"type": "Point", "coordinates": [-73.932949, 40.653093]}, "properties": {"system_code": "18K135", "location_code": "K135", "location_name": "P.S. 135 Sheldon A. Brookner", "grades": "PK,0K,01,02,03,04,05", "address": "684 LINDEN BOULEVARD", "district": "18", "borough": "K", "status": "Open", "location_type": "General Academic", "category": "Elementary", "principal": "Trevlyn Mcrae", "phone": "718-693-4363", "NTA_name": "East Flatbush-Farragut", "managed_by": "DOE"}}, {"type": "Feature", "geometry": {"type": "Point", "coordinates": [-73.916641, 40.682248]}, "properties": {"system_code": "23K137", "location_code": "K137", "location_name": "P.S./I.S. 137 Rachel Jean Mitchell", "grades": "PK,0K,01,02,03,04,05", "address": "121 SARATOGA AVENUE", "district": "23", "borough": "K", "status": "Open", "location_type": "General Academic", "category": "Elementary", "principal": "Suzette Rose", "phone": "718-453-2926", "NTA_name": "Ocean Hill", "managed_by": "DOE"}}, {"type": "Feature", "geometry": {"type": "Point", "coordinates": [-73.951559, 40.673943]}, "properties": {"system_code": "17K138", "location_code": "K138", "location_name": "P.S. 138 Brooklyn", "grades": "PK,0K,01,02,03,04,05,06,07,08", "address": "760 PROSPECT PLACE", "district": "17", "borough": "K", "status": "Open", "location_type": "General Academic", "category": "K-8", "principal": "MARIE CHAUVET MONCHIK", "phone": "718-467-0800", "NTA_name": "Crown Heights North", "managed_by": "DOE"}}, {"type": "Feature", "geometry": {"type": "Point", "coordinates": [-73.951559, 40.673943]}, "properties": {"system_code": "17K138", "location_code": "K138", "location_name": "P.S. 138 Brooklyn", "grades": "PK,0K,01,02,03,04,05,06,07,08", "address": "760 PROSPECT PLACE", "district": "17", "borough": "K", "status": "Open", "location_type": "General Academic", "category": "K-8", "principal": "MARIE CHAUVET MONCHIK", "phone": "718-467-0800", "NTA_name": "Crown Heights North", "managed_by": "DOE"}}, {"type": "Feature", "geometry": {"type": "Point", "coordinates": [-73.965862, 40.64134]}, "properties": {"system_code": "22K139", "location_code": "K139", "location_name": "P.S. 139 Alexine A. Fenty", "grades": "PK,0K,01,02,03,04,05", "address": "330 RUGBY ROAD", "district": "22", "borough": "K", "status": "Open", "location_type": "General Academic", "category": "Elementary", "principal": "MARY MCDONALD", "phone": "718-282-5254", "NTA_name": "Flatbush", "managed_by": "DOE"}}, {"type": "Feature", "geometry": {"type": "Point", "coordinates": [-73.9456, 40.68192]}, "properties": {"system_code": "75K140", "location_code": "K140", "location_name": "P.S. K140", "grades": "0K,01,02,03,04,05,06,07,08,SE", "address": "141 MACON STREET", "district": "13", "borough": "K", "status": "Open", "location_type": "Special Education", "category": "K-8", "principal": "RODERICK PALTON", "phone": "718-783-4842", "NTA_name": "Bedford", "managed_by": "DOE"}}, {"type": "Feature", "geometry": {"type": "Point", "coordinates": [-73.932388, 40.701107]}, "properties": {"system_code": "32K145", "location_code": "K145", "location_name": "P.S. 145 Andrew Jackson", "grades": "PK,0K,01,02,03,04,05", "address": "100 NOLL STREET", "district": "32", "borough": "K", "status": "Open", "location_type": "General Academic", "category": "Elementary", "principal": "Linda Malloy", "phone": "718-821-4823", "NTA_name": "Bushwick South", "managed_by": "DOE"}}, {"type": "Feature", "geometry": {"type": "Point", "coordinates": [-74.002022, 40.679462]}, "properties": {"system_code": "15K146", "location_code": "K146", "location_name": "The Brooklyn New School, P.S. 146", "grades": "PK,0K,01,02,03,04,05", "address": "610 HENRY STREET", "district": "15", "borough": "K", "status": "Open", "location_type": "General Academic", "category": "Elementary", "principal": "ANNA ALLANBROOK", "phone": "718-923-4750", "NTA_name": "Carroll Gardens-Columbia Street-Red Hook", "managed_by": "DOE"}}, {"type": "Feature", "geometry": {"type": "Point", "coordinates": [-73.93879, 40.705005]}, "properties": {"system_code": "14K147", "location_code": "K147", "location_name": "P.S. 147 Isaac Remsen", "grades": "PK,0K,01,02,03,04,05", "address": "325 BUSHWICK AVENUE", "district": "14", "borough": "K", "status": "Open", "location_type": "General Academic", "category": "Elementary", "principal": "Sandra Noyola", "phone": "718-497-0326", "NTA_name": "Bushwick South", "managed_by": "DOE"}}, {"type": "Feature", "geometry": {"type": "Point", "coordinates": [-73.89276, 40.669361]}, "properties": {"system_code": "19K149", "location_code": "K149", "location_name": "P.S. 149 Danny Kaye", "grades": "PK,0K,01,02,03,04,05", "address": "700 SUTTER AVENUE", "district": "19", "borough": "K", "status": "Open", "location_type": "General Academic", "category": "Elementary", "principal": "YVETTE DONALD", "phone": "718-688-7620", "NTA_name": "East New York (Pennsylvania Ave)", "managed_by": "DOE"}}, {"type": "Feature", "geometry": {"type": "Point", "coordinates": [-73.90514, 40.668768]}, "properties": {"system_code": "23K150", "location_code": "K150", "location_name": "P.S. 150 Christopher", "grades": "0K,01,02,03,04,05,SE", "address": "364 SACKMAN STREET", "district": "23", "borough": "K", "status": "Open", "location_type": "General Academic", "category": "Elementary", "principal": "TRACEY QUARLES", "phone": "718-495-7746", "NTA_name": "Brownsville", "managed_by": "DOE"}}, {"type": "Feature", "geometry": {"type": "Point", "coordinates": [-73.908242, 40.693432]}, "properties": {"system_code": "32K151", "location_code": "K151", "location_name": "P.S. 151 Lyndon B. Johnson", "grades": "PK,0K,01,02,03,04,05", "address": "763 KNICKERBOCKER AVENUE", "district": "32", "borough": "K", "status": "Open", "location_type": "General Academic", "category": "Elementary", "principal": "JAYNE HUNT", "phone": "718-326-6360", "NTA_name": "Bushwick North", "managed_by": "DOE"}}, {"type": "Feature", "geometry": {"type": "Point", "coordinates": [-73.954269, 40.632619]}, "properties": {"system_code": "22K152", "location_code": "K152", "location_name": "School of Science & Technology", "grades": "PK,0K,01,02,03,04,05", "address": "725 EAST \u00a023 STREET", "district": "22", "borough": "K", "status": "Open", "location_type": "General Academic", "category": "Elementary", "principal": "Gina Smalley", "phone": "718-434-5222", "NTA_name": "Flatbush", "managed_by": "DOE"}}, {"type": "Feature", "geometry": {"type": "Point", "coordinates": [-73.954269, 40.632619]}, "properties": {"system_code": "22K152", "location_code": "K152", "location_name": "School of Science & Technology", "grades": "PK,0K,01,02,03,04,05", "address": "725 EAST \u00a023 STREET", "district": "22", "borough": "K", "status": "Open", "location_type": "General Academic", "category": "Elementary", "principal": "Gina Smalley", "phone": "718-434-5222", "NTA_name": "Flatbush", "managed_by": "DOE"}}, {"type": "Feature", "geometry": {"type": "Point", "coordinates": [-73.960027, 40.601179]}, "properties": {"system_code": "21K153", "location_code": "K153", "location_name": "P.S. 153 Homecrest", "grades": "PK,0K,01,02,03,04,05", "address": "1970 HOMECREST AVENUE", "district": "21", "borough": "K", "status": "Open", "location_type": "General Academic", "category": "Elementary", "principal": "CARL SANTA MARIA", "phone": "718-375-4484", "NTA_name": "Homecrest", "managed_by": "DOE"}}, {"type": "Feature", "geometry": {"type": "Point", "coordinates": [-73.975967, 40.657002]}, "properties": {"system_code": "15K154", "location_code": "K154", "location_name": "The Windsor Terrace School", "grades": "PK,0K,01,02,03,04,05", "address": "1625 11 AVENUE", "district": "15", "borough": "K", "status": "Open", "location_type": "General Academic", "category": "Elementary", "principal": "Jason Foreman", "phone": "718-768-0057", "NTA_name": "Windsor Terrace", "managed_by": "DOE"}}, {"type": "Feature", "geometry": {"type": "Point", "coordinates": [-73.908682, 40.677634]}, "properties": {"system_code": "23K155", "location_code": "K155", "location_name": "P.S./ I.S. 155 Nicholas Herkimer", "grades": "PK,0K,01,02,03,04,05,06,07,08", "address": "1355 HERKIMER STREET", "district": "23", "borough": "K", "status": "Open", "location_type": "General Academic", "category": "K-8", "principal": "MICHELLE MANNS", "phone": "718-240-4340", "NTA_name": "Ocean Hill", "managed_by": "DOE"}}, {"type": "Feature", "geometry": {"type": "Point", "coordinates": [-73.91788, 40.665553]}, "properties": {"system_code": "23K156", "location_code": "K156", "location_name": "P.S. 156 Waverly", "grades": "PK,0K,01,02,03,04,05", "address": "104 SUTTER AVENUE", "district": "23", "borough": "K", "status": "Open", "location_type": "General Academic", "category": "Elementary", "principal": "Naiyma Moore", "phone": "718-498-2811", "NTA_name": "Brownsville", "managed_by": "DOE"}}, {"type": "Feature", "geometry": {"type": "Point", "coordinates": [-73.959999, 40.695397]}, "properties": {"system_code": "14K157", "location_code": "K157", "location_name": "P.S./I.S. 157 The Benjamin Franklin Health & Scien", "grades": "PK,0K,01,02,03,04,05", "address": "850 KENT AVENUE", "district": "14", "borough": "K", "status": "Open", "location_type": "General Academic", "category": "K-8", "principal": "KOURTNEY BOYD", "phone": "718-622-9285", "NTA_name": "Bedford", "managed_by": "DOE"}}, {"type": "Feature", "geometry": {"type": "Point", "coordinates": [-73.885214, 40.67259]}, "properties": {"system_code": "19K158", "location_code": "K158", "location_name": "P.S. 158 Warwick", "grades": "PK,0K,01,02,03,04,05", "address": "400 ASHFORD STREET", "district": "19", "borough": "K", "status": "Open", "location_type": "General Academic", "category": "Elementary", "principal": "LATISHIA TOWLES", "phone": "718-277-6116", "NTA_name": "East New York", "managed_by": "DOE"}}, {"type": "Feature", "geometry": {"type": "Point", "coordinates": [-73.869705, 40.676111]}, "properties": {"system_code": "19K159", "location_code": "K159", "location_name": "P.S. 159 Isaac Pitkin", "grades": "0K,01,02,03,04,05", "address": "2781 PITKIN AVENUE", "district": "19", "borough": "K", "status": "Open", "location_type": "General Academic", "category": "Elementary", "principal": "MONICA DUNCAN", "phone": "718-277-4828", "NTA_name": "East New York", "managed_by": "DOE"}}, {"type": "Feature", "geometry": {"type": "Point", "coordinates": [-73.999045, 40.636932]}, "properties": {"system_code": "20K160", "location_code": "K160", "location_name": "P.S. 160 William T. Sampson", "grades": "PK,0K,01,02,03,04,05", "address": "5105 Fort Hamilton Parkway", "district": "20", "borough": "K", "status": "Open", "location_type": "General Academic", "category": "Elementary", "principal": "MARGARET RUSSO", "phone": "718-438-0337", "NTA_name": "Borough Park", "managed_by": "DOE"}}, {"type": "Feature", "geometry": {"type": "Point", "coordinates": [-73.949243, 40.665757]}, "properties": {"system_code": "17K161", "location_code": "K161", "location_name": "P.S. 161 The Crown", "grades": "0K,01,02,03,04,05", "address": "330 CROWN STREET", "district": "17", "borough": "K", "status": "Open", "location_type": "General Academic", "category": "Elementary", "principal": "Michael Johnson", "phone": "718-756-3100", "NTA_name": "Crown Heights South", "managed_by": "DOE"}}, {"type": "Feature", "geometry": {"type": "Point", "coordinates": [-74.007469, 40.606739]}, "properties": {"system_code": "20K163", "location_code": "K163", "location_name": "P.S. 163 Bath Beach", "grades": "PK,0K,01,02,03,04,05", "address": "109 BAY 14TH STREET", "district": "20", "borough": "K", "status": "Open", "location_type": "General Academic", "category": "K-8", "principal": "Jared Shapiro", "phone": "718-236-9003", "NTA_name": "Bath Beach", "managed_by": "DOE"}}, {"type": "Feature", "geometry": {"type": "Point", "coordinates": [-73.985739, 40.637101]}, "properties": {"system_code": "20K164", "location_code": "K164", "location_name": "P.S. 164 Caesar Rodney", "grades": "PK,0K,01,02,03,04,05", "address": "4211 14 AVENUE", "district": "20", "borough": "K", "status": "Open", "location_type": "General Academic", "category": "Elementary", "principal": "Erica Steinberg", "phone": "718-854-4100", "NTA_name": "Borough Park", "managed_by": "DOE"}}, {"type": "Feature", "geometry": {"type": "Point", "coordinates": [-73.910938, 40.657061]}, "properties": {"system_code": "23K165", "location_code": "K165", "location_name": "P.S. 165 Ida Posner", "grades": "PK,0K,01,02,03,04,05", "address": "76 LOTT AVENUE", "district": "23", "borough": "K", "status": "Open", "location_type": "General Academic", "category": "Elementary", "principal": "Jason Rivers", "phone": "718-495-7759", "NTA_name": "Brownsville", "managed_by": "DOE"}}, {"type": "Feature", "geometry": {"type": "Point", "coordinates": [-73.934316, 40.669557]}, "properties": {"system_code": "17K167", "location_code": "K167", "location_name": "P.S. 167 The Parkway", "grades": "PK,0K,01,02,03,04,05", "address": "1025 EASTERN PARKWAY", "district": "17", "borough": "K", "status": "Closed", "location_type": "General Academic", "category": "Elementary", "principal": "MARC MARDY", "phone": "718-774-2640", "NTA_name": "Crown Heights North", "managed_by": "DOE"}}, {"type": "Feature", "geometry": {"type": "Point", "coordinates": [-74.0017, 40.645825]}, "properties": {"system_code": "15K169", "location_code": "K169", "location_name": "P.S. 169 Sunset Park", "grades": "0K,01,02,03,04,05", "address": "4305 7 AVENUE", "district": "15", "borough": "K", "status": "Open", "location_type": "General Academic", "category": "Elementary", "principal": "Eujin Jaela Kim", "phone": "718-853-3224", "NTA_name": "Sunset Park East", "managed_by": "DOE"}}, {"type": "Feature", "geometry": {"type": "Point", "coordinates": [-74.018719, 40.630373]}, "properties": {"system_code": "20K170", "location_code": "K170", "location_name": "Ralph A. Fabrizio School", "grades": "0K,01,02,03,04,05", "address": "619 72ND STREET", "district": "20", "borough": "K", "status": "Open", "location_type": "General Academic", "category": "Elementary", "principal": "ZHEN WU", "phone": "718-491-8400", "NTA_name": "Bay Ridge", "managed_by": "DOE"}}, {"type": "Feature", "geometry": {"type": "Point", "coordinates": [-74.018719, 40.630373]}, "properties": {"system_code": "20K170", "location_code": "K170", "location_name": "Ralph A. Fabrizio School", "grades": "0K,01,02,03,04,05", "address": "619 72ND STREET", "district": "20", "borough": "K", "status": "Open", "location_type": "General Academic", "category": "Elementary", "principal": "ZHEN WU", "phone": "718-491-8400", "NTA_name": "Bay Ridge", "managed_by": "DOE"}}, {"type": "Feature", "geometry": {"type": "Point", "coordinates": [-74.000191, 40.657682]}, "properties": {"system_code": "15K172", "location_code": "K172", "location_name": "P.S. 172 Beacon School of Excellence", "grades": "PK,0K,01,02,03,04,05", "address": "825 4 AVENUE", "district": "15", "borough": "K", "status": "Open", "location_type": "General Academic", "category": "Elementary", "principal": "ERIKA GUNDERSEN", "phone": "718-965-4200", "NTA_name": "Sunset Park West", "managed_by": "DOE"}}, {"type": "Feature", "geometry": {"type": "Point", "coordinates": [-73.897604, 40.665446]}, "properties": {"system_code": "19K174", "location_code": "K174", "location_name": "P.S. 174 Dumont", "grades": "PK,0K,01,02,03,04,05,06,07,08", "address": "574 DUMONT AVENUE", "district": "19", "borough": "K", "status": "Closed", "location_type": "General Academic", "category": "K-8", "principal": "INGRID MASON", "phone": "718-345-1223", "NTA_name": "East New York (Pennsylvania Ave)", "managed_by": "DOE"}}, {"type": "Feature", "geometry": {"type": "Point", "coordinates": [-74.005205, 40.624835]}, "properties": {"system_code": "20K176", "location_code": "K176", "location_name": "P.S. 176 Ovington", "grades": "0K,01,02,03,04,05", "address": "1225 69 STREET", "district": "20", "borough": "K", "status": "Open", "location_type": "General Academic", "category": "Elementary", "principal": "ELIZABETH CULKIN", "phone": "718-236-7755", "NTA_name": "Dyker Heights", "managed_by": "DOE"}}, {"type": "Feature", "geometry": {"type": "Point", "coordinates": [-73.974425, 40.608169]}, "properties": {"system_code": "21K177", "location_code": "K177", "location_name": "P.S. 177 The Marlboro", "grades": "PK,0K,01,02,03,04,05", "address": "346 AVENUE P", "district": "21", "borough": "K", "status": "Open", "location_type": "General Academic", "category": "Elementary", "principal": "Ann marie Lettieri Baker", "phone": "718-375-9506", "NTA_name": "Bensonhurst East", "managed_by": "DOE"}}, {"type": "Feature", "geometry": {"type": "Point", "coordinates": [-73.915337, 40.67538]}, "properties": {"system_code": "23K178", "location_code": "K178", "location_name": "P.S. 178 Saint Clair Mckelway", "grades": "PK,0K,01,02,03,04,05,06,07,08", "address": "2163 DEAN STREET", "district": "23", "borough": "K", "status": "Open", "location_type": "General Academic", "category": "K-8", "principal": "Loren Cooper", "phone": "718-495-7768", "NTA_name": "Ocean Hill", "managed_by": "DOE"}}, {"type": "Feature", "geometry": {"type": "Point", "coordinates": [-73.97726, 40.640127]}, "properties": {"system_code": "20K179", "location_code": "K179", "location_name": "P.S. 179 Kensington", "grades": "PK,0K,01,02,03,04,05", "address": "202 AVENUE C", "district": "20", "borough": "K", "status": "Open", "location_type": "General Academic", "category": "Elementary", "principal": "BERNEL CONNELLY THOMAS", "phone": "718-438-4010", "NTA_name": "Kensington-Ocean Parkway", "managed_by": "DOE"}}, {"type": "Feature", "geometry": {"type": "Point", "coordinates": [-73.98925, 40.626454]}, "properties": {"system_code": "20K180", "location_code": "K180", "location_name": "The SEEALL Academy", "grades": "PK,0K,01,02,03,04,05,06,07,08", "address": "5601 16 AVENUE", "district": "20", "borough": "K", "status": "Open", "location_type": "General Academic", "category": "K-8", "principal": "GARY WILLIAMS", "phone": "718-851-8070", "NTA_name": "Borough Park", "managed_by": "DOE"}}, {"type": "Feature", "geometry": {"type": "Point", "coordinates": [-73.945883, 40.648217]}, "properties": {"system_code": "17K181", "location_code": "K181", "location_name": "P.S. 181 Brooklyn", "grades": "PK,0K,01,02,03,04,05,06,07,08", "address": "1023 NEW YORK AVENUE", "district": "17", "borough": "K", "status": "Open", "location_type": "General Academic", "category": "K-8", "principal": "Victor Esannason", "phone": "718-462-5298", "NTA_name": "East Flatbush-Farragut", "managed_by": "DOE"}}, {"type": "Feature", "geometry": {"type": "Point", "coordinates": [-73.960137, 40.711915]}, "properties": {"system_code": "84K182", "location_code": "K182", "location_name": "Success Academy Charter School - Williamsburg", "grades": "0K,01,02,03,04,05,06,07,08", "address": "183 SOUTH \u00a03 STREET", "district": "14", "borough": "K", "status": "Open", "location_type": "General Academic", "category": "Elementary", "principal": "Abigail Johnson", "phone": "718-704-1419", "NTA_name": "North Side-South Side", "managed_by": "Charter"}}, {"type": "Feature", "geometry": {"type": "Point", "coordinates": [-73.9139, 40.6602]}, "properties": {"system_code": "23K183", "location_code": "K183", "location_name": "P.S. 183 Daniel Chappie James", "grades": "0K,01,02,03,04,05,06,08", "address": "76 RIVERDALE AVENUE", "district": "23", "borough": "K", "status": "Closed", "location_type": "General Academic", "category": "K-8", "principal": "Andrea Whitehurst", "phone": "718-495-0952", "NTA_name": "Brownsville", "managed_by": "DOE"}}, {"type": "Feature", "geometry": {"type": "Point", "coordinates": [-73.905004, 40.660385]}, "properties": {"system_code": "23K184", "location_code": "K184", "location_name": "P.S. 184 Newport", "grades": "PK,0K,01,02,03,04,05,06,07,08,SE", "address": "273 NEWPORT STREET", "district": "23", "borough": "K", "status": "Open", "location_type": "General Academic", "category": "K-8", "principal": "LISA CALDWELL LINDER", "phone": "718-495-7776", "NTA_name": "Brownsville", "managed_by": "DOE"}}, {"type": "Feature", "geometry": {"type": "Point", "coordinates": [-74.033429, 40.623598]}, "properties": {"system_code": "20K185", "location_code": "K185", "location_name": "P.S. 185 Walter Kassenbrock", "grades": "0K,01,02,03,04,05", "address": "8601 RIDGE BOULEVARD", "district": "20", "borough": "K", "status": "Open", "location_type": "General Academic", "category": "Elementary", "principal": "Rena Goudelias", "phone": "718-745-6610", "NTA_name": "Bay Ridge", "managed_by": "DOE"}}, {"type": "Feature", "geometry": {"type": "Point", "coordinates": [-73.994258, 40.610917]}, "properties": {"system_code": "20K186", "location_code": "K186", "location_name": "P.S. 186 Dr. Irving A Gladstone", "grades": "PK,0K,01,02,03,04,05", "address": "7601 19 AVENUE", "district": "20", "borough": "K", "status": "Open", "location_type": "General Academic", "category": "Elementary", "principal": "BAYAN CADOTTE", "phone": "718-236-7071", "NTA_name": "Bensonhurst West", "managed_by": "DOE"}}, {"type": "Feature", "geometry": {"type": "Point", "coordinates": [-74.000489, 40.576733]}, "properties": {"system_code": "21K188", "location_code": "K188", "location_name": "P.S. 188 Michael E. Berdy", "grades": "PK,0K,01,02,03,04,05", "address": "3314 NEPTUNE AVENUE", "district": "21", "borough": "K", "status": "Open", "location_type": "General Academic", "category": "Elementary", "principal": "ANTOINETTE TUCCI", "phone": "718-265-7580", "NTA_name": "Seagate-Coney Island", "managed_by": "DOE"}}, {"type": "Feature", "geometry": {"type": "Point", "coordinates": [-73.925435, 40.665228]}, "properties": {"system_code": "17K189", "location_code": "K189", "location_name": "P.S. 189 The Bilingual Center", "grades": "0K,01,02,03,04,05,06,07,08", "address": "1100 EAST NEW YORK AVENUE", "district": "17", "borough": "K", "status": "Open", "location_type": "General Academic", "category": "K-8", "principal": "BERTHE FAUSTIN", "phone": "718-756-0210", "NTA_name": "Brownsville", "managed_by": "DOE"}}, {"type": "Feature", "geometry": {"type": "Point", "coordinates": [-73.894877, 40.662243]}, "properties": {"system_code": "19K190", "location_code": "K190", "location_name": "P.S. 190 Sheffield", "grades": "PK,0K,01,02,03,04,05", "address": "590 SHEFFIELD AVENUE", "district": "19", "borough": "K", "status": "Open", "location_type": "General Academic", "category": "Elementary", "principal": "STEPHAUN HILL", "phone": "718-346-8780", "NTA_name": "East New York (Pennsylvania Ave)", "managed_by": "DOE"}}, {"type": "Feature", "geometry": {"type": "Point", "coordinates": [-73.906018, 40.672216]}, "properties": {"system_code": "23K332", "location_code": "K332", "location_name": "P.S. 332 Charles H. Houston", "grades": "PK,0K,01,02,03,04,05,06,07,08", "address": "51 CHRISTOPHER AVENUE", "district": "23", "borough": "K", "status": "Closed", "location_type": "General Academic", "category": "K-8", "principal": "RONNIE NELSON", "phone": "718-495-7805", "NTA_name": "Brownsville", "managed_by": "DOE"}}, {"type": "Feature", "geometry": {"type": "Point", "coordinates": [-73.924127, 40.67173]}, "properties": {"system_code": "17K191", "location_code": "K191", "location_name": "P.S. 191 Paul Robeson", "grades": "PK,0K,01,02,03,04,05", "address": "1600 PARK PLACE", "district": "17", "borough": "K", "status": "Open", "location_type": "General Academic", "category": "Elementary", "principal": "HADAR GAHFI", "phone": "718-756-1206", "NTA_name": "Crown Heights North", "managed_by": "DOE"}}, {"type": "Feature", "geometry": {"type": "Point", "coordinates": [-73.97954, 40.6288]}, "properties": {"system_code": "20K192", "location_code": "K192", "location_name": "P.S. 192 - The Magnet School for Math and Science", "grades": "PK,0K,01,02,03,04,05,06,07,08", "address": "4715 18 AVENUE", "district": "20", "borough": "K", "status": "Open", "location_type": "General Academic", "category": "K-8", "principal": "LISET ISAAC", "phone": "718-633-3061", "NTA_name": "Borough Park", "managed_by": "DOE"}}, {"type": "Feature", "geometry": {"type": "Point", "coordinates": [-73.950321, 40.62208]}, "properties": {"system_code": "22K193", "location_code": "K193", "location_name": "P.S. 193 Gil Hodges", "grades": "PK,0K,01,02,03,04,05", "address": "2515 AVENUE L", "district": "22", "borough": "K", "status": "Open", "location_type": "General Academic", "category": "Elementary", "principal": "Sheila Phillip", "phone": "718-338-9011", "NTA_name": "Midwood", "managed_by": "DOE"}}, {"type": "Feature", "geometry": {"type": "Point", "coordinates": [-73.934163, 40.598069]}, "properties": {"system_code": "22K194", "location_code": "K194", "location_name": "P.S. 194 Raoul Wallenberg", "grades": "PK,0K,01,02,03,04,05", "address": "3117 AVENUE W", "district": "22", "borough": "K", "status": "Open", "location_type": "General Academic", "category": "Elementary", "principal": "Joy Mendelsohn", "phone": "718-648-8804", "NTA_name": "Sheepshead Bay-Gerritsen Beach-Manhattan Beach", "managed_by": "DOE"}}, {"type": "Feature", "geometry": {"type": "Point", "coordinates": [-73.943498, 40.580161]}, "properties": {"system_code": "22K195", "location_code": "K195", "location_name": "P.S. 195 Manhattan Beach", "grades": "PK,0K,01,02,03,04,05", "address": "131 IRWIN STREET", "district": "22", "borough": "K", "status": "Open", "location_type": "General Academic", "category": "Elementary", "principal": "Bernadette Toomey", "phone": "718-648-9102", "NTA_name": "Sheepshead Bay-Gerritsen Beach-Manhattan Beach", "managed_by": "DOE"}}, {"type": "Feature", "geometry": {"type": "Point", "coordinates": [-73.939385, 40.708804]}, "properties": {"system_code": "14K196", "location_code": "K196", "location_name": "P.S. 196 Ten Eyck", "grades": "PK,0K,01,02,03,04,05", "address": "207 BUSHWICK AVENUE", "district": "14", "borough": "K", "status": "Open", "location_type": "General Academic", "category": "Elementary", "principal": "JANINE SANTAROMITA", "phone": "718-497-0139", "NTA_name": "Bushwick South", "managed_by": "DOE"}}, {"type": "Feature", "geometry": {"type": "Point", "coordinates": [-73.951398, 40.612339]}, "properties": {"system_code": "22K197", "location_code": "K197", "location_name": "P.S. 197 - The Kings Highway Academy", "grades": "PK,0K,01,02,03,04,05", "address": "1599 EAST \u00a022 STREET", "district": "22", "borough": "K", "status": "Open", "location_type": "General Academic", "category": "Elementary", "principal": "ROSEMARIE NICOLETTI", "phone": "718-377-7890", "NTA_name": "Midwood", "managed_by": "DOE"}}, {"type": "Feature", "geometry": {"type": "Point", "coordinates": [-73.937083, 40.637601]}, "properties": {"system_code": "22K198", "location_code": "K198", "location_name": "P.S. 198 Brooklyn", "grades": "PK,0K,01,02,03,04,05", "address": "4105 FARRAGUT ROAD", "district": "22", "borough": "K", "status": "Open", "location_type": "General Academic", "category": "Elementary", "principal": "Joy ann Morgan", "phone": "718-282-4920", "NTA_name": "East Flatbush-Farragut", "managed_by": "DOE"}}, {"type": "Feature", "geometry": {"type": "Point", "coordinates": [-73.963026, 40.61631]}, "properties": {"system_code": "21K199", "location_code": "K199", "location_name": "P.S. 199 Frederick Wachtel", "grades": "PK,0K,01,02,03,04,05", "address": "1100 ELM AVENUE", "district": "21", "borough": "K", "status": "Open", "location_type": "General Academic", "category": "Elementary", "principal": "ROSALIA BACARELLA", "phone": "718-339-1422", "NTA_name": "Midwood", "managed_by": "DOE"}}, {"type": "Feature", "geometry": {"type": "Point", "coordinates": [-74.001915, 40.602809]}, "properties": {"system_code": "20K200", "location_code": "K200", "location_name": "P.S. 200 Benson School", "grades": "PK,0K,01,02,03,04,05", "address": "1940 BENSON AVENUE", "district": "20", "borough": "K", "status": "Open", "location_type": "General Academic", "category": "Elementary", "principal": "JAVIER MUNIZ", "phone": "718-236-5466", "NTA_name": "Bath Beach", "managed_by": "DOE"}}, {"type": "Feature", "geometry": {"type": "Point", "coordinates": [-73.876084, 40.665817]}, "properties": {"system_code": "19K202", "location_code": "K202", "location_name": "P.S. 202 Ernest S. Jenkyns", "grades": "0K,01,02,03,04,05", "address": "982 HEGEMAN AVENUE", "district": "19", "borough": "K", "status": "Open", "location_type": "General Academic", "category": "Elementary", "principal": "Ronald James Jr", "phone": "718-649-7880", "NTA_name": "East New York", "managed_by": "DOE"}}, {"type": "Feature", "geometry": {"type": "Point", "coordinates": [-73.925732, 40.622108]}, "properties": {"system_code": "22K203", "location_code": "K203", "location_name": "P.S. 203 Floyd Bennett School", "grades": "PK,0K,01,02,03,04,05", "address": "5101 AVENUE M", "district": "22", "borough": "K", "status": "Open", "location_type": "General Academic", "category": "Elementary", "principal": "Yocasta Dominguezmiller", "phone": "718-241-8488", "NTA_name": "Flatlands", "managed_by": "DOE"}}, {"type": "Feature", "geometry": {"type": "Point", "coordinates": [-74.006137, 40.613535]}, "properties": {"system_code": "20K204", "location_code": "K204", "location_name": "P.S. 204 Vince Lombardi", "grades": "PK,0K,01,02,03,04,05", "address": "8101 15 AVENUE", "district": "20", "borough": "K", "status": "Open", "location_type": "General Academic", "category": "Elementary", "principal": "Nancy Tomasuolo", "phone": "718-236-2906", "NTA_name": "Bensonhurst West", "managed_by": "DOE"}}, {"type": "Feature", "geometry": {"type": "Point", "coordinates": [-73.986792, 40.614737]}, "properties": {"system_code": "20K205", "location_code": "K205", "location_name": "P.S. 205 Clarion", "grades": "PK,0K,01,02,03,04,05", "address": "6701 20 AVENUE", "district": "20", "borough": "K", "status": "Open", "location_type": "General Academic", "category": "Elementary", "principal": "Feiga Mandel", "phone": "718-236-2380", "NTA_name": "Bensonhurst West", "managed_by": "DOE"}}, {"type": "Feature", "geometry": {"type": "Point", "coordinates": [-73.948453, 40.596876]}, "properties": {"system_code": "22K206", "location_code": "K206", "location_name": "P.S. 206 Joseph F Lamb", "grades": "PK,0K,01,02,03,04,05,06,07,08", "address": "2200 GRAVESEND NECK ROAD", "district": "22", "borough": "K", "status": "Open", "location_type": "General Academic", "category": "K-8", "principal": "Ellen Quigley", "phone": "718-743-5598", "NTA_name": "Sheepshead Bay-Gerritsen Beach-Manhattan Beach", "managed_by": "DOE"}}, {"type": "Feature", "geometry": {"type": "Point", "coordinates": [-73.930485, 40.613981]}, "properties": {"system_code": "22K207", "location_code": "K207", "location_name": "P.S. 207 Elizabeth G. Leary", "grades": "PK,0K,01,02,03,04,05,06,07,08", "address": "4011 FILLMORE AVENUE", "district": "22", "borough": "K", "status": "Open", "location_type": "General Academic", "category": "K-8", "principal": "Neil Mcneill", "phone": "718-645-8667", "NTA_name": "Georgetown-Marine Park-Bergen Beach-Mill Basin", "managed_by": "DOE"}}, {"type": "Feature", "geometry": {"type": "Point", "coordinates": [-73.930898, 40.6427]}, "properties": {"system_code": "18K208", "location_code": "K208", "location_name": "P.S. 208 Elsa Ebeling", "grades": "PK,0K,01,02,03,04,05", "address": "4801 AVENUE D", "district": "18", "borough": "K", "status": "Open", "location_type": "General Academic", "category": "Elementary", "principal": "Nakoley Renville", "phone": "718-629-1670", "NTA_name": "East Flatbush-Farragut", "managed_by": "DOE"}}, {"type": "Feature", "geometry": {"type": "Point", "coordinates": [-73.961191, 40.5868]}, "properties": {"system_code": "21K209", "location_code": "K209", "location_name": "P.S. 209 Margaret Mead", "grades": "PK,0K,01,02,03,04,05,06,07,08", "address": "2609 EAST \u00a07 STREET", "district": "21", "borough": "K", "status": "Open", "location_type": "General Academic", "category": "K-8", "principal": "FRANCES NOVELLALOCURCIO", "phone": "718-743-1954", "NTA_name": "Brighton Beach", "managed_by": "DOE"}}, {"type": "Feature", "geometry": {"type": "Point", "coordinates": [-73.985368, 40.587612]}, "properties": {"system_code": "21K212", "location_code": "K212", "location_name": "P.S. 212 Lady Deborah Moody", "grades": "PK,0K,01,02,03,04,05", "address": "87 BAY \u00a049 STREET", "district": "21", "borough": "K", "status": "Open", "location_type": "General Academic", "category": "Elementary", "principal": "Rina Horne", "phone": "718-266-4841", "NTA_name": "Gravesend", "managed_by": "DOE"}}, {"type": "Feature", "geometry": {"type": "Point", "coordinates": [-73.889968, 40.659845]}, "properties": {"system_code": "19K213", "location_code": "K213", "location_name": "P.S. 213 New Lots", "grades": "PK,0K,01,02,03,04,05", "address": "580 HEGEMAN AVENUE", "district": "19", "borough": "K", "status": "Open", "location_type": "General Academic", "category": "Elementary", "principal": "Stanley Moise", "phone": "718-257-4034", "NTA_name": "East New York", "managed_by": "DOE"}}, {"type": "Feature", "geometry": {"type": "Point", "coordinates": [-73.862961, 40.675881]}, "properties": {"system_code": "19K214", "location_code": "K214", "location_name": "P.S. 214 Michael Friedsam", "grades": "PK,0K,01,02,03,04,05", "address": "2944 PITKIN AVENUE", "district": "19", "borough": "K", "status": "Open", "location_type": "General Academic", "category": "Elementary", "principal": "Sharon Mahabir", "phone": "718-647-1740", "NTA_name": "Cypress Hills-City Line", "managed_by": "DOE"}}, {"type": "Feature", "geometry": {"type": "Point", "coordinates": [-73.970171, 40.602722]}, "properties": {"system_code": "21K215", "location_code": "K215", "location_name": "P.S. 215 Morris H. Weiss", "grades": "PK,0K,01,02,03,04,05", "address": "415 AVENUE S", "district": "21", "borough": "K", "status": "Open", "location_type": "General Academic", "category": "Elementary", "principal": "ANTONELLA BOVE", "phone": "718-339-2464", "NTA_name": "Homecrest", "managed_by": "DOE"}}, {"type": "Feature", "geometry": {"type": "Point", "coordinates": [-73.969647, 40.59]}, "properties": {"system_code": "21K216", "location_code": "K216", "location_name": "P.S. 216 Arturo Toscanini", "grades": "PK,0K,01,02,03,04,05", "address": "350 AVENUE X", "district": "21", "borough": "K", "status": "Open", "location_type": "General Academic", "category": "Elementary", "principal": "Donna Neglia", "phone": "718-645-2862", "NTA_name": "Gravesend", "managed_by": "DOE"}}, {"type": "Feature", "geometry": {"type": "Point", "coordinates": [-73.966442, 40.633482]}, "properties": {"system_code": "22K217", "location_code": "K217", "location_name": "P.S. 217 Colonel David Marcus School", "grades": "PK,0K,01,02,03,04,05", "address": "1100 NEWKIRK AVENUE", "district": "22", "borough": "K", "status": "Open", "location_type": "General Academic", "category": "Elementary", "principal": "Robert Bonilla", "phone": "718-434-6960", "NTA_name": "Flatbush", "managed_by": "DOE"}}, {"type": "Feature", "geometry": {"type": "Point", "coordinates": [-73.922296, 40.658834]}, "properties": {"system_code": "18K219", "location_code": "K219", "location_name": "P.S. 219 Kennedy-King", "grades": "PK,0K,01,02,03,04,05", "address": "1060 CLARKSON AVENUE", "district": "18", "borough": "K", "status": "Open", "location_type": "General Academic", "category": "Elementary", "principal": "WINSOME SMITH", "phone": "929-397-9566", "NTA_name": "Rugby-Remsen Village", "managed_by": "DOE"}}, {"type": "Feature", "geometry": {"type": "Point", "coordinates": [-73.935753, 40.663964]}, "properties": {"system_code": "17K221", "location_code": "K221", "location_name": "P.S. 221 Toussaint L'Ouverture", "grades": "PK,0K,01,02,03,04,05", "address": "791 EMPIRE BOULEVARD", "district": "17", "borough": "K", "status": "Open", "location_type": "General Academic", "category": "Elementary", "principal": "Florentine Ulysse", "phone": "718-756-0122", "NTA_name": "Crown Heights South", "managed_by": "DOE"}}, {"type": "Feature", "geometry": {"type": "Point", "coordinates": [-73.939205, 40.614005]}, "properties": {"system_code": "22K222", "location_code": "K222", "location_name": "P.S. 222 Katherine R. Snyder", "grades": "PK,0K,01,02,03,04,05", "address": "3301 QUENTIN ROAD", "district": "22", "borough": "K", "status": "Open", "location_type": "General Academic", "category": "Elementary", "principal": "Theresa Olivieri", "phone": "718-998-4298", "NTA_name": "Georgetown-Marine Park-Bergen Beach-Mill Basin", "managed_by": "DOE"}}, {"type": "Feature", "geometry": {"type": "Point", "coordinates": [-73.866542, 40.664143]}, "properties": {"system_code": "19K224", "location_code": "K224", "location_name": "P.S. 224 Hale A. Woodruff", "grades": "PK,0K,01,02,03,04,05", "address": "757 WORTMAN AVENUE", "district": "19", "borough": "K", "status": "Open", "location_type": "General Academic", "category": "Elementary", "principal": "Rochelle Hinds", "phone": "718-235-3600", "NTA_name": "East New York", "managed_by": "DOE"}}, {"type": "Feature", "geometry": {"type": "Point", "coordinates": [-73.955856, 40.58026]}, "properties": {"system_code": "21K225", "location_code": "K225", "location_name": "P.S. K225 - The Eileen E. Zaglin", "grades": "PK,0K,01,02,03,04,05,06,07,08", "address": "1075 OCEAN VIEW AVENUE", "district": "21", "borough": "K", "status": "Open", "location_type": "General Academic", "category": "K-8", "principal": "Michael Cosmai", "phone": "718-743-9793", "NTA_name": "Brighton Beach", "managed_by": "DOE"}}, {"type": "Feature", "geometry": {"type": "Point", "coordinates": [-73.977099, 40.615405]}, "properties": {"system_code": "21K226", "location_code": "K226", "location_name": "P.S. 226 Alfred De B. Mason", "grades": "PK,0K,01,02,03,04,05,06,07,08", "address": "6006 23 AVENUE", "district": "21", "borough": "K", "status": "Open", "location_type": "General Academic", "category": "K-8", "principal": "Evan Klein", "phone": "718-234-4940", "NTA_name": "Borough Park", "managed_by": "DOE"}}, {"type": "Feature", "geometry": {"type": "Point", "coordinates": [-74.013585, 40.610331]}, "properties": {"system_code": "20K229", "location_code": "K229", "location_name": "P.S. 229 Dyker", "grades": "0K,01,02,03,04,05,06,07,08", "address": "1400 BENSON AVENUE", "district": "20", "borough": "K", "status": "Open", "location_type": "General Academic", "category": "K-8", "principal": "William Kirk", "phone": "718-236-5447", "NTA_name": "Bath Beach", "managed_by": "DOE"}}, {"type": "Feature", "geometry": {"type": "Point", "coordinates": [-73.980515, 40.645609]}, "properties": {"system_code": "15K230", "location_code": "K230", "location_name": "P.S. 230 Doris L. Cohen", "grades": "PK,0K,01,02,03,04,05", "address": "1 ALBEMARLE ROAD", "district": "15", "borough": "K", "status": "Open", "location_type": "General Academic", "category": "Elementary", "principal": "Maria Della Ragione", "phone": "718-437-6135", "NTA_name": "Kensington-Ocean Parkway", "managed_by": "DOE"}}, {"type": "Feature", "geometry": {"type": "Point", "coordinates": [-73.98925, 40.626454]}, "properties": {"system_code": "75K231", "location_code": "K231", "location_name": "P.S. K231", "grades": "01,02,03,04,05,06,07,08,09,SE", "address": "5601 16 AVENUE", "district": "20", "borough": "K", "status": "Open", "location_type": "Special Education", "category": "K-8", "principal": "ELIZABETH RUEDA MATTOCK", "phone": "718-853-1884", "NTA_name": "Borough Park", "managed_by": "DOE"}}, {"type": "Feature", "geometry": {"type": "Point", "coordinates": [-73.914282, 40.651642]}, "properties": {"system_code": "18K233", "location_code": "K233", "location_name": "P.S. 233 Langston Hughes", "grades": "PK,0K,01,02,03,04,05", "address": "9301 AVENUE B", "district": "18", "borough": "K", "status": "Open", "location_type": "General Academic", "category": "Elementary", "principal": "DENEAN STEPHENS", "phone": "718-346-8103", "NTA_name": "Rugby-Remsen Village", "managed_by": "DOE"}}, {"type": "Feature", "geometry": {"type": "Point", "coordinates": [-73.940922, 40.655337]}, "properties": {"system_code": "18K235", "location_code": "K235", "location_name": "P.S. 235 Janice Marie Knight School", "grades": "PK,0K,01,02,03,04,05,06,07,08", "address": "525 LENOX ROAD", "district": "18", "borough": "K", "status": "Open", "location_type": "General Academic", "category": "K-8", "principal": "Laurence Lord", "phone": "718-773-4869", "NTA_name": "East Flatbush-Farragut", "managed_by": "DOE"}}, {"type": "Feature", "geometry": {"type": "Point", "coordinates": [-73.912005, 40.615494]}, "properties": {"system_code": "22K236", "location_code": "K236", "location_name": "P.S. 236 Mill Basin", "grades": "PK,0K,01,02,03,04,05", "address": "6302 AVENUE U", "district": "22", "borough": "K", "status": "Open", "location_type": "General Academic", "category": "Elementary", "principal": "Salil Paingankar", "phone": "718-444-6969", "NTA_name": "Georgetown-Marine Park-Bergen Beach-Mill Basin", "managed_by": "DOE"}}, {"type": "Feature", "geometry": {"type": "Point", "coordinates": [-73.964586, 40.608801]}, "properties": {"system_code": "21K238", "location_code": "K238", "location_name": "P.S. 238 Anne Sullivan", "grades": "PK,0K,01,02,03,04,05,06,07,08", "address": "1633 EAST \u00a08 STREET", "district": "21", "borough": "K", "status": "Open", "location_type": "General Academic", "category": "K-8", "principal": "HARLA JOY MUSOFF WEISS", "phone": "718-339-4355", "NTA_name": "Homecrest", "managed_by": "DOE"}}, {"type": "Feature", "geometry": {"type": "Point", "coordinates": [-73.960924, 40.668913]}, "properties": {"system_code": "17K241", "location_code": "K241", "location_name": "P.S. 241 Emma L. Johnston", "grades": "PK,0K,01,02,03,04,05", "address": "976 PRESIDENT STREET", "district": "17", "borough": "K", "status": "Open", "location_type": "General Academic", "category": "Elementary", "principal": "Frantz Lucius", "phone": "718-636-4725", "NTA_name": "Crown Heights South", "managed_by": "DOE"}}, {"type": "Feature", "geometry": {"type": "Point", "coordinates": [-73.935093, 40.675675]}, "properties": {"system_code": "16K243", "location_code": "K243", "location_name": "P.S. 243K- The Weeksville School", "grades": "PK,0K,01,02,03,04,05", "address": "1580 DEAN STREET", "district": "16", "borough": "K", "status": "Open", "location_type": "General Academic", "category": "Elementary", "principal": "KAREN HAMBRIGHT-GLOVE", "phone": "718-604-6909", "NTA_name": "Crown Heights North", "managed_by": "DOE"}}, {"type": "Feature", "geometry": {"type": "Point", "coordinates": [-73.925592, 40.647851]}, "properties": {"system_code": "18K244", "location_code": "K244", "location_name": "P.S. 244 Richard R. Green", "grades": "PK,0K,01,02,03,04,05", "address": "5404 TILDEN AVENUE", "district": "18", "borough": "K", "status": "Open", "location_type": "General Academic", "category": "Elementary", "principal": "Deon Edwards", "phone": "718-346-6240", "NTA_name": "Rugby-Remsen Village", "managed_by": "DOE"}}, {"type": "Feature", "geometry": {"type": "Point", "coordinates": [-73.962743, 40.644927]}, "properties": {"system_code": "22K245", "location_code": "K245", "location_name": "P.S. 245", "grades": "PK,0K,01,02,03,04,05", "address": "249 EAST 17TH STREET", "district": "22", "borough": "K", "status": "Open", "location_type": "General Academic", "category": "Elementary", "principal": "Erica Williams", "phone": "718-284-2330", "NTA_name": "Flatbush", "managed_by": "DOE"}}, {"type": "Feature", "geometry": {"type": "Point", "coordinates": [-73.987195, 40.612247]}, "properties": {"system_code": "20K247", "location_code": "K247", "location_name": "P.S. 247 Brooklyn", "grades": "PK,0K,01,02,03,04,05", "address": "7000 21 AVENUE", "district": "20", "borough": "K", "status": "Open", "location_type": "General Academic", "category": "Elementary", "principal": "CHRISTOPHE OGNO", "phone": "718-236-4205", "NTA_name": "Bensonhurst West", "managed_by": "DOE"}}, {"type": "Feature", "geometry": {"type": "Point", "coordinates": [-73.966456, 40.649509]}, "properties": {"system_code": "17K249", "location_code": "K249", "location_name": "P.S. 249 The Caton", "grades": "PK,0K,01,02,03,04,05", "address": "18 MARLBOROUGH ROAD", "district": "17", "borough": "K", "status": "Open", "location_type": "General Academic", "category": "Elementary", "principal": "ELISA BROWN", "phone": "718-282-8828", "NTA_name": "Flatbush", "managed_by": "DOE"}}, {"type": "Feature", "geometry": {"type": "Point", "coordinates": [-73.945659, 40.706708]}, "properties": {"system_code": "14K250", "location_code": "K250", "location_name": "P.S. 250 George H. Lindsay", "grades": "PK,0K,01,02,03,04,05", "address": "108 MONTROSE AVENUE", "district": "14", "borough": "K", "status": "Open", "location_type": "General Academic", "category": "Elementary", "principal": "Roseann Lacioppa", "phone": "718-384-0889", "NTA_name": "East Williamsburg", "managed_by": "DOE"}}, {"type": "Feature", "geometry": {"type": "Point", "coordinates": [-73.923894, 40.63195]}, "properties": {"system_code": "22K251", "location_code": "K251", "location_name": "P.S. 251 Paerdegat", "grades": "PK,0K,01,02,03,04,05", "address": "1037 EAST \u00a054 STREET", "district": "22", "borough": "K", "status": "Open", "location_type": "General Academic", "category": "Elementary", "principal": "Sheldon Noel", "phone": "718-251-4110", "NTA_name": "Flatlands", "managed_by": "DOE"}}, {"type": "Feature", "geometry": {"type": "Point", "coordinates": [-73.961962, 40.580237]}, "properties": {"system_code": "21K253", "location_code": "K253", "location_name": "P.S. 253", "grades": "PK,0K,01,02,03,04,05", "address": "601 OCEANVIEW AVENUE", "district": "21", "borough": "K", "status": "Open", "location_type": "General Academic", "category": "Elementary", "principal": "LISA DITILLO SPERONI", "phone": "718-332-3331", "NTA_name": "Brighton Beach", "managed_by": "DOE"}}, {"type": "Feature", "geometry": {"type": "Point", "coordinates": [-73.95155, 40.591103]}, "properties": {"system_code": "22K254", "location_code": "K254", "location_name": "P.S. 254 Dag Hammarskjold", "grades": "PK,0K,01,02,03,04,05", "address": "1801 AVENUE Y", "district": "22", "borough": "K", "status": "Open", "location_type": "General Academic", "category": "Elementary", "principal": "John Norton", "phone": "718-743-0890", "NTA_name": "Sheepshead Bay-Gerritsen Beach-Manhattan Beach", "managed_by": "DOE"}}, {"type": "Feature", "geometry": {"type": "Point", "coordinates": [-73.955891, 40.604461]}, "properties": {"system_code": "22K255", "location_code": "K255", "location_name": "P.S. 255 Barbara Reing School", "grades": "PK,0K,01,02,03,04,05", "address": "1866 EAST \u00a017 STREET", "district": "22", "borough": "K", "status": "Open", "location_type": "General Academic", "category": "Elementary", "principal": "Kelly McCann", "phone": "718-376-8494", "NTA_name": "Madison", "managed_by": "DOE"}}, {"type": "Feature", "geometry": {"type": "Point", "coordinates": [-73.94961, 40.690595]}, "properties": {"system_code": "13K256", "location_code": "K256", "location_name": "P.S. 256 Benjamin Banneker", "grades": "PK,0K,01,02,03,04,05", "address": "114 KOSCIUSZKO STREET", "district": "13", "borough": "K", "status": "Open", "location_type": "General Academic", "category": "Elementary", "principal": "SHARYN HEMPHILL", "phone": "718-857-9820", "NTA_name": "Bedford", "managed_by": "DOE"}}, {"type": "Feature", "geometry": {"type": "Point", "coordinates": [-73.941345, 40.702759]}, "properties": {"system_code": "14K257", "location_code": "K257", "location_name": "P.S. 257 John F. Hylan", "grades": "PK,0K,01,02,03,04,05", "address": "60 COOK STREET", "district": "14", "borough": "K", "status": "Open", "location_type": "General Academic", "category": "Elementary", "principal": "BRIAN DE VALE", "phone": "718-384-7128", "NTA_name": "East Williamsburg", "managed_by": "DOE"}}, {"type": "Feature", "geometry": {"type": "Point", "coordinates": [-73.893294, 40.653368]}, "properties": {"system_code": "19K260", "location_code": "K260", "location_name": "P.S. 260 Breuckelen", "grades": "PK,0K,01,02,03,04,05,06,SE", "address": "875 WILLIAMS AVENUE", "district": "19", "borough": "K", "status": "Closed", "location_type": "General Academic", "category": "Elementary", "principal": "Doreen Duff", "phone": "718-649-9216", "NTA_name": "Canarsie", "managed_by": "DOE"}}, {"type": "Feature", "geometry": {"type": "Point", "coordinates": [-73.988667, 40.687218]}, "properties": {"system_code": "15K261", "location_code": "K261", "location_name": "P.S. 261 Philip Livingston", "grades": "PK,0K,01,02,03,04,05", "address": "314 PACIFIC STREET", "district": "15", "borough": "K", "status": "Open", "location_type": "General Academic", "category": "Elementary", "principal": "Erica Davis", "phone": "718-330-9275", "NTA_name": "DUMBO-Vinegar Hill-Downtown Brooklyn-Boerum Hill", "managed_by": "DOE"}}, {"type": "Feature", "geometry": {"type": "Point", "coordinates": [-73.930132, 40.682949]}, "properties": {"system_code": "16K262", "location_code": "K262", "location_name": "P.S. 262 El Hajj Malik El Shabazz Elementary Schoo", "grades": "0K,01,02,03,04,05", "address": "500 MACON STREET", "district": "16", "borough": "K", "status": "Open", "location_type": "General Academic", "category": "Elementary", "principal": "JOELETHA FERGUSON", "phone": "718-453-0780", "NTA_name": "Crown Heights North", "managed_by": "DOE"}}, {"type": "Feature", "geometry": {"type": "Point", "coordinates": [-74.029444, 40.621025]}, "properties": {"system_code": "20K264", "location_code": "K264", "location_name": "P.S. 264 Bay Ridge Elementary School For The Arts", "grades": "0K,01,02,03,04,05", "address": "371 89th Street", "district": "20", "borough": "K", "status": "Open", "location_type": "General Academic", "category": "Elementary", "principal": "MARISA BOLOGNINO", "phone": "718-630-1650", "NTA_name": "Bay Ridge", "managed_by": "DOE"}}, {"type": "Feature", "geometry": {"type": "Point", "coordinates": [-73.92756, 40.657421]}, "properties": {"system_code": "18K268", "location_code": "K268", "location_name": "P.S. 268 Emma Lazarus", "grades": "PK,0K,01,02,03,04,05", "address": "133 EAST \u00a053 STREET", "district": "18", "borough": "K", "status": "Open", "location_type": "General Academic", "category": "Elementary", "principal": "Sylvia Fairclough", "phone": "718-773-5332", "NTA_name": "Rugby-Remsen Village", "managed_by": "DOE"}}, {"type": "Feature", "geometry": {"type": "Point", "coordinates": [-73.947672, 40.637625]}, "properties": {"system_code": "22K269", "location_code": "K269", "location_name": "P.S. 269 Nostrand", "grades": "03,04,05", "address": "1957 NOSTRAND AVENUE", "district": "22", "borough": "K", "status": "Closed", "location_type": "General Academic", "category": "Elementary", "principal": "Jazmine Santiago", "phone": "718-941-2800", "NTA_name": "Flatbush", "managed_by": "DOE"}}, {"type": "Feature", "geometry": {"type": "Point", "coordinates": [-73.961134, 40.691275]}, "properties": {"system_code": "13K270", "location_code": "K270", "location_name": "P.S. 270 Johann DeKalb", "grades": "PK,0K,01,02,03,04,05", "address": "241 EMERSON PLACE", "district": "13", "borough": "K", "status": "Open", "location_type": "General Academic", "category": "Elementary", "principal": "Alyssa Roye", "phone": "718-623-5280", "NTA_name": "Clinton Hill", "managed_by": "DOE"}}, {"type": "Feature", "geometry": {"type": "Point", "coordinates": [-73.886373, 40.635542]}, "properties": {"system_code": "18K272", "location_code": "K272", "location_name": "P.S. 272 Curtis Estabrook", "grades": "PK,0K,01,02,03,04,05", "address": "101-24 SEAVIEW AVENUE", "district": "18", "borough": "K", "status": "Open", "location_type": "General Academic", "category": "Elementary", "principal": "DAKOTA KEYES", "phone": "929-437-5000", "NTA_name": "Canarsie", "managed_by": "DOE"}}, {"type": "Feature", "geometry": {"type": "Point", "coordinates": [-73.879276, 40.6585]}, "properties": {"system_code": "19K273", "location_code": "K273", "location_name": "P.S. 273 Wortman", "grades": "0K,01,02,03,04,05", "address": "923 JEROME STREET", "district": "19", "borough": "K", "status": "Open", "location_type": "General Academic", "category": "Elementary", "principal": "MELESSA AVERY", "phone": "718-649-5739", "NTA_name": "East New York", "managed_by": "DOE"}}, {"type": "Feature", "geometry": {"type": "Point", "coordinates": [-73.92818, 40.694179]}, "properties": {"system_code": "32K274", "location_code": "K274", "location_name": "P.S. 274 Kosciusko", "grades": "PK,0K,01,02,03,04,05", "address": "800 BUSHWICK AVENUE", "district": "32", "borough": "K", "status": "Open", "location_type": "General Academic", "category": "Elementary", "principal": "MARITZA OLLIVIERRA JONE", "phone": "718-642-5300", "NTA_name": "Bushwick South", "managed_by": "DOE"}}, {"type": "Feature", "geometry": {"type": "Point", "coordinates": [-73.908436, 40.634005]}, "properties": {"system_code": "18K276", "location_code": "K276", "location_name": "P.S. 276 Louis Marshall", "grades": "PK,0K,01,02,03,04,05", "address": "1070 EAST \u00a083 STREET", "district": "18", "borough": "K", "status": "Open", "location_type": "General Academic", "category": "Elementary", "principal": "Yasmine Fidelia", "phone": "718-241-5757", "NTA_name": "Canarsie", "managed_by": "DOE"}}, {"type": "Feature", "geometry": {"type": "Point", "coordinates": [-73.92785, 40.595798]}, "properties": {"system_code": "22K277", "location_code": "K277", "location_name": "P.S. 277 Gerritsen Beach", "grades": "PK,0K,01,02,03,04,05", "address": "2529 GERRITSEN AVENUE", "district": "22", "borough": "K", "status": "Open", "location_type": "General Academic", "category": "Elementary", "principal": "Theresa Vlantis", "phone": "718-743-6689", "NTA_name": "park-cemetery-etc-Brooklyn", "managed_by": "DOE"}}, {"type": "Feature", "geometry": {"type": "Point", "coordinates": [-73.892797, 40.644134]}, "properties": {"system_code": "18K279", "location_code": "K279", "location_name": "P.S. 279 Herman Schreiber", "grades": "PK,0K,01,02,03,04,05", "address": "1070 EAST 104 STREET", "district": "18", "borough": "K", "status": "Open", "location_type": "General Academic", "category": "Elementary", "principal": "LORENZO CHAMBERS", "phone": "718-444-4316", "NTA_name": "Canarsie", "managed_by": "DOE"}}, {"type": "Feature", "geometry": {"type": "Point", "coordinates": [-73.977983, 40.676649]}, "properties": {"system_code": "13K282", "location_code": "K282", "location_name": "P.S. 282 Park Slope", "grades": "PK,0K,01,02,03,04,05,06,07,08,SE", "address": "180 6 AVENUE", "district": "13", "borough": "K", "status": "Open", "location_type": "General Academic", "category": "K-8", "principal": "Amy Rodriguez", "phone": "718-622-1626", "NTA_name": "Park Slope-Gowanus", "managed_by": "DOE"}}, {"type": "Feature", "geometry": {"type": "Point", "coordinates": [-73.907634, 40.666942]}, "properties": {"system_code": "23K284", "location_code": "K284", "location_name": "The Gregory Jocko Jackson School of Sports, Art, a", "grades": "PK,0K,01,02,03,04,05,06,07,08", "address": "213 OSBORN STREET", "district": "23", "borough": "K", "status": "Open", "location_type": "General Academic", "category": "K-8", "principal": "Keva Pitts", "phone": "718-495-7791", "NTA_name": "Brownsville", "managed_by": "DOE"}}, {"type": "Feature", "geometry": {"type": "Point", "coordinates": [-73.98112, 40.697856]}, "properties": {"system_code": "13K287", "location_code": "K287", "location_name": "P.S. 287 Bailey K. Ashford", "grades": "PK,0K,01,02,03,04,05", "address": "50 NAVY STREET", "district": "13", "borough": "K", "status": "Open", "location_type": "General Academic", "category": "Elementary", "principal": "MICHELE RAWLINS", "phone": "718-834-4745", "NTA_name": "DUMBO-Vinegar Hill-Downtown Brooklyn-Boerum Hill", "managed_by": "DOE"}}, {"type": "Feature", "geometry": {"type": "Point", "coordinates": [-73.992393, 40.574029]}, "properties": {"system_code": "21K288", "location_code": "K288", "location_name": "P.S. 288 The Shirley Tanyhill", "grades": "PK,0K,01,02,03,04,05,06,07,08", "address": "2950 WEST \u00a025 STREET", "district": "21", "borough": "K", "status": "Open", "location_type": "General Academic", "category": "K-8", "principal": "Qadir Dixon", "phone": "718-382-2100", "NTA_name": "Seagate-Coney Island", "managed_by": "DOE"}}, {"type": "Feature", "geometry": {"type": "Point", "coordinates": [-73.942401, 40.674244]}, "properties": {"system_code": "17K289", "location_code": "K289", "location_name": "P.S. 289 George V. Brower", "grades": "PK,0K,01,02,03,04,05", "address": "900 ST MARKS AVENUE", "district": "17", "borough": "K", "status": "Open", "location_type": "General Academic", "category": "Elementary", "principal": "MARC MARDY", "phone": "718-493-3824", "NTA_name": "Crown Heights North", "managed_by": "DOE"}}, {"type": "Feature", "geometry": {"type": "Point", "coordinates": [-73.889375, 40.678182]}, "properties": {"system_code": "19K290", "location_code": "K290", "location_name": "P.S. 290 Juan Morel Campos", "grades": "0K,01,02,03,04,05", "address": "135 SCHENCK AVENUE", "district": "19", "borough": "K", "status": "Open", "location_type": "General Academic", "category": "Elementary", "principal": "BRIGITTE NEWELL", "phone": "718-647-1113", "NTA_name": "East New York", "managed_by": "DOE"}}, {"type": "Feature", "geometry": {"type": "Point", "coordinates": [-73.988743, 40.660805]}, "properties": {"system_code": "15K295", "location_code": "K295", "location_name": "P.S. 295", "grades": "PK,0K,01,02,03,04,05", "address": "330 18 STREET", "district": "15", "borough": "K", "status": "Open", "location_type": "General Academic", "category": "Elementary", "principal": "Linda Mazza", "phone": "718-965-0390", "NTA_name": "Sunset Park West", "managed_by": "DOE"}}, {"type": "Feature", "geometry": {"type": "Point", "coordinates": [-73.948166, 40.697377]}, "properties": {"system_code": "14K297", "location_code": "K297", "location_name": "P.S. 297 Abraham Stockton", "grades": "PK,0K,01,02,03,04,05", "address": "700 PARK AVENUE", "district": "14", "borough": "K", "status": "Open", "location_type": "General Academic", "category": "Elementary", "principal": "JAMES BROWN", "phone": "718-388-4581", "NTA_name": "Bedford", "managed_by": "DOE"}}, {"type": "Feature", "geometry": {"type": "Point", "coordinates": [-73.907718, 40.671015]}, "properties": {"system_code": "23K298", "location_code": "K298", "location_name": "P.S. 298 Dr. Betty Shabazz", "grades": "0K,01,02,03,04,05", "address": "85 WATKINS STREET", "district": "23", "borough": "K", "status": "Open", "location_type": "General Academic", "category": "Elementary", "principal": "Jonathan Dill", "phone": "718-495-7793", "NTA_name": "Brownsville", "managed_by": "DOE"}}, {"type": "Feature", "geometry": {"type": "Point", "coordinates": [-73.917899, 40.690755]}, "properties": {"system_code": "32K299", "location_code": "K299", "location_name": "P.S. 299 Thomas Warren Field", "grades": "PK,0K,01,02,03,04,05", "address": "88 WOODBINE STREET", "district": "32", "borough": "K", "status": "Open", "location_type": "General Academic", "category": "Elementary", "principal": "CARLEEN MILLER BAILEY", "phone": "718-473-8230", "NTA_name": "Bushwick South", "managed_by": "DOE"}}, {"type": "Feature", "geometry": {"type": "Point", "coordinates": [-73.9408, 40.6941]}, "properties": {"system_code": "16K304", "location_code": "K304", "location_name": "P.S. 304 Casimir Pulaski", "grades": "0K,01,02,03,04,05", "address": "280 HART STREET", "district": "16", "borough": "K", "status": "Closed", "location_type": "General Academic", "category": "Elementary", "principal": "Laverne Robinson", "phone": "718-574-2377", "NTA_name": "Stuyvesant Heights", "managed_by": "DOE"}}, {"type": "Feature", "geometry": {"type": "Point", "coordinates": [-73.94573, 40.685653]}, "properties": {"system_code": "13K305", "location_code": "K305", "location_name": "P.S. 305 Dr. Peter Ray", "grades": "PK,0K,01,02,03,04,05", "address": "344 MONROE STREET", "district": "13", "borough": "K", "status": "Open", "location_type": "General Academic", "category": "Elementary", "principal": "Pilar Ramos", "phone": "718-789-3962", "NTA_name": "Bedford", "managed_by": "DOE"}}, {"type": "Feature", "geometry": {"type": "Point", "coordinates": [-73.88662, 40.65534]}, "properties": {"system_code": "19K306", "location_code": "K306", "location_name": "P.S. 306 Ethan Allen", "grades": "PK,0K,01,02,03,04,05", "address": "970 VERMONT STREET", "district": "19", "borough": "K", "status": "Open", "location_type": "General Academic", "category": "Elementary", "principal": "Lenika Vane", "phone": "718-649-3155", "NTA_name": "East New York", "managed_by": "DOE"}}, {"type": "Feature", "geometry": {"type": "Point", "coordinates": [-73.981599, 40.701789]}, "properties": {"system_code": "13K307", "location_code": "K307", "location_name": "P.S. 307 Daniel Hale Williams", "grades": "PK,0K,01,02,03,04,05", "address": "209 YORK STREET", "district": "13", "borough": "K", "status": "Open", "location_type": "General Academic", "category": "Elementary", "principal": "Stephanie Carroll", "phone": "718-834-4748", "NTA_name": "DUMBO-Vinegar Hill-Downtown Brooklyn-Boerum Hill", "managed_by": "DOE"}}, {"type": "Feature", "geometry": {"type": "Point", "coordinates": [-73.935509, 40.688323]}, "properties": {"system_code": "16K308", "location_code": "K308", "location_name": "P.S. 308 Clara Cardwell", "grades": "PK,0K,01,02,03,04,05,06,07,08", "address": "616 QUINCY STREET", "district": "16", "borough": "K", "status": "Open", "location_type": "General Academic", "category": "K-8", "principal": "Sharon Odwin", "phone": "718-571-6960", "NTA_name": "Stuyvesant Heights", "managed_by": "DOE"}}, {"type": "Feature", "geometry": {"type": "Point", "coordinates": [-73.924422, 40.6881]}, "properties": {"system_code": "16K309", "location_code": "K309", "location_name": "P.S. 309 The George E. Wibecan Preparatory Academy", "grades": "PK,0K,01,02,03,04,05", "address": "794 MONROE STREET", "district": "16", "borough": "K", "status": "Open", "location_type": "General Academic", "category": "Elementary", "principal": "Tanya Bryant", "phone": "718-574-2381", "NTA_name": "Stuyvesant Heights", "managed_by": "DOE"}}, {"type": "Feature", "geometry": {"type": "Point", "coordinates": [-74.007533, 40.632143]}, "properties": {"system_code": "20K310", "location_code": "K310", "location_name": "The School For Future Leaders", "grades": "0K,01,02,03,04,05", "address": "942 62ND STREET", "district": "20", "borough": "K", "status": "Open", "location_type": "General Academic", "category": "Elementary", "principal": "Yuqing Hong", "phone": "718-491-7670", "NTA_name": "Sunset Park East", "managed_by": "DOE"}}, {"type": "Feature", "geometry": {"type": "Point", "coordinates": [-73.909554, 40.622442]}, "properties": {"system_code": "22K312", "location_code": "K312", "location_name": "P.S. 312 Bergen Beach", "grades": "PK,0K,01,02,03,04,05", "address": "7103 AVENUE T", "district": "22", "borough": "K", "status": "Open", "location_type": "General Academic", "category": "Elementary", "principal": "Sungmin Yoo", "phone": "718-763-4015", "NTA_name": "Georgetown-Marine Park-Bergen Beach-Mill Basin", "managed_by": "DOE"}}, {"type": "Feature", "geometry": {"type": "Point", "coordinates": [-73.954269, 40.632619]}, "properties": {"system_code": "22K315", "location_code": "K315", "location_name": "P.S. K315", "grades": "PK,0K,01,02,03,04,05", "address": "2310 GLENWOOD ROAD", "district": "22", "borough": "K", "status": "Open", "location_type": "General Academic", "category": "Elementary", "principal": "Judith Ranft", "phone": "718-421-9560", "NTA_name": "Flatbush", "managed_by": "DOE"}}, {"type": "Feature", "geometry": {"type": "Point", "coordinates": [-73.954269, 40.632619]}, "properties": {"system_code": "22K315", "location_code": "K315", "location_name": "P.S. K315", "grades": "PK,0K,01,02,03,04,05", "address": "2310 GLENWOOD ROAD", "district": "22", "borough": "K", "status": "Open", "location_type": "General Academic", "category": "Elementary", "principal": "Judith Ranft", "phone": "718-421-9560", "NTA_name": "Flatbush", "managed_by": "DOE"}}, {"type": "Feature", "geometry": {"type": "Point", "coordinates": [-73.961418, 40.674685]}, "properties": {"system_code": "17K316", "location_code": "K316", "location_name": "P.S. 316 Elijah Stroud", "grades": "PK,0K,01,02,03,04,05", "address": "750 CLASSON AVENUE", "district": "17", "borough": "K", "status": "Open", "location_type": "General Academic", "category": "Elementary", "principal": "Olga Maluf", "phone": "718-638-4043", "NTA_name": "Prospect Heights", "managed_by": "DOE"}}, {"type": "Feature", "geometry": {"type": "Point", "coordinates": [-73.978633, 40.671816]}, "properties": {"system_code": "15K321", "location_code": "K321", "location_name": "P.S. 321 William Penn", "grades": "PK,0K,01,02,03,04,05", "address": "180 7 AVENUE", "district": "15", "borough": "K", "status": "Open", "location_type": "General Academic", "category": "Elementary", "principal": "ELIZABETH PHILLIPS", "phone": "718-499-2412", "NTA_name": "Park Slope-Gowanus", "managed_by": "DOE"}}, {"type": "Feature", "geometry": {"type": "Point", "coordinates": [-73.911279, 40.666187]}, "properties": {"system_code": "23K323", "location_code": "K323", "location_name": "P.S./I.S. 323", "grades": "PK,0K,01,02,03,04,05,06,07,08", "address": "210 CHESTER STREET", "district": "23", "borough": "K", "status": "Open", "location_type": "General Academic", "category": "K-8", "principal": "LINDA HARRIS", "phone": "718-495-7781", "NTA_name": "Brownsville", "managed_by": "DOE"}}, {"type": "Feature", "geometry": {"type": "Point", "coordinates": [-73.893294, 40.653368]}, "properties": {"system_code": "19K325", "location_code": "K325", "location_name": "The Fresh Creek School", "grades": "PK,0K,01,02,03,04,05", "address": "875 WILLIAMS AVENUE", "district": "19", "borough": "K", "status": "Open", "location_type": "General Academic", "category": "Elementary", "principal": "Lisa Goodson", "phone": "718-272-1843", "NTA_name": "Canarsie", "managed_by": "DOE"}}, {"type": "Feature", "geometry": {"type": "Point", "coordinates": [-73.911788, 40.668232]}, "properties": {"system_code": "23K327", "location_code": "K327", "location_name": "P.S. 327 Dr. Rose B. English", "grades": "0K,01,02,03,04,05", "address": "111 BRISTOL STREET", "district": "23", "borough": "K", "status": "Open", "location_type": "General Academic", "category": "K-8", "principal": "Georgette Malcolm", "phone": "718-495-7801", "NTA_name": "Brownsville", "managed_by": "DOE"}}, {"type": "Feature", "geometry": {"type": "Point", "coordinates": [-73.898249, 40.667985]}, "properties": {"system_code": "19K328", "location_code": "K328", "location_name": "P.S. 328 Phyllis Wheatley", "grades": "PK,0K,01,02,03,04,05", "address": "330 ALABAMA AVENUE", "district": "19", "borough": "K", "status": "Open", "location_type": "General Academic", "category": "Elementary", "principal": "Marie Desforges", "phone": "718-345-9393", "NTA_name": "East New York (Pennsylvania Ave)", "managed_by": "DOE"}}, {"type": "Feature", "geometry": {"type": "Point", "coordinates": [-73.99577, 40.574666]}, "properties": {"system_code": "21K329", "location_code": "K329", "location_name": "P.S. 329 Surfside", "grades": "PK,0K,01,02,03,04,05", "address": "2929 WEST \u00a030 STREET", "district": "21", "borough": "K", "status": "Open", "location_type": "General Academic", "category": "Elementary", "principal": "SALEMA MARBURY", "phone": "718-787-3460", "NTA_name": "Seagate-Coney Island", "managed_by": "DOE"}}, {"type": "Feature", "geometry": {"type": "Point", "coordinates": [-73.960093, 40.6771]}, "properties": {"system_code": "84K333", "location_code": "K333", "location_name": "Explore Exceed Charter School", "grades": "0K,01,02,03,04,05,06,07,08", "address": "443 ST MARKS AVENUE", "district": "17", "borough": "K", "status": "Open", "location_type": "General Academic", "category": "K-8", "principal": "Loretta Hickman/Maureen Ferry", "phone": "718-989-6702", "NTA_name": "Crown Heights North", "managed_by": "Charter"}}, {"type": "Feature", "geometry": {"type": "Point", "coordinates": [-73.928673, 40.674491]}, "properties": {"system_code": "16K335", "location_code": "K335", "location_name": "P.S. 335 Granville T. Woods", "grades": "PK,0K,01,02,03,04,05", "address": "130 ROCHESTER AVENUE", "district": "16", "borough": "K", "status": "Open", "location_type": "General Academic", "category": "Elementary", "principal": "Karena Thompson", "phone": "718-493-7736", "NTA_name": "Crown Heights North", "managed_by": "DOE"}}, {"type": "Feature", "geometry": {"type": "Point", "coordinates": [-73.879886, 40.676207]}, "properties": {"system_code": "19K345", "location_code": "K345", "location_name": "P.S. 345 Patrolman Robert Bolden", "grades": "PK,0K,01,02,03,04,05", "address": "111 BERRIMAN STREET", "district": "19", "borough": "K", "status": "Open", "location_type": "General Academic", "category": "Elementary", "principal": "WANDA HOLT", "phone": "718-647-8387", "NTA_name": "East New York", "managed_by": "DOE"}}, {"type": "Feature", "geometry": {"type": "Point", "coordinates": [-73.881997, 40.64664]}, "properties": {"system_code": "19K346", "location_code": "K346", "location_name": "P.S. 346 Abe Stark", "grades": "PK,0K,01,02,03,04,05", "address": "1400 PENNSYLVANIA AVENUE", "district": "19", "borough": "K", "status": "Open", "location_type": "General Academic", "category": "Elementary", "principal": "KEVIN CAIFA", "phone": "718-642-3000", "NTA_name": "Starrett City", "managed_by": "DOE"}}, {"type": "Feature", "geometry": {"type": "Point", "coordinates": [-73.947672, 40.637625]}, "properties": {"system_code": "22K361", "location_code": "K361", "location_name": "P.S. 361 East Flatbush Early Childhood School", "grades": "PK,0K,01,02", "address": "1957 NOSTRAND AVENUE", "district": "22", "borough": "K", "status": "Open", "location_type": "General Academic", "category": "Elementary", "principal": "Tiffany Frazier", "phone": "718-941-2800", "NTA_name": "Flatbush", "managed_by": "DOE"}}, {"type": "Feature", "geometry": {"type": "Point", "coordinates": [-73.992254, 40.662985]}, "properties": {"system_code": "84K362", "location_code": "K362", "location_name": "Hellenic Classical Charter School", "grades": "0K,01,02,03,04,05,06,07,08", "address": "646 FIFTH AVENUE", "district": "15", "borough": "K", "status": "Open", "location_type": "General Academic", "category": "K-8", "principal": "Christina Tettonis", "phone": "718-499-0957", "NTA_name": "Park Slope-Gowanus", "managed_by": "Charter"}}, {"type": "Feature", "geometry": {"type": "Point", "coordinates": [-73.947557, 40.696698]}, "properties": {"system_code": "84K367", "location_code": "K367", "location_name": "Success Academy Charter School - Bed-Stuy 1", "grades": "0K,01,02,03,04,05,06,07,08", "address": "70 TOMPKINS AVENUE", "district": "14", "borough": "K", "status": "Open", "location_type": "General Academic", "category": "K-8", "principal": "Javeria Khan", "phone": "718-635-3294", "NTA_name": "Bedford", "managed_by": "Charter"}}, {"type": "Feature", "geometry": {"type": "Point", "coordinates": [-73.9855, 40.676198]}, "properties": {"system_code": "75K372", "location_code": "K372", "location_name": "P.S. 372 -The Children's School", "grades": "0K,01,02,03,04,05,06,07,08", "address": "512 CARROLL STREET", "district": "15", "borough": "K", "status": "Open", "location_type": "Special Education", "category": "K-8", "principal": "Rosa Amato", "phone": "718-624-5271", "NTA_name": "Park Slope-Gowanus", "managed_by": "DOE"}}, {"type": "Feature", "geometry": {"type": "Point", "coordinates": [-73.959484, 40.665199]}, "properties": {"system_code": "17K375", "location_code": "K375", "location_name": "P.S. 375 Jackie Robinson School", "grades": "PK,0K,01,02,03,04,05", "address": "46 MCKEEVER PLACE", "district": "17", "borough": "K", "status": "Open", "location_type": "General Academic", "category": "Elementary", "principal": "Mecca Geters", "phone": "718-693-6655", "NTA_name": "Crown Heights South", "managed_by": "DOE"}}, {"type": "Feature", "geometry": {"type": "Point", "coordinates": [-73.920187, 40.69805]}, "properties": {"system_code": "32K376", "location_code": "K376", "location_name": "P.S. 376", "grades": "0K,01,02,03,04,05", "address": "194 HARMAN STREET", "district": "32", "borough": "K", "status": "Open", "location_type": "General Academic", "category": "Elementary", "principal": "Maria Vera", "phone": "718-573-0781", "NTA_name": "Bushwick North", "managed_by": "DOE"}}, {"type": "Feature", "geometry": {"type": "Point", "coordinates": [-73.915159, 40.693542]}, "properties": {"system_code": "32K377", "location_code": "K377", "location_name": "P.S. 377 Alejandrina B. De Gautier", "grades": "0K,01,02,03,04,05", "address": "200 WOODBINE STREET", "district": "32", "borough": "K", "status": "Open", "location_type": "General Academic", "category": "K-8", "principal": "DOMINIC ZAGAMI", "phone": "718-574-0325", "NTA_name": "Bushwick South", "managed_by": "DOE"}}, {"type": "Feature", "geometry": {"type": "Point", "coordinates": [-73.90788, 40.642684]}, "properties": {"system_code": "84K379", "location_code": "K379", "location_name": "Explore Excel Charter School", "grades": "0K,01,02,03,04,05,06,07,08", "address": "1077 REMSEN AVENUE", "district": "18", "borough": "K", "status": "Open", "location_type": "General Academic", "category": "K-8", "principal": "Jarren Kanze/Karen Francois", "phone": "347-902-1758", "NTA_name": "Canarsie", "managed_by": "Charter"}}, {"type": "Feature", "geometry": {"type": "Point", "coordinates": [-73.953702, 40.70179]}, "properties": {"system_code": "14K380", "location_code": "K380", "location_name": "P.S. 380 John Wayne Elementary", "grades": "PK,0K,01,02,03,04,05", "address": "370 MARCY AVENUE", "district": "14", "borough": "K", "status": "Open", "location_type": "General Academic", "category": "Elementary", "principal": "VICTORIA PRISINZANO", "phone": "718-388-0607", "NTA_name": "Bedford", "managed_by": "DOE"}}, {"type": "Feature", "geometry": {"type": "Point", "coordinates": [-73.904695, 40.689883]}, "properties": {"system_code": "32K384", "location_code": "K384", "location_name": "P.S. /I.S. 384 Frances E. Carter", "grades": "PK,0K,01,02,03,04,05,06,07,08", "address": "242 COOPER STREET", "district": "32", "borough": "K", "status": "Open", "location_type": "General Academic", "category": "K-8", "principal": "Claudia Harris", "phone": "718-642-4890", "NTA_name": "Bushwick North", "managed_by": "DOE"}}, {"type": "Feature", "geometry": {"type": "Point", "coordinates": [-73.928917, 40.67271]}, "properties": {"system_code": "17K394", "location_code": "K394", "location_name": "M.S. K394", "grades": "PK,0K,01,02,03,04,05,06,07,08", "address": "188 ROCHESTER AVENUE", "district": "17", "borough": "K", "status": "Open", "location_type": "General Academic", "category": "K-8", "principal": "SOJOURNER WELCH-DAVID", "phone": "718-756-3164", "NTA_name": "Crown Heights North", "managed_by": "DOE"}}, {"type": "Feature", "geometry": {"type": "Point", "coordinates": [-73.911788, 40.668232]}, "properties": {"system_code": "75K396", "location_code": "K396", "location_name": "P.S. K396", "grades": "01,02,03,04,05,06,07,08,09,10,11,12,SE", "address": "110 CHESTER STREET", "district": "23", "borough": "K", "status": "Open", "location_type": "Special Education", "category": "K-8", "principal": "Keisha McCoy-Dailey", "phone": "718-385-6200", "NTA_name": "Brownsville", "managed_by": "DOE"}}, {"type": "Feature", "geometry": {"type": "Point", "coordinates": [-73.946358, 40.658663]}, "properties": {"system_code": "17K397", "location_code": "K397", "location_name": "P.S. 397 Foster-Laurie", "grades": "0K,01,02,03,04,05", "address": "490 FENIMORE STREET", "district": "17", "borough": "K", "status": "Open", "location_type": "General Academic", "category": "Elementary", "principal": "Marie Casseus Monteau", "phone": "718-774-5200", "NTA_name": "Prospect Lefferts Gardens-Wingate", "managed_by": "DOE"}}, {"type": "Feature", "geometry": {"type": "Point", "coordinates": [-73.927979, 40.663388]}, "properties": {"system_code": "17K398", "location_code": "K398", "location_name": "P.S. 398 Walter Weaver", "grades": "PK,0K,01,02,03,04,05", "address": "60 EAST \u00a094 STREET", "district": "17", "borough": "K", "status": "Open", "location_type": "General Academic", "category": "Elementary", "principal": "Ariana Butler Bass", "phone": "718-774-4466", "NTA_name": "Rugby-Remsen Village", "managed_by": "DOE"}}, {"type": "Feature", "geometry": {"type": "Point", "coordinates": [-73.951664, 40.648277]}, "properties": {"system_code": "17K399", "location_code": "K399", "location_name": "P.S. 399 Stanley Eugene Clark", "grades": "0K,01,02,03,04,05", "address": "2707 ALBEMARLE ROAD", "district": "17", "borough": "K", "status": "Open", "location_type": "General Academic", "category": "Elementary", "principal": "Lakeasha Williams", "phone": "718-693-3023", "NTA_name": "Erasmus", "managed_by": "DOE"}}, {"type": "Feature", "geometry": {"type": "Point", "coordinates": [-73.906018, 40.672216]}, "properties": {"system_code": "23K401", "location_code": "K401", "location_name": "Christopher Avenue Community School", "grades": "PK,0K,01,02,03,04,05", "address": "51 CHRISTOPHER AVENUE", "district": "23", "borough": "K", "status": "Open", "location_type": "General Academic", "category": "Elementary", "principal": "DEON MITCHELL", "phone": "718-495-5761", "NTA_name": "Brownsville", "managed_by": "DOE"}}, {"type": "Feature", "geometry": {"type": "Point", "coordinates": [-73.935509, 40.688323]}, "properties": {"system_code": "84K406", "location_code": "K406", "location_name": "EMBER Charter School for Mindful Education, Innova", "grades": "0K,01,02,03,04,05,06,07,08", "address": "616 QUINCY STREET", "district": "16", "borough": "K", "status": "Open", "location_type": "General Academic", "category": "K-8", "principal": "Rafiq Kalam Id-Din Ii, Esq./Damien Dunkley", "phone": "718-285-3787", "NTA_name": "Stuyvesant Heights", "managed_by": "Charter"}}, {"type": "Feature", "geometry": {"type": "Point", "coordinates": [-73.954678, 40.710107]}, "properties": {"system_code": "14K414", "location_code": "K414", "location_name": "Brooklyn Arbor Elementary School", "grades": "0K,01,02,03,04,05", "address": "325 SOUTH \u00a03 STREET", "district": "14", "borough": "K", "status": "Open", "location_type": "General Academic", "category": "Elementary", "principal": "Eva Irizarry", "phone": "718-963-0393", "NTA_name": "North Side-South Side", "managed_by": "DOE"}}, {"type": "Feature", "geometry": {"type": "Point", "coordinates": [-73.913508, 40.659618]}, "properties": {"system_code": "23K446", "location_code": "K446", "location_name": "Riverdale Avenue Community School", "grades": "PK,0K,01,02,03,04,05", "address": "76 RIVERDALE AVENUE", "district": "23", "borough": "K", "status": "Open", "location_type": "General Academic", "category": "Elementary", "principal": "Meghan Dunn", "phone": "718-485-1679", "NTA_name": "Brownsville", "managed_by": "DOE"}}, {"type": "Feature", "geometry": {"type": "Point", "coordinates": [-73.970896, 40.690742]}, "properties": {"system_code": "13K492", "location_code": "K492", "location_name": "Academy of Arts and Letters", "grades": "0K,01,02,03,04,05,06,07,08", "address": "225 ADELPHI STREET", "district": "13", "borough": "K", "status": "Open", "location_type": "General Academic", "category": "K-8", "principal": "John Oreilly", "phone": "718-222-1605", "NTA_name": "Fort Greene", "managed_by": "DOE"}}, {"type": "Feature", "geometry": {"type": "Point", "coordinates": [-74.019299, 40.64195]}, "properties": {"system_code": "20K503", "location_code": "K503", "location_name": "P.S. 503: The School of Discovery", "grades": "PK,0K,01,02,03,04,05", "address": "330 59 STREET", "district": "20", "borough": "K", "status": "Open", "location_type": "General Academic", "category": "Elementary", "principal": "NINA DEMOS", "phone": "718-439-5962", "NTA_name": "Sunset Park West", "managed_by": "DOE"}}, {"type": "Feature", "geometry": {"type": "Point", "coordinates": [-74.019299, 40.64195]}, "properties": {"system_code": "20K506", "location_code": "K506", "location_name": "P.S. 506: The School of Journalism & Technology", "grades": "PK,0K,01,02,03,04,05", "address": "330 59 STREET", "district": "20", "borough": "K", "status": "Open", "location_type": "General Academic", "category": "Elementary", "principal": "Dana Parentini", "phone": "718-492-0087", "NTA_name": "Sunset Park West", "managed_by": "DOE"}}, {"type": "Feature", "geometry": {"type": "Point", "coordinates": [-73.911279, 40.666187]}, "properties": {"system_code": "84K513", "location_code": "K513", "location_name": "East New York Preparatory Charter School", "grades": "0K,01,02,03,04,05,06,07,08", "address": "210 CHESTER STREET", "district": "23", "borough": "K", "status": "Closed", "location_type": "General Academic", "category": "Elementary", "principal": "Sheila Joseph", "phone": "718-485-8591", "NTA_name": "Brownsville", "managed_by": "Charter"}}, {"type": "Feature", "geometry": {"type": "Point", "coordinates": [-74.008106, 40.650793]}, "properties": {"system_code": "15K516", "location_code": "K516", "location_name": "Sunset Park Avenues Elementary School", "grades": "0K,01,02,03,04,05", "address": "4222 4TH AVENUE", "district": "15", "borough": "K", "status": "Open", "location_type": "General Academic", "category": "Elementary", "principal": "JESSICA KNUDSON", "phone": "718-369-8330", "NTA_name": "Sunset Park West", "managed_by": "DOE"}}, {"type": "Feature", "geometry": {"type": "Point", "coordinates": [-73.90788, 40.642684]}, "properties": {"system_code": "18K521", "location_code": "K521", "location_name": "District 18 ES#1", "grades": "", "address": "1077 REMSEN AVENUE", "district": "18", "borough": "K", "status": "Initiated, never opened", "location_type": "General Academic", "category": "Elementary", "principal": "NULL", "phone": "NULL", "NTA_name": "Canarsie", "managed_by": "DOE"}}, {"type": "Feature", "geometry": {"type": "Point", "coordinates": [-73.934316, 40.669557]}, "properties": {"system_code": "17K532", "location_code": "K532", "location_name": "New Bridges Elementary", "grades": "PK,0K,01,02,03,04,05", "address": "1025 EASTERN PARKWAY", "district": "17", "borough": "K", "status": "Open", "location_type": "General Academic", "category": "Elementary", "principal": "Kevin Bowles", "phone": "718-363-8200", "NTA_name": "Crown Heights North", "managed_by": "DOE"}}, {"type": "Feature", "geometry": {"type": "Point", "coordinates": [-73.977674, 40.695339]}, "properties": {"system_code": "84K536", "location_code": "K536", "location_name": "Community Roots Charter School", "grades": "0K,01,02,03,04,05,06,07,08", "address": "51 SAINT EDWARDS STREET", "district": "13", "borough": "K", "status": "Open", "location_type": "General Academic", "category": "K-8", "principal": "Allison Keil/Sara Stone", "phone": "718-858-1629", "NTA_name": "Fort Greene", "managed_by": "Charter"}}, {"type": "Feature", "geometry": {"type": "Point", "coordinates": [-73.897604, 40.665446]}, "properties": {"system_code": "19K557", "location_code": "K557", "location_name": "Brooklyn Gardens Elementary School", "grades": "PK,0K,01,02,03,04,05", "address": "574 DUMONT AVENUE", "district": "19", "borough": "K", "status": "Open", "location_type": "General Academic", "category": "Elementary", "principal": "Ciani Espada", "phone": "718-495-7012", "NTA_name": "East New York (Pennsylvania Ave)", "managed_by": "DOE"}}, {"type": "Feature", "geometry": {"type": "Point", "coordinates": [-73.925851, 40.683446]}, "properties": {"system_code": "84K593", "location_code": "K593", "location_name": "Excellence Boys Charter School", "grades": "0K,01,02,03,04,05,06,07,08", "address": "239 PATCHEN AVENUE", "district": "16", "borough": "K", "status": "Open", "location_type": "General Academic", "category": "K-8", "principal": "Kevin Hall/Samantha Tweedy", "phone": "718-638-1830", "NTA_name": "Stuyvesant Heights", "managed_by": "Charter"}}, {"type": "Feature", "geometry": {"type": "Point", "coordinates": [-73.910719, 40.680679]}, "properties": {"system_code": "23K599", "location_code": "K599", "location_name": "Brooklyn Landmark Elementary School", "grades": "PK,0K,01,02,03,04,05", "address": "251 MAC DOUGAL STREET", "district": "23", "borough": "K", "status": "Open", "location_type": "General Academic", "category": "Elementary", "principal": "Joyce Beckles Knights", "phone": "718-443-2747", "NTA_name": "Ocean Hill", "managed_by": "DOE"}}, {"type": "Feature", "geometry": {"type": "Point", "coordinates": [-73.941278, 40.693654]}, "properties": {"system_code": "16K627", "location_code": "K627", "location_name": "Brighter Choice Community School", "grades": "PK,0K,01,02,03,04,05", "address": "280 HART STREET", "district": "16", "borough": "K", "status": "Open", "location_type": "General Academic", "category": "Elementary", "principal": "Jeremy Daniel", "phone": "718-574-2378", "NTA_name": "Stuyvesant Heights", "managed_by": "DOE"}}, {"type": "Feature", "geometry": {"type": "Point", "coordinates": [-73.935891, 40.681528]}, "properties": {"system_code": "16K628", "location_code": "K628", "location_name": "Brooklyn Brownstone School", "grades": "0K,01,02,03,04,05", "address": "272 MACDONOUGH STREET", "district": "16", "borough": "K", "status": "Open", "location_type": "General Academic", "category": "Elementary", "principal": "Alexander Brunner", "phone": "718-573-2307", "NTA_name": "Stuyvesant Heights", "managed_by": "DOE"}}, {"type": "Feature", "geometry": {"type": "Point", "coordinates": [-73.913508, 40.659618]}, "properties": {"system_code": "23K631", "location_code": "K631", "location_name": "General D. Chappie James Elementary School of Scie", "grades": "0K,01,02,03,04,05", "address": "76 RIVERDALE AVENUE", "district": "23", "borough": "K", "status": "Closed", "location_type": "General Academic", "category": "Elementary", "principal": "RONNIE NELSON", "phone": "718-495-0952", "NTA_name": "Brownsville", "managed_by": "DOE"}}, {"type": "Feature", "geometry": {"type": "Point", "coordinates": [-73.941278, 40.693654]}, "properties": {"system_code": "16K636", "location_code": "K636", "location_name": "Young Scholars' Academy for Discovery and Explorat", "grades": "0K,01,02,03,04,05", "address": "280 HART STREET", "district": "16", "borough": "K", "status": "Closed", "location_type": "General Academic", "category": "Elementary", "principal": "Beatrice Thompson", "phone": "718-453-4081", "NTA_name": "Stuyvesant Heights", "managed_by": "DOE"}}, {"type": "Feature", "geometry": {"type": "Point", "coordinates": [-73.932066, 40.68797]}, "properties": {"system_code": "84K649", "location_code": "K649", "location_name": "La Cima Charter School", "grades": "0K,01,02,03,04,05", "address": "800 GATES AVENUE", "district": "16", "borough": "K", "status": "Open", "location_type": "General Academic", "category": "Elementary", "principal": "Guerschmide Saint-Ange/Nisah Brinson", "phone": "718-443-2136", "NTA_name": "Stuyvesant Heights", "managed_by": "Charter"}}, {"type": "Feature", "geometry": {"type": "Point", "coordinates": [-74.003372, 40.675936]}, "properties": {"system_code": "84K651", "location_code": "K651", "location_name": "PAVE Academy Charter School", "grades": "0K,01,02,03,04,05,06,07,08", "address": "732 HENRY STREET", "district": "15", "borough": "K", "status": "Open", "location_type": "General Academic", "category": "K-8", "principal": "Hannah Prussin/Geoff Fenelus", "phone": "718-858-7813", "NTA_name": "Carroll Gardens-Columbia Street-Red Hook", "managed_by": "Charter"}}, {"type": "Feature", "geometry": {"type": "Point", "coordinates": [-74.005151, 40.677914]}, "properties": {"system_code": "15K676", "location_code": "K676", "location_name": "Red Hook Neighborhood School", "grades": "PK,0K,01,02,03,04,05", "address": "27 HUNTINGTON STREET", "district": "15", "borough": "K", "status": "Open", "location_type": "General Academic", "category": "Elementary", "principal": "PRISCILLA FIGUEROA", "phone": "718-330-2238", "NTA_name": "Carroll Gardens-Columbia Street-Red Hook", "managed_by": "DOE"}}, {"type": "Feature", "geometry": {"type": "Point", "coordinates": [-73.879131, 40.669358]}, "properties": {"system_code": "19K677", "location_code": "K677", "location_name": "East New York Elementary School of Excellence", "grades": "PK,0K,01,02,03,04,05", "address": "605 SHEPHERD AVENUE", "district": "19", "borough": "K", "status": "Open", "location_type": "General Academic", "category": "Elementary", "principal": "Janet Huger", "phone": "718-272-6075", "NTA_name": "East New York", "managed_by": "DOE"}}, {"type": "Feature", "geometry": {"type": "Point", "coordinates": [-73.876084, 40.665817]}, "properties": {"system_code": "84K680", "location_code": "K680", "location_name": "Achievement First Aspire Charter School", "grades": "0K,01,02,03,04,05,06,07,08", "address": "982 HEGEMAN AVENUE", "district": "19", "borough": "K", "status": "Open", "location_type": "General Academic", "category": "Elementary", "principal": "Sarah Iannucci/Zachary Segall", "phone": "718-623-2660", "NTA_name": "East New York", "managed_by": "Charter"}}, {"type": "Feature", "geometry": {"type": "Point", "coordinates": [-73.986678, 40.606994]}, "properties": {"system_code": "20K682", "location_code": "K682", "location_name": "The Academy of Talented Scholars", "grades": "0K,01,02,03,04,05", "address": "50 AVENUE P", "district": "21", "borough": "K", "status": "Open", "location_type": "General Academic", "category": "Elementary", "principal": "JOSEPHIN SPORTELLA-GIUST", "phone": "718-621-2730", "NTA_name": "Bensonhurst East", "managed_by": "DOE"}}, {"type": "Feature", "geometry": {"type": "Point", "coordinates": [-73.986678, 40.606994]}, "properties": {"system_code": "20K686", "location_code": "K686", "location_name": "Brooklyn School of Inquiry", "grades": "0K,01,02,03,04,05,06,07,08", "address": "50 AVENUE P", "district": "21", "borough": "K", "status": "Open", "location_type": "General Academic", "category": "K-8", "principal": "Eric Havlik", "phone": "718-621-5730", "NTA_name": "Bensonhurst East", "managed_by": "DOE"}}, {"type": "Feature", "geometry": {"type": "Point", "coordinates": [-73.947932, 40.719818]}, "properties": {"system_code": "84K689", "location_code": "K689", "location_name": "Citizens of the World Charter School 1 Williamsbur", "grades": "0K,01,02,03,04,05", "address": "424 LEONARD STREET", "district": "14", "borough": "K", "status": "Closed", "location_type": "General Academic", "category": "Elementary", "principal": "Jonea Thomas", "phone": "718-384-1386", "NTA_name": "Greenpoint", "managed_by": "Charter"}}, {"type": "Feature", "geometry": {"type": "Point", "coordinates": [-73.935753, 40.663964]}, "properties": {"system_code": "84K692", "location_code": "K692", "location_name": "Citizens of the World Charter School New York 2 Cr", "grades": "0K,01,02,03,04,05", "address": "791 EMPIRE BOULEVARD", "district": "17", "borough": "K", "status": "Closed", "location_type": "General Academic", "category": "Elementary", "principal": "Andrea Dozier", "phone": "718-221-5095", "NTA_name": "Crown Heights South", "managed_by": "Charter"}}, {"type": "Feature", "geometry": {"type": "Point", "coordinates": [-73.947256, 40.69447]}, "properties": {"system_code": "84K701", "location_code": "K701", "location_name": "Brooklyn Charter School", "grades": "0K,01,02,03,04,05", "address": "545 WILLOUGHBY AVENUE", "district": "14", "borough": "K", "status": "Open", "location_type": "General Academic", "category": "Elementary", "principal": "Joanne Hunt", "phone": "718-302-2085", "NTA_name": "Bedford", "managed_by": "Charter"}}, {"type": "Feature", "geometry": {"type": "Point", "coordinates": [-73.961134, 40.691275]}, "properties": {"system_code": "84K702", "location_code": "K702", "location_name": "Community Partnership Charter School", "grades": "0K,01,02,03,04,05", "address": "241 EMERSON PLACE", "district": "13", "borough": "K", "status": "Open", "location_type": "General Academic", "category": "K-8", "principal": "Esosa Ogbahon", "phone": "718-399-3824", "NTA_name": "Clinton Hill", "managed_by": "Charter"}}, {"type": "Feature", "geometry": {"type": "Point", "coordinates": [-73.959999, 40.695397]}, "properties": {"system_code": "84K703", "location_code": "K703", "location_name": "Beginning With Children Charter School", "grades": "0K,01,02,03,04,05,06,07,08", "address": "850 KENT AVENUE", "district": "14", "borough": "K", "status": "Closed", "location_type": "General Academic", "category": "K-8", "principal": "Valerie Davis-Fells", "phone": "718-388-8847", "NTA_name": "Bedford", "managed_by": "Charter"}}, {"type": "Feature", "geometry": {"type": "Point", "coordinates": [-73.951575, 40.656423]}, "properties": {"system_code": "84K704", "location_code": "K704", "location_name": "Explore Charter School", "grades": "0K,01,02,03,04,05,06,07,08", "address": "655 PARKSIDE AVENUE", "district": "17", "borough": "K", "status": "Open", "location_type": "General Academic", "category": "K-8", "principal": "Latasha Williams/Anwar Abdul-Rahman", "phone": "718-703-4484", "NTA_name": "Prospect Lefferts Gardens-Wingate", "managed_by": "Charter"}}, {"type": "Feature", "geometry": {"type": "Point", "coordinates": [-73.960093, 40.6771]}, "properties": {"system_code": "17K705", "location_code": "K705", "location_name": "Brooklyn Arts and Science Elementary School", "grades": "PK,0K,01,02,03,04,05", "address": "443 ST MARKS AVENUE", "district": "17", "borough": "K", "status": "Open", "location_type": "General Academic", "category": "Elementary", "principal": "Sandra Beauvoir Soto", "phone": "718-230-0851", "NTA_name": "Crown Heights North", "managed_by": "DOE"}}, {"type": "Feature", "geometry": {"type": "Point", "coordinates": [-73.906662, 40.655644]}, "properties": {"system_code": "84K711", "location_code": "K711", "location_name": "Leadership Preparatory Brownsville Charter School", "grades": "0K,01,02,03,04,05,06,07,08", "address": "985 ROCKAWAY AVENUE", "district": "23", "borough": "K", "status": "Open", "location_type": "General Academic", "category": "K-8", "principal": "Jacobi Clifton/Brianna Riis", "phone": "718-669-7461", "NTA_name": "Brownsville", "managed_by": "Charter"}}, {"type": "Feature", "geometry": {"type": "Point", "coordinates": [-73.892797, 40.644134]}, "properties": {"system_code": "84K724", "location_code": "K724", "location_name": "Leadership Prep Canarsie Charter School (Leadershi", "grades": "0K,01,02,03,04,05", "address": "1070 EAST 104 STREET", "district": "18", "borough": "K", "status": "Open", "location_type": "General Academic", "category": "K-8", "principal": "Michael Scott Jr./Mallory Bocachica", "phone": "718-250-5767", "NTA_name": "Canarsie", "managed_by": "Charter"}}, {"type": "Feature", "geometry": {"type": "Point", "coordinates": [-73.925087, 40.689569]}, "properties": {"system_code": "84K731", "location_code": "K731", "location_name": "Brooklyn Excelsior Charter School", "grades": "0K,01,02,03,04,05,06,07,08", "address": "856 QUINCY STREET", "district": "16", "borough": "K", "status": "Open", "location_type": "General Academic", "category": "K-8", "principal": "Christopher Petty", "phone": "718-246-5681", "NTA_name": "Stuyvesant Heights", "managed_by": "Charter"}}, {"type": "Feature", "geometry": {"type": "Point", "coordinates": [-73.948166, 40.697377]}, "properties": {"system_code": "84K734", "location_code": "K734", "location_name": "The Ethical Community Charter School (TECCS)", "grades": "0K,01,02,03,04,05", "address": "700 PARK AVENUE", "district": "14", "borough": "K", "status": "Closed", "location_type": "General Academic", "category": "Elementary", "principal": "Annette Keane", "phone": "718-599-2176", "NTA_name": "Bedford", "managed_by": "Charter"}}, {"type": "Feature", "geometry": {"type": "Point", "coordinates": [-73.914282, 40.651642]}, "properties": {"system_code": "84K736", "location_code": "K736", "location_name": "New American Academy Charter School", "grades": "0K,01,02,03,04,05", "address": "9301 AVENUE B", "district": "18", "borough": "K", "status": "Open", "location_type": "General Academic", "category": "Elementary", "principal": "Lisa Parquette Silva", "phone": "718-385-1709", "NTA_name": "Rugby-Remsen Village", "managed_by": "Charter"}}, {"type": "Feature", "geometry": {"type": "Point", "coordinates": [-73.918123, 40.668608]}, "properties": {"system_code": "84K737", "location_code": "K737", "location_name": "Brownsville Ascend Charter School", "grades": "0K,01,02,03,04,05,06,07,08", "address": "1501 PITKIN AVENUE", "district": "23", "borough": "K", "status": "Open", "location_type": "General Academic", "category": "K-8", "principal": "Erica Murphy/Emily Fernandez", "phone": "718-240-9162", "NTA_name": "Brownsville", "managed_by": "Charter"}}, {"type": "Feature", "geometry": {"type": "Point", "coordinates": [-73.867138, 40.669356]}, "properties": {"system_code": "84K740", "location_code": "K740", "location_name": "Brooklyn Scholars Charter School", "grades": "0K,01,02,03,04,05,06,07,08", "address": "2635 LINDEN BOULEVARD", "district": "19", "borough": "K", "status": "Open", "location_type": "General Academic", "category": "K-8", "principal": "Desiree Kirton", "phone": "718-348-9360", "NTA_name": "East New York", "managed_by": "Charter"}}, {"type": "Feature", "geometry": {"type": "Point", "coordinates": [-73.949243, 40.665757]}, "properties": {"system_code": "84K741", "location_code": "K741", "location_name": "Success Academy Crown Heights (Brooklyn 7)", "grades": "0K,01,02,03,04,05,06,07,08", "address": "330 CROWN STREET", "district": "17", "borough": "K", "status": "Open", "location_type": "General Academic", "category": "Elementary", "principal": "Christopher Timberlake", "phone": "646-790-2129", "NTA_name": "Crown Heights South", "managed_by": "Charter"}}, {"type": "Feature", "geometry": {"type": "Point", "coordinates": [-73.928917, 40.67271]}, "properties": {"system_code": "84K742", "location_code": "K742", "location_name": "Explore Empower Charter School", "grades": "0K,01,02,03,04,05,06,07,08", "address": "188 ROCHESTER AVENUE", "district": "17", "borough": "K", "status": "Open", "location_type": "General Academic", "category": "K-8", "principal": "Christina Cotter", "phone": "718-771-2090", "NTA_name": "Crown Heights North", "managed_by": "Charter"}}, {"type": "Feature", "geometry": {"type": "Point", "coordinates": [-73.914312, 40.612258]}, "properties": {"system_code": "84K746", "location_code": "K746", "location_name": "Hebrew Language Academy Charter School", "grades": "0K,01,02,03,04,05,06,07,08", "address": "2186 MILL AVENUE", "district": "22", "borough": "K", "status": "Open", "location_type": "General Academic", "category": "K-8", "principal": "Hadar Dohn", "phone": "718-377-7200", "NTA_name": "Georgetown-Marine Park-Bergen Beach-Mill Basin", "managed_by": "Charter"}}, {"type": "Feature", "geometry": {"type": "Point", "coordinates": [-73.906018, 40.672216]}, "properties": {"system_code": "23K747", "location_code": "K747", "location_name": "P.S. 747 A Great Start Academy", "grades": "", "address": "51 CHRISTOPHER AVENUE", "district": "23", "borough": "K", "status": "Initiated, never opened", "location_type": "General Academic", "category": "Elementary", "principal": "NULL", "phone": "NULL", "NTA_name": "Brownsville", "managed_by": "DOE"}}, {"type": "Feature", "geometry": {"type": "Point", "coordinates": [-74.007469, 40.606739]}, "properties": {"system_code": "20K748", "location_code": "K748", "location_name": "P.S. 748 Brooklyn School for Global Scholars", "grades": "0K,01,02,03,04,05", "address": "1664 BENSON AVENUE", "district": "20", "borough": "K", "status": "Open", "location_type": "General Academic", "category": "Elementary", "principal": "Ursula Annio", "phone": "718-382-3130", "NTA_name": "Bath Beach", "managed_by": "DOE"}}, {"type": "Feature", "geometry": {"type": "Point", "coordinates": [-73.976104, 40.697177]}, "properties": {"system_code": "84K752", "location_code": "K752", "location_name": "Success Academy Fort Greene (Brooklyn 5)", "grades": "0K,01,02,03,04,05,06,07,08", "address": "101 PARK AVENUE", "district": "13", "borough": "K", "status": "Open", "location_type": "General Academic", "category": "Elementary", "principal": "Nina Fink", "phone": "646-790-2137", "NTA_name": "Fort Greene", "managed_by": "Charter"}}, {"type": "Feature", "geometry": {"type": "Point", "coordinates": [-73.951559, 40.673943]}, "properties": {"system_code": "84K756", "location_code": "K756", "location_name": "Success Academy Prospect Heights (Brooklyn 6)", "grades": "0K,01,02,03,04,05,06,07,08,09,10,11,12", "address": "760 PROSPECT PLACE", "district": "17", "borough": "K", "status": "Open", "location_type": "General Academic", "category": "K-8", "principal": "Sydney Chernoff", "phone": "646-790-2121", "NTA_name": "Crown Heights North", "managed_by": "Charter"}}, {"type": "Feature", "geometry": {"type": "Point", "coordinates": [-73.951559, 40.673943]}, "properties": {"system_code": "84K756", "location_code": "K756", "location_name": "Success Academy Prospect Heights (Brooklyn 6)", "grades": "0K,01,02,03,04,05,06,07,08,09,10,11,12", "address": "760 PROSPECT PLACE", "district": "17", "borough": "K", "status": "Open", "location_type": "General Academic", "category": "K-8", "principal": "Sydney Chernoff", "phone": "646-790-2121", "NTA_name": "Crown Heights North", "managed_by": "Charter"}}, {"type": "Feature", "geometry": {"type": "Point", "coordinates": [-73.900432, 40.643834]}, "properties": {"system_code": "84K759", "location_code": "K759", "location_name": "Canarsie Ascend Charter School", "grades": "0K,01,02,03,04,05", "address": "9719 FLATLANDS AVENUE", "district": "18", "borough": "K", "status": "Open", "location_type": "General Academic", "category": "Elementary", "principal": "Anastasia Michals/Erica Homles-Ware", "phone": "347-713-0101", "NTA_name": "Canarsie", "managed_by": "Charter"}}, {"type": "Feature", "geometry": {"type": "Point", "coordinates": [-73.986867, 40.692434]}, "properties": {"system_code": "84K766", "location_code": "K766", "location_name": "The International Charter School of New York", "grades": "0K,01,02,03,04,05", "address": "55 Willoughby Street", "district": "13", "borough": "K", "status": "Open", "location_type": "General Academic", "category": "Elementary", "principal": "Ellen Borenstein", "phone": "NULL", "NTA_name": "DUMBO-Vinegar Hill-Downtown Brooklyn-Boerum Hill", "managed_by": "Charter"}}, {"type": "Feature", "geometry": {"type": "Point", "coordinates": [-73.898249, 40.667985]}, "properties": {"system_code": "84K769", "location_code": "K769", "location_name": "Hyde Leadership Charter School- Brooklyn", "grades": "0K,01,02,03,04,05,06", "address": "330 ALABAMA AVENUE", "district": "19", "borough": "K", "status": "Open", "location_type": "General Academic", "category": "Elementary", "principal": "Sandra J. Dupree/Christine Depina-Forbes", "phone": "718-495-5620", "NTA_name": "East New York (Pennsylvania Ave)", "managed_by": "Charter"}}, {"type": "Feature", "geometry": {"type": "Point", "coordinates": [-73.90892, 40.693748]}, "properties": {"system_code": "84K793", "location_code": "K793", "location_name": "Bushwick Ascend Charter School", "grades": "0K,01,02,03,04,05,06,07,08", "address": "751 KNICKERBOCKER AVENUE", "district": "32", "borough": "K", "status": "Open", "location_type": "General Academic", "category": "K-8", "principal": "Zelda Washington/Sarah Adams", "phone": "347-289-9080", "NTA_name": "Bushwick North", "managed_by": "Charter"}}, {"type": "Feature", "geometry": {"type": "Point", "coordinates": [-73.927979, 40.663388]}, "properties": {"system_code": "17K770", "location_code": "K770", "location_name": "P.S. 770 New American Academy", "grades": "0K,01,02,03,04,05", "address": "60 EAST \u00a094 STREET", "district": "17", "borough": "K", "status": "Open", "location_type": "General Academic", "category": "Elementary", "principal": "Jessica Saratovsky", "phone": "718-221-5837", "NTA_name": "Rugby-Remsen Village", "managed_by": "DOE"}}, {"type": "Feature", "geometry": {"type": "Point", "coordinates": [-73.984985, 40.608135]}, "properties": {"system_code": "84K772", "location_code": "K772", "location_name": "Success Academy Charter School - Bensonhurst - New", "grades": "0K,01,02,03,04,05,06,07,08", "address": "99 AVENUE P", "district": "21", "borough": "K", "status": "Open", "location_type": "General Academic", "category": "Elementary", "principal": "Jonathan Dant", "phone": "347-514-7082", "NTA_name": "Bensonhurst East", "managed_by": "Charter"}}, {"type": "Feature", "geometry": {"type": "Point", "coordinates": [-73.884211, 40.677112]}, "properties": {"system_code": "84K774", "location_code": "K774", "location_name": "Achievement First Apollo Charter School", "grades": "0K,01,02,03,04,05,06,07,08", "address": "350 LINWOOD STREET", "district": "19", "borough": "K", "status": "Open", "location_type": "General Academic", "category": "K-8", "principal": "Jesse Balis-Harris/Michael Hendricks", "phone": "718-235-2647", "NTA_name": "East New York", "managed_by": "Charter"}}, {"type": "Feature", "geometry": {"type": "Point", "coordinates": [-73.912914, 40.620537]}, "properties": {"system_code": "84K781", "location_code": "K781", "location_name": "Success Academy Charter School - Bergen Beach - Ne", "grades": "0K,01,02,03,04,05", "address": "1420 EAST \u00a068 STREET", "district": "22", "borough": "K", "status": "Open", "location_type": "General Academic", "category": "Elementary", "principal": "Jessica Johnson", "phone": "347-817-2017", "NTA_name": "Georgetown-Marine Park-Bergen Beach-Mill Basin", "managed_by": "Charter"}}, {"type": "Feature", "geometry": {"type": "Point", "coordinates": [-73.937717, 40.694676]}, "properties": {"system_code": "84K782", "location_code": "K782", "location_name": "Bedford Stuyvesant New Beginnings Charter School", "grades": "0K,01,02,03,04,05,06,07,08", "address": "82 LEWIS AVENUE", "district": "16", "borough": "K", "status": "Open", "location_type": "General Academic", "category": "K-8", "principal": "Patience Brown", "phone": "718-453-1001", "NTA_name": "Stuyvesant Heights", "managed_by": "Charter"}}, {"type": "Feature", "geometry": {"type": "Point", "coordinates": [-73.915159, 40.693542]}, "properties": {"system_code": "84K784", "location_code": "K784", "location_name": "Achievement First North Brooklyn Prep Charter Scho", "grades": "0K,01,02,03,04,05", "address": "200 WOODBINE STREET", "district": "32", "borough": "K", "status": "Open", "location_type": "General Academic", "category": "Elementary", "principal": "Kate Carroll/Peter Weiss", "phone": "347-471-2690", "NTA_name": "Bushwick South", "managed_by": "Charter"}}, {"type": "Feature", "geometry": {"type": "Point", "coordinates": [-73.883469, 40.660077]}, "properties": {"system_code": "84K785", "location_code": "K785", "location_name": "Imagine Me Leadership Charter School", "grades": "0K,01,02,03,04,05", "address": "818 SCHENCK AVENUE", "district": "19", "borough": "K", "status": "Open", "location_type": "General Academic", "category": "Elementary", "principal": "Katherine Corbett/Bevon Thompson", "phone": "347-985-2140", "NTA_name": "East New York", "managed_by": "Charter"}}, {"type": "Feature", "geometry": {"type": "Point", "coordinates": [-73.885704, 40.659934]}, "properties": {"system_code": "84K788", "location_code": "K788", "location_name": "Achievement First Linden Elementary School", "grades": "0K,01,02,03,04", "address": "800 VAN SICLEN AVE", "district": "19", "borough": "K", "status": "Open", "location_type": "General Academic", "category": "Elementary", "principal": "Amanda Hageman", "phone": "347-471-2700", "NTA_name": "East New York", "managed_by": "Charter"}}, {"type": "Feature", "geometry": {"type": "Point", "coordinates": [-73.971474, 40.688769]}, "properties": {"system_code": "84K789", "location_code": "K789", "location_name": "Compass Charter School", "grades": "0K,01,02,03,04,05", "address": "300 ADELPHI STREET", "district": "13", "borough": "K", "status": "Open", "location_type": "General Academic", "category": "Elementary", "principal": "Brooke Peters", "phone": "212-437-8372", "NTA_name": "Fort Greene", "managed_by": "Charter"}}, {"type": "Feature", "geometry": {"type": "Point", "coordinates": [-73.948982, 40.638957]}, "properties": {"system_code": "84K790", "location_code": "K790", "location_name": "Central Brooklyn Ascend Charter School", "grades": "0K,01,02,03,04,05", "address": "465 EAST \u00a029 STREET", "district": "22", "borough": "K", "status": "Open", "location_type": "General Academic", "category": "Elementary", "principal": "Michelle Flowers", "phone": "347-464-7600", "NTA_name": "Erasmus", "managed_by": "Charter"}}, {"type": "Feature", "geometry": {"type": "Point", "coordinates": [-73.969887, 40.632149]}, "properties": {"system_code": "84K791", "location_code": "K791", "location_name": "Brooklyn Dreams Charter School", "grades": "0K,01,02,03,04,05,06,07,08", "address": "259 PARKVILLE AVENUE", "district": "22", "borough": "K", "status": "Open", "location_type": "General Academic", "category": "K-8", "principal": "Omar Thomas", "phone": "718-859-8400", "NTA_name": "Flatbush", "managed_by": "Charter"}}, {"type": "Feature", "geometry": {"type": "Point", "coordinates": [-73.908341, 40.65452]}, "properties": {"system_code": "84K792", "location_code": "K792", "location_name": "The Cultural Arts Academy at Spring Creek Charter", "grades": "0K,01,02,03,04,05,06", "address": "1400 LINDEN BOULEVARD", "district": "18", "borough": "K", "status": "Open", "location_type": "General Academic", "category": "Elementary", "principal": "Laurie Midgette", "phone": "718-683-3300", "NTA_name": "Brownsville", "managed_by": "Charter"}}, {"type": "Feature", "geometry": {"type": "Point", "coordinates": [-73.95381, 40.656276]}, "properties": {"system_code": "84K796", "location_code": "K796", "location_name": "Lefferts Gardens Charter School", "grades": "0K,01,02,03,04,05", "address": "601 PARKSIDE AVENUE", "district": "17", "borough": "K", "status": "Closed", "location_type": "General Academic", "category": "Elementary", "principal": "Michael Windram", "phone": "718-284-1480", "NTA_name": "Prospect Lefferts Gardens-Wingate", "managed_by": "Charter"}}, {"type": "Feature", "geometry": {"type": "Point", "coordinates": [-73.922733, 40.643897]}, "properties": {"system_code": "84K797", "location_code": "K797", "location_name": "New Hope Academy Charter School", "grades": "0K,01,02,03,04,05", "address": "475 EAST \u00a0\u00a057 STREET", "district": "18", "borough": "K", "status": "Closed", "location_type": "General Academic", "category": "Elementary", "principal": "Dr. Temica Francis", "phone": "718-337-8303", "NTA_name": "Rugby-Remsen Village", "managed_by": "Charter"}}, {"type": "Feature", "geometry": {"type": "Point", "coordinates": [-73.956832, 40.681102]}, "properties": {"system_code": "84K879", "location_code": "K879", "location_name": "Brooklyn Prospect Charter School Downtown", "grades": "0K,01,02,03,04,05,06,07,08", "address": "1104 FULTON STREET", "district": "13", "borough": "K", "status": "Open", "location_type": "General Academic", "category": "K-8", "principal": "Jumaane Saunders/Jackie Deluca", "phone": "NULL", "NTA_name": "Clinton Hill", "managed_by": "Charter"}}, {"type": "Feature", "geometry": {"type": "Point", "coordinates": [-73.919653, 40.695975]}, "properties": {"system_code": "84K882", "location_code": "K882", "location_name": "Success Academy Charter School - Bushwick", "grades": "0K,01,02,03,04,05", "address": "139 MENAHAN STREET", "district": "32", "borough": "K", "status": "Open", "location_type": "General Academic", "category": "Elementary", "principal": "Katherine Haves", "phone": "NULL", "NTA_name": "Bushwick South", "managed_by": "Charter"}}, {"type": "Feature", "geometry": {"type": "Point", "coordinates": [-73.957501, 40.64879]}, "properties": {"system_code": "84K886", "location_code": "K886", "location_name": "Success Academy Charter School - Flatbush", "grades": "0K,01,02,03,04,05", "address": "15 SNYDER AVENUE", "district": "17", "borough": "K", "status": "Open", "location_type": "General Academic", "category": "Elementary", "principal": "Wintanna Abai", "phone": "NULL", "NTA_name": "Erasmus", "managed_by": "Charter"}}, {"type": "Feature", "geometry": {"type": "Point", "coordinates": [-73.97101, 40.644861]}, "properties": {"system_code": "22K889", "location_code": "K889", "location_name": "P.S. 889", "grades": "0K,01,02,03,04,05", "address": "21 HINCKLEY PLACE", "district": "15", "borough": "K", "status": "Open", "location_type": "General Academic", "category": "Elementary", "principal": "KATHRYN RYAN ANDERSON", "phone": "929-397-9171", "NTA_name": "Kensington-Ocean Parkway", "managed_by": "DOE"}}, {"type": "Feature", "geometry": {"type": "Point", "coordinates": [-73.986345, 40.600808]}, "properties": {"system_code": "84K895", "location_code": "K895", "location_name": "Hebrew Language Academy Charter School 2", "grades": "0K,01,02,03,04,05", "address": "1870 Stillwell Avenue", "district": "21", "borough": "K", "status": "Open", "location_type": "General Academic", "category": "Elementary", "principal": "Ashley Furan", "phone": "718-825-5610", "NTA_name": "Bensonhurst East", "managed_by": "Charter"}}, {"type": "Feature", "geometry": {"type": "Point", "coordinates": [-74.004306, 40.643018]}, "properties": {"system_code": "15K896", "location_code": "K896", "location_name": "The School of Creativity and Innovation", "grades": "PK,0K,01,02,03,04,05", "address": "736 48TH STREET", "district": "15", "borough": "K", "status": "Open", "location_type": "General Academic", "category": "Elementary", "principal": "RUTH RODRIGUEZ", "phone": "929-419-6049", "NTA_name": "Sunset Park East", "managed_by": "DOE"}}, {"type": "Feature", "geometry": {"type": "Point", "coordinates": [-73.910292, 40.665264]}, "properties": {"system_code": "84K912", "location_code": "K912", "location_name": "Key Collegiate Charter School", "grades": "04,05,06,07,08", "address": "250 BLAKE AVENUE", "district": "23", "borough": "K", "status": "Open", "location_type": "General Academic", "category": "Elementary", "principal": "Katie Mazer", "phone": "347-633-6059", "NTA_name": "Brownsville", "managed_by": "Charter"}}, {"type": "Feature", "geometry": {"type": "Point", "coordinates": [-73.910292, 40.665264]}, "properties": {"system_code": "84K912", "location_code": "K912", "location_name": "Key Collegiate Charter School", "grades": "04,05,06,07,08", "address": "250 BLAKE AVENUE", "district": "23", "borough": "K", "status": "Open", "location_type": "General Academic", "category": "Elementary", "principal": "Katie Mazer", "phone": "347-633-6059", "NTA_name": "Brownsville", "managed_by": "Charter"}}, {"type": "Feature", "geometry": {"type": "Point", "coordinates": [-73.922733, 40.643897]}, "properties": {"system_code": "84K927", "location_code": "K927", "location_name": "Ivy Hill Preparatory Charter School", "grades": "", "address": "475 EAST \u00a0\u00a057 STREET", "district": "18", "borough": "K", "status": "Open", "location_type": "General Academic", "category": "Elementary", "principal": "NULL", "phone": "NULL", "NTA_name": "Rugby-Remsen Village", "managed_by": "Charter"}}, {"type": "Feature", "geometry": {"type": "Point", "coordinates": [-74.012089, 40.642877]}, "properties": {"system_code": "84K930", "location_code": "K930", "location_name": "LEEP Dual Language Academy", "grades": "", "address": "5323 5 AVENUE", "district": "15", "borough": "K", "status": "Open", "location_type": "General Academic", "category": "Elementary", "principal": "NULL", "phone": "NULL", "NTA_name": "Sunset Park East", "managed_by": "Charter"}}, {"type": "Feature", "geometry": {"type": "Point", "coordinates": [-73.939706, 40.652671]}, "properties": {"system_code": "84K933", "location_code": "K933", "location_name": "Lefferts Gardens Ascend Charter School", "grades": "", "address": "870 ALBANY AVENUE", "district": "18", "borough": "K", "status": "Open", "location_type": "General Academic", "category": "Elementary", "principal": "NULL", "phone": "NULL", "NTA_name": "East Flatbush-Farragut", "managed_by": "Charter"}}, {"type": "Feature", "geometry": {"type": "Point", "coordinates": [-73.939706, 40.652671]}, "properties": {"system_code": "84K934", "location_code": "K934", "location_name": "East Flatbush Ascend Charter School", "grades": "", "address": "870 ALBANY AVENUE", "district": "18", "borough": "K", "status": "Open", "location_type": "General Academic", "category": "Elementary", "principal": "NULL", "phone": "NULL", "NTA_name": "East Flatbush-Farragut", "managed_by": "Charter"}}, {"type": "Feature", "geometry": {"type": "Point", "coordinates": [-74.01214, 40.643747]}, "properties": {"system_code": "84K937", "location_code": "K937", "location_name": "Brooklyn RISE Charter School", "grades": "", "address": "473 53 STREET", "district": "15", "borough": "K", "status": "Open", "location_type": "General Academic", "category": "Elementary", "principal": "NULL", "phone": "NULL", "NTA_name": "Sunset Park West", "managed_by": "Charter"}}, {"type": "Feature", "geometry": {"type": "Point", "coordinates": [-74.020343, 40.639518]}, "properties": {"system_code": "20K971", "location_code": "K971", "location_name": "School of Math, Science, and Healthy Living", "grades": "0K,01,02,03,04,05", "address": "6214 4TH AVENUE", "district": "20", "borough": "K", "status": "Open", "location_type": "General Academic", "category": "Elementary", "principal": "Ruth Stanislaus", "phone": "718-765-2200", "NTA_name": "Sunset Park West", "managed_by": "DOE"}}, {"type": "Feature", "geometry": {"type": "Point", "coordinates": [-73.997478, 40.71255]}, "properties": {"system_code": "02M001", "location_code": "M001", "location_name": "P.S. 001 Alfred E. Smith", "grades": "PK,0K,01,02,03,04,05", "address": "8 HENRY STREET", "district": "2", "borough": "M", "status": "Open", "location_type": "General Academic", "category": "Elementary", "principal": "AMY HOM", "phone": "212-267-4133", "NTA_name": "Chinatown", "managed_by": "DOE"}}, {"type": "Feature", "geometry": {"type": "Point", "coordinates": [-73.991523, 40.712907]}, "properties": {"system_code": "02M002", "location_code": "M002", "location_name": "P.S. 002 Meyer London", "grades": "PK,0K,01,02,03,04,05", "address": "122 HENRY STREET", "district": "2", "borough": "M", "status": "Open", "location_type": "General Academic", "category": "Elementary", "principal": "Silvana Ng", "phone": "212-964-0350", "NTA_name": "Lower East Side", "managed_by": "DOE"}}, {"type": "Feature", "geometry": {"type": "Point", "coordinates": [-74.005949, 40.732603]}, "properties": {"system_code": "02M003", "location_code": "M003", "location_name": "P.S. 003 Charrette School", "grades": "PK,0K,01,02,03,04,05", "address": "490 HUDSON STREET", "district": "2", "borough": "M", "status": "Open", "location_type": "General Academic", "category": "Elementary", "principal": "Hillary Casado", "phone": "212-691-1183", "NTA_name": "West Village", "managed_by": "DOE"}}, {"type": "Feature", "geometry": {"type": "Point", "coordinates": [-73.941594, 40.834877]}, "properties": {"system_code": "06M004", "location_code": "M004", "location_name": "P.S. 004 Duke Ellington", "grades": "PK,0K,01,02,03,04,05", "address": "500 WEST 160 STREET", "district": "6", "borough": "M", "status": "Open", "location_type": "General Academic", "category": "Elementary", "principal": "ADAM STEVENS", "phone": "212-928-0739", "NTA_name": "Washington Heights South", "managed_by": "DOE"}}, {"type": "Feature", "geometry": {"type": "Point", "coordinates": [-73.922277, 40.857633]}, "properties": {"system_code": "06M005", "location_code": "M005", "location_name": "P.S. 005 Ellen Lurie", "grades": "0K,01,02,03,04,05", "address": "3703 TENTH AVENUE", "district": "6", "borough": "M", "status": "Open", "location_type": "General Academic", "category": "Elementary", "principal": "Christophe Anest", "phone": "212-567-8109", "NTA_name": "Marble Hill-Inwood", "managed_by": "DOE"}}, {"type": "Feature", "geometry": {"type": "Point", "coordinates": [-73.960427, 40.777737]}, "properties": {"system_code": "02M006", "location_code": "M006", "location_name": "P.S. 006 Lillie D. Blake", "grades": "0K,01,02,03,04,05", "address": "45 EAST \u00a081 STREET", "district": "2", "borough": "M", "status": "Open", "location_type": "General Academic", "category": "Elementary", "principal": "LAUREN FONTANA", "phone": "212-452-6650", "NTA_name": "Upper East Side-Carnegie Hill", "managed_by": "DOE"}}, {"type": "Feature", "geometry": {"type": "Point", "coordinates": [-73.939374, 40.800616]}, "properties": {"system_code": "04M007", "location_code": "M007", "location_name": "P.S. 007 Samuel Stern", "grades": "PK,0K,01,02,03,04,05,06,07,08", "address": "160 EAST 120 STREET", "district": "4", "borough": "M", "status": "Open", "location_type": "General Academic", "category": "K-8", "principal": "NULL", "phone": "212-860-5827", "NTA_name": "East Harlem North", "managed_by": "DOE"}}, {"type": "Feature", "geometry": {"type": "Point", "coordinates": [-73.936614, 40.839235]}, "properties": {"system_code": "06M008", "location_code": "M008", "location_name": "P.S. 008 Luis Belliard", "grades": "0K,01,02,03,04,05", "address": "465 WEST 167 STREET", "district": "6", "borough": "M", "status": "Open", "location_type": "General Academic", "category": "Elementary", "principal": "Washington Hernandez", "phone": "212-928-4157", "NTA_name": "Washington Heights South", "managed_by": "DOE"}}, {"type": "Feature", "geometry": {"type": "Point", "coordinates": [-73.974256, 40.785234]}, "properties": {"system_code": "03M009", "location_code": "M009", "location_name": "P.S. 009 Sarah Anderson", "grades": "PK,0K,01,02,03,04,05", "address": "100 WEST \u00a084 STREET", "district": "3", "borough": "M", "status": "Open", "location_type": "General Academic", "category": "Elementary", "principal": "Katherine Witzke", "phone": "212-678-2812", "NTA_name": "Upper West Side", "managed_by": "DOE"}}, {"type": "Feature", "geometry": {"type": "Point", "coordinates": [-74.000743, 40.744186]}, "properties": {"system_code": "02M011", "location_code": "M011", "location_name": "P.S. 011 William T. Harris", "grades": "PK,0K,01,02,03,04,05", "address": "320 WEST \u00a021 STREET", "district": "2", "borough": "M", "status": "Open", "location_type": "General Academic", "category": "Elementary", "principal": "ROBERT BENDER", "phone": "212-929-1743", "NTA_name": "Hudson Yards-Chelsea-Flatiron-Union Square", "managed_by": "DOE"}}, {"type": "Feature", "geometry": {"type": "Point", "coordinates": [-73.942285, 40.792556]}, "properties": {"system_code": "04M012", "location_code": "M012", "location_name": "Tag Young Scholars", "grades": "0K,01,02,03,04,05,06,07,08", "address": "240 EAST 109 STREET", "district": "4", "borough": "M", "status": "Open", "location_type": "General Academic", "category": "K-8", "principal": "JANETTE CESAR", "phone": "212-860-6003", "NTA_name": "East Harlem South", "managed_by": "DOE"}}, {"type": "Feature", "geometry": {"type": "Point", "coordinates": [-73.978747, 40.722075]}, "properties": {"system_code": "01M015", "location_code": "M015", "location_name": "P.S. 015 Roberto Clemente", "grades": "PK,0K,01,02,03,04,05", "address": "333 EAST \u00a04 STREET", "district": "1", "borough": "M", "status": "Open", "location_type": "General Academic", "category": "Elementary", "principal": "IRENE SANCHEZ", "phone": "212-228-8730", "NTA_name": "Lower East Side", "managed_by": "DOE"}}, {"type": "Feature", "geometry": {"type": "Point", "coordinates": [-73.911732, 40.871456]}, "properties": {"system_code": "06M018", "location_code": "M018", "location_name": "P.S. 018 Park Terrace", "grades": "0K,01,02,03,04,05,06,07,08", "address": "4124 9 AVENUE", "district": "6", "borough": "M", "status": "Open", "location_type": "General Academic", "category": "K-8", "principal": "CONNIE MEJIA", "phone": "917-521-2220", "NTA_name": "Marble Hill-Inwood", "managed_by": "DOE"}}, {"type": "Feature", "geometry": {"type": "Point", "coordinates": [-73.984496, 40.730009]}, "properties": {"system_code": "01M019", "location_code": "M019", "location_name": "P.S. 019 Asher Levy", "grades": "PK,0K,01,02,03,04,05", "address": "185 1 AVENUE", "district": "1", "borough": "M", "status": "Open", "location_type": "General Academic", "category": "Elementary", "principal": "JACQUELINE FLANAGAN", "phone": "212-533-5340", "NTA_name": "East Village", "managed_by": "DOE"}}, {"type": "Feature", "geometry": {"type": "Point", "coordinates": [-73.986312, 40.721305]}, "properties": {"system_code": "01M020", "location_code": "M020", "location_name": "P.S. 020 Anna Silver", "grades": "PK,0K,01,02,03,04,05", "address": "166 ESSEX STREET", "district": "1", "borough": "M", "status": "Open", "location_type": "General Academic", "category": "Elementary", "principal": "SARAH PINTO VIAGRAN", "phone": "212-254-9577", "NTA_name": "Chinatown", "managed_by": "DOE"}}, {"type": "Feature", "geometry": {"type": "Point", "coordinates": [-73.942023, 40.83163]}, "properties": {"system_code": "06M028", "location_code": "M028", "location_name": "P.S. 028 Wright Brothers", "grades": "PK,0K,01,02,03,04,05", "address": "475 WEST 155 STREET", "district": "6", "borough": "M", "status": "Open", "location_type": "General Academic", "category": "Elementary", "principal": "LUIS FERNANDEZ", "phone": "212-690-3014", "NTA_name": "Washington Heights South", "managed_by": "DOE"}}, {"type": "Feature", "geometry": {"type": "Point", "coordinates": [-73.935461, 40.805653]}, "properties": {"system_code": "05M030", "location_code": "M030", "location_name": "P.S. 030 Hernandez/Hughes", "grades": "PK,0K,01,02,03,04,05", "address": "144-176 EAST 128 STREET", "district": "5", "borough": "M", "status": "Open", "location_type": "General Academic", "category": "Elementary", "principal": "LEONNA AUSTIN", "phone": "212-876-1825", "NTA_name": "East Harlem North", "managed_by": "DOE"}}, {"type": "Feature", "geometry": {"type": "Point", "coordinates": [-74.000238, 40.749014]}, "properties": {"system_code": "02M033", "location_code": "M033", "location_name": "P.S. 033 Chelsea Prep", "grades": "PK,0K,01,02,03,04,05", "address": "281 9 AVENUE", "district": "2", "borough": "M", "status": "Open", "location_type": "General Academic", "category": "Elementary", "principal": "Chingchien Wang", "phone": "212-244-6426", "NTA_name": "Hudson Yards-Chelsea-Flatiron-Union Square", "managed_by": "DOE"}}, {"type": "Feature", "geometry": {"type": "Point", "coordinates": [-73.975058, 40.726008]}, "properties": {"system_code": "01M034", "location_code": "M034", "location_name": "P.S. 034 Franklin D. Roosevelt", "grades": "PK,0K,01,02,03,04,05,06,07,08", "address": "730 EAST \u00a012 STREET", "district": "1", "borough": "M", "status": "Open", "location_type": "General Academic", "category": "K-8", "principal": "ANGELIKI LOUKATOS", "phone": "212-228-4433", "NTA_name": "Lower East Side", "managed_by": "DOE"}}, {"type": "Feature", "geometry": {"type": "Point", "coordinates": [-73.957409, 40.810705]}, "properties": {"system_code": "05M036", "location_code": "M036", "location_name": "P.S. 036 Margaret Douglas", "grades": "PK,0K,01,02,03,04,05", "address": "123 MORNINGSIDE DRIVE", "district": "5", "borough": "M", "status": "Open", "location_type": "General Academic", "category": "Elementary", "principal": "Heather Jn Baptist", "phone": "212-690-5807", "NTA_name": "Morningside Heights", "managed_by": "DOE"}}, {"type": "Feature", "geometry": {"type": "Point", "coordinates": [-73.93374, 40.799265]}, "properties": {"system_code": "04M037", "location_code": "M037", "location_name": "River East Elementary", "grades": "0K,01,02,03,04,05", "address": "2351 FIRST AVENUE", "district": "4", "borough": "M", "status": "Open", "location_type": "General Academic", "category": "Elementary", "principal": "Michael Panetta", "phone": "212-802-3035", "NTA_name": "East Harlem North", "managed_by": "DOE"}}, {"type": "Feature", "geometry": {"type": "Point", "coordinates": [-73.944762, 40.788668]}, "properties": {"system_code": "04M038", "location_code": "M038", "location_name": "P.S. 38 Roberto Clemente", "grades": "PK,0K,01,02,03,04,05", "address": "232 EAST 103 STREET", "district": "4", "borough": "M", "status": "Open", "location_type": "General Academic", "category": "Elementary", "principal": "Carlina Santos Barton", "phone": "212-860-5882", "NTA_name": "East Harlem South", "managed_by": "DOE"}}, {"type": "Feature", "geometry": {"type": "Point", "coordinates": [-73.981536, 40.735328]}, "properties": {"system_code": "02M040", "location_code": "M040", "location_name": "P.S. 040 Augustus Saint-Gaudens", "grades": "PK,0K,01,02,03,04,05", "address": "320 EAST 20TH STREET", "district": "2", "borough": "M", "status": "Open", "location_type": "General Academic", "category": "Elementary", "principal": "SUSAN FELDER", "phone": "212-475-5500", "NTA_name": "Gramercy", "managed_by": "DOE"}}, {"type": "Feature", "geometry": {"type": "Point", "coordinates": [-73.981536, 40.735328]}, "properties": {"system_code": "02M040", "location_code": "M040", "location_name": "P.S. 040 Augustus Saint-Gaudens", "grades": "PK,0K,01,02,03,04,05", "address": "320 EAST 20TH STREET", "district": "2", "borough": "M", "status": "Open", "location_type": "General Academic", "category": "Elementary", "principal": "SUSAN FELDER", "phone": "212-475-5500", "NTA_name": "Gramercy", "managed_by": "DOE"}}, {"type": "Feature", "geometry": {"type": "Point", "coordinates": [-73.999094, 40.73545]}, "properties": {"system_code": "02M041", "location_code": "M041", "location_name": "P.S. 041 Greenwich Village", "grades": "PK,0K,01,02,03,04,05", "address": "116 WEST \u00a011 STREET", "district": "2", "borough": "M", "status": "Open", "location_type": "General Academic", "category": "Elementary", "principal": "KELLY SHANNON", "phone": "212-675-2756", "NTA_name": "West Village", "managed_by": "DOE"}}, {"type": "Feature", "geometry": {"type": "Point", "coordinates": [-73.990826, 40.716126]}, "properties": {"system_code": "02M042", "location_code": "M042", "location_name": "P.S. 042 Benjamin Altman", "grades": "PK,0K,01,02,03,04,05", "address": "71 HESTER STREET", "district": "2", "borough": "M", "status": "Open", "location_type": "General Academic", "category": "Elementary", "principal": "May Lee", "phone": "212-226-8410", "NTA_name": "Chinatown", "managed_by": "DOE"}}, {"type": "Feature", "geometry": {"type": "Point", "coordinates": [-73.9363, 40.8304]}, "properties": {"system_code": "05M046", "location_code": "M046", "location_name": "P.S. 046 Arthur Tappan", "grades": "0K,01,02,03,04,05,06,07,08,SE", "address": "2987 FREDERICK DOUGLASS BOULEVARD", "district": "5", "borough": "M", "status": "Open", "location_type": "General Academic", "category": "K-8", "principal": "Kerry ann Hazell", "phone": "212-360-1519", "NTA_name": "Central Harlem North-Polo Grounds", "managed_by": "DOE"}}, {"type": "Feature", "geometry": {"type": "Point", "coordinates": [-73.933629, 40.853193]}, "properties": {"system_code": "06M048", "location_code": "M048", "location_name": "P.S. 048 P.O. Michael J. Buczek", "grades": "PK,0K,01,02,03,04,05", "address": "4360-78 BROADWAY", "district": "6", "borough": "M", "status": "Open", "location_type": "General Academic", "category": "Elementary", "principal": "CAMILIO MEJIA", "phone": "917-521-3800", "NTA_name": "Washington Heights North", "managed_by": "DOE"}}, {"type": "Feature", "geometry": {"type": "Point", "coordinates": [-73.940919, 40.785559]}, "properties": {"system_code": "04M050", "location_code": "M050", "location_name": "P.S. 050 Vito Marcantonio", "grades": "0K,01,02,03,04,05,06,07,08", "address": "433 EAST 100 STREET", "district": "4", "borough": "M", "status": "Closed", "location_type": "General Academic", "category": "K-8", "principal": "Ellen Johnson", "phone": "212-860-5976", "NTA_name": "East Harlem South", "managed_by": "DOE"}}, {"type": "Feature", "geometry": {"type": "Point", "coordinates": [-73.995825, 40.761487]}, "properties": {"system_code": "02M051", "location_code": "M051", "location_name": "P.S. 051 Elias Howe", "grades": "0K,01,02,03,04,05", "address": "525 WEST 44TH STREET", "district": "2", "borough": "M", "status": "Open", "location_type": "General Academic", "category": "Elementary", "principal": "Stephanie Lukas", "phone": "212-315-7160", "NTA_name": "Clinton", "managed_by": "DOE"}}, {"type": "Feature", "geometry": {"type": "Point", "coordinates": [-73.941598, 40.797205]}, "properties": {"system_code": "04M057", "location_code": "M057", "location_name": "James Weldon Johnson", "grades": "PK,0K,01,02,03,04,05,06,07,08", "address": "176 EAST 115 STREET", "district": "4", "borough": "M", "status": "Open", "location_type": "General Academic", "category": "K-8", "principal": "Yaira Jimenez", "phone": "212-876-5522", "NTA_name": "East Harlem North", "managed_by": "DOE"}}, {"type": "Feature", "geometry": {"type": "Point", "coordinates": [-73.967204, 40.759248]}, "properties": {"system_code": "02M059", "location_code": "M059", "location_name": "P.S. 059 Beekman Hill International", "grades": "0K,01,02,03,04,05", "address": "231-249 EAST 56 STREET", "district": "2", "borough": "M", "status": "Open", "location_type": "General Academic", "category": "Elementary", "principal": "ADELE SCHROETER", "phone": "212-888-7870", "NTA_name": "Turtle Bay-East Midtown", "managed_by": "DOE"}}, {"type": "Feature", "geometry": {"type": "Point", "coordinates": [-73.986214, 40.72444]}, "properties": {"system_code": "01M063", "location_code": "M063", "location_name": "The STAR Academy - P.S.63", "grades": "PK,0K,01,02,03,04,05", "address": "121 EAST \u00a03 STREET", "district": "1", "borough": "M", "status": "Open", "location_type": "General Academic", "category": "Elementary", "principal": "DARLENE CAMERON", "phone": "212-674-3180", "NTA_name": "East Village", "managed_by": "DOE"}}, {"type": "Feature", "geometry": {"type": "Point", "coordinates": [-73.981597, 40.72313]}, "properties": {"system_code": "01M064", "location_code": "M064", "location_name": "P.S. 064 Robert Simon", "grades": "PK,0K,01,02,03,04,05", "address": "600 EAST \u00a06 STREET", "district": "1", "borough": "M", "status": "Open", "location_type": "General Academic", "category": "Elementary", "principal": "Marlon L. Hosang", "phone": "212-673-6510", "NTA_name": "Lower East Side", "managed_by": "DOE"}}, {"type": "Feature", "geometry": {"type": "Point", "coordinates": [-73.94745, 40.791444]}, "properties": {"system_code": "04M072", "location_code": "M072", "location_name": "The Lexington Academy", "grades": "PK,0K,01,02,03,04,05,06,07,08", "address": "131 EAST 104 STREET", "district": "4", "borough": "M", "status": "Open", "location_type": "General Academic", "category": "K-8", "principal": "Antonio Hernandez", "phone": "212-860-5831", "NTA_name": "East Harlem South", "managed_by": "DOE"}}, {"type": "Feature", "geometry": {"type": "Point", "coordinates": [-73.973996, 40.795109]}, "properties": {"system_code": "03M075", "location_code": "M075", "location_name": "P.S. 075 Emily Dickinson", "grades": "0K,01,02,03,04,05", "address": "735 WEST END AVENUE", "district": "3", "borough": "M", "status": "Open", "location_type": "General Academic", "category": "Elementary", "principal": "George Georgilakis", "phone": "212-866-5400", "NTA_name": "Upper West Side", "managed_by": "DOE"}}, {"type": "Feature", "geometry": {"type": "Point", "coordinates": [-73.951451, 40.806534]}, "properties": {"system_code": "03M076", "location_code": "M076", "location_name": "P.S. 076 A. Philip Randolph", "grades": "PK,0K,01,02,03,04,05,06,07,08", "address": "220 WEST 121 STREET", "district": "3", "borough": "M", "status": "Open", "location_type": "General Academic", "category": "K-8", "principal": "CHARLES DEBERRY", "phone": "212-678-2865", "NTA_name": "Central Harlem South", "managed_by": "DOE"}}, {"type": "Feature", "geometry": {"type": "Point", "coordinates": [-73.95042, 40.785018]}, "properties": {"system_code": "02M077", "location_code": "M077", "location_name": "P.S. 77 Lower Lab School", "grades": "0K,01,02,03,04,05", "address": "1700 3 AVENUE", "district": "2", "borough": "M", "status": "Open", "location_type": "General Academic", "category": "Elementary", "principal": "Sandra Miller", "phone": "212-427-2798", "NTA_name": "Upper East Side-Carnegie Hill", "managed_by": "DOE"}}, {"type": "Feature", "geometry": {"type": "Point", "coordinates": [-73.986051, 40.713362]}, "properties": {"system_code": "84M080", "location_code": "M080", "location_name": "Manhattan Charter School II", "grades": "0K,01,02,03,04,05", "address": "220 HENRY STREET", "district": "1", "borough": "M", "status": "Open", "location_type": "General Academic", "category": "Elementary", "principal": "Amy Salazar/Genie Depolo", "phone": "212-964-3792", "NTA_name": "Lower East Side", "managed_by": "Charter"}}, {"type": "Feature", "geometry": {"type": "Point", "coordinates": [-73.941955, 40.793363]}, "properties": {"system_code": "04M083", "location_code": "M083", "location_name": "P.S. 083 Luis Munoz Rivera", "grades": "PK,0K,01,02,03,04,05", "address": "219 EAST 109 STREET", "district": "4", "borough": "M", "status": "Open", "location_type": "General Academic", "category": "Elementary", "principal": "FRANCES CASTILLO", "phone": "212-860-5847", "NTA_name": "East Harlem North", "managed_by": "DOE"}}, {"type": "Feature", "geometry": {"type": "Point", "coordinates": [-73.968419, 40.789479]}, "properties": {"system_code": "03M084", "location_code": "M084", "location_name": "P.S. 084 Lillian Weber", "grades": "PK,0K,01,02,03,04,05", "address": "32 WEST \u00a092 STREET", "district": "3", "borough": "M", "status": "Open", "location_type": "General Academic", "category": "Elementary", "principal": "Evelyn J. Lolis, Ed.D.", "phone": "212-799-2534", "NTA_name": "Upper West Side", "managed_by": "DOE"}}, {"type": "Feature", "geometry": {"type": "Point", "coordinates": [-73.934951, 40.81698]}, "properties": {"system_code": "84M085", "location_code": "M085", "location_name": "Global Community Charter School", "grades": "0K,01,02,03,04,05", "address": "2350 5TH AVENUE", "district": "5", "borough": "M", "status": "Open", "location_type": "General Academic", "category": "Elementary", "principal": "Kristan Norgrove/Bill Holmes", "phone": "646-360-2363", "NTA_name": "Central Harlem North-Polo Grounds", "managed_by": "Charter"}}, {"type": "Feature", "geometry": {"type": "Point", "coordinates": [-73.97802, 40.78171]}, "properties": {"system_code": "03M087", "location_code": "M087", "location_name": "P.S. 087 William Sherman", "grades": "PK,0K,01,02,03,04,05", "address": "160 WEST \u00a078 STREET", "district": "3", "borough": "M", "status": "Open", "location_type": "General Academic", "category": "Elementary", "principal": "MONICA BERRY", "phone": "212-678-2826", "NTA_name": "Upper West Side", "managed_by": "DOE"}}, {"type": "Feature", "geometry": {"type": "Point", "coordinates": [-74.013967, 40.71701]}, "properties": {"system_code": "02M089", "location_code": "M089", "location_name": "P.S. 89", "grades": "PK,0K,01,02,03,04,05", "address": "201 WARREN STREET", "district": "2", "borough": "M", "status": "Open", "location_type": "General Academic", "category": "Elementary", "principal": "VERONICA NAJJAR", "phone": "212-571-5659", "NTA_name": "Battery Park City-Lower Manhattan", "managed_by": "DOE"}}, {"type": "Feature", "geometry": {"type": "Point", "coordinates": [-73.945838, 40.814917]}, "properties": {"system_code": "05M092", "location_code": "M092", "location_name": "P.S. 092 Mary McLeod Bethune", "grades": "PK,0K,01,02,03,04,05", "address": "222 WEST 134 STREET", "district": "5", "borough": "M", "status": "Open", "location_type": "General Academic", "category": "Elementary", "principal": "ROSA DAVILA", "phone": "212-690-5915", "NTA_name": "Central Harlem North-Polo Grounds", "managed_by": "DOE"}}, {"type": "Feature", "geometry": {"type": "Point", "coordinates": [-73.937179, 40.79969]}, "properties": {"system_code": "04M096", "location_code": "M096", "location_name": "P.S. 096 Joseph Lanzetta", "grades": "PK,0K,01,02,03,04,05,06,07,08", "address": "216 EAST 120 STREET", "district": "4", "borough": "M", "status": "Open", "location_type": "General Academic", "category": "K-8", "principal": "James Konstantinakos", "phone": "212-860-5851", "NTA_name": "East Harlem North", "managed_by": "DOE"}}, {"type": "Feature", "geometry": {"type": "Point", "coordinates": [-73.917814, 40.867741]}, "properties": {"system_code": "06M098", "location_code": "M098", "location_name": "P.S. 098 Shorac Kappock", "grades": "PK,0K,01,02,03,04,05", "address": "512 WEST 212 STREET", "district": "6", "borough": "M", "status": "Open", "location_type": "General Academic", "category": "Elementary", "principal": "MARITZA RODRIGUEZ", "phone": "212-927-7870", "NTA_name": "Marble Hill-Inwood", "managed_by": "DOE"}}, {"type": "Feature", "geometry": {"type": "Point", "coordinates": [-73.945427, 40.823676]}, "properties": {"system_code": "84M100", "location_code": "M100", "location_name": "Neighborhood Charter School of Harlem", "grades": "0K,01,02,03,04,05,06,07,08", "address": "691 St Nicholas Avenue", "district": "6", "borough": "M", "status": "Open", "location_type": "General Academic", "category": "K-8", "principal": "Brett Gallini", "phone": "646-701-7117", "NTA_name": "Hamilton Heights", "managed_by": "Charter"}}, {"type": "Feature", "geometry": {"type": "Point", "coordinates": [-73.938418, 40.795]}, "properties": {"system_code": "04M102", "location_code": "M102", "location_name": "P.S. 102 Jacques Cartier", "grades": "PK,0K,01,02,03,04,05", "address": "315 EAST 113 STREET", "district": "4", "borough": "M", "status": "Open", "location_type": "General Academic", "category": "Elementary", "principal": "GAYNELL TAYLOR", "phone": "212-860-5834", "NTA_name": "East Harlem North", "managed_by": "DOE"}}, {"type": "Feature", "geometry": {"type": "Point", "coordinates": [-73.933964, 40.850561]}, "properties": {"system_code": "06M103", "location_code": "M103", "location_name": "Dos Puentes Elementary School", "grades": "0K,01,02,03,04,05", "address": "185 WADSWORTH AVENUE", "district": "6", "borough": "M", "status": "Open", "location_type": "General Academic", "category": "Elementary", "principal": "Victoria Hunt", "phone": "212-781-1803", "NTA_name": "Washington Heights North", "managed_by": "DOE"}}, {"type": "Feature", "geometry": {"type": "Point", "coordinates": [-73.947855, 40.795032]}, "properties": {"system_code": "04M108", "location_code": "M108", "location_name": "P.S. 108 Assemblyman Angelo Del Toro Educational C", "grades": "PK,0K,01,02,03,04,05,06,07,08", "address": "1615 MADISON AVENUE", "district": "4", "borough": "M", "status": "Open", "location_type": "General Academic", "category": "K-8", "principal": "William Gladstone", "phone": "212-860-5803", "NTA_name": "East Harlem South", "managed_by": "DOE"}}, {"type": "Feature", "geometry": {"type": "Point", "coordinates": [-73.9425, 40.7856]}, "properties": {"system_code": "04M109", "location_code": "M109", "location_name": "PS 109 Century", "grades": "0K,01,02,03,04,05,06", "address": "410 EAST 100 STREET", "district": "4", "borough": "M", "status": "Closed", "location_type": "General Academic", "category": "Elementary", "principal": "NULL", "phone": "212-860-8940", "NTA_name": "East Harlem South", "managed_by": "DOE"}}, {"type": "Feature", "geometry": {"type": "Point", "coordinates": [-73.9798, 40.7162]}, "properties": {"system_code": "01M110", "location_code": "M110", "location_name": "P.S. 110 Florence Nightingale", "grades": "PK,0K,01,02,03,04,05", "address": "285 DELANCY STREET", "district": "1", "borough": "M", "status": "Open", "location_type": "General Academic", "category": "Elementary", "principal": "KAREN FEUER", "phone": "212-674-2690", "NTA_name": "Lower East Side", "managed_by": "DOE"}}, {"type": "Feature", "geometry": {"type": "Point", "coordinates": [-73.989776, 40.76588]}, "properties": {"system_code": "02M111", "location_code": "M111", "location_name": "P.S. 111 Adolph S. Ochs", "grades": "PK,0K,01,02,03,04,05", "address": "440 WEST \u00a053 STREET", "district": "2", "borough": "M", "status": "Open", "location_type": "General Academic", "category": "Elementary", "principal": "Edward Gilligan", "phone": "212-582-7420", "NTA_name": "Clinton", "managed_by": "DOE"}}, {"type": "Feature", "geometry": {"type": "Point", "coordinates": [-73.93514, 40.846116]}, "properties": {"system_code": "06M115", "location_code": "M115", "location_name": "P.S. 115 Alexander Humboldt", "grades": "0K,01,02,03,04,05", "address": "586 WEST 177 STREET", "district": "6", "borough": "M", "status": "Open", "location_type": "General Academic", "category": "Elementary", "principal": "Boris Consuegra", "phone": "212-927-9233", "NTA_name": "Washington Heights South", "managed_by": "DOE"}}, {"type": "Feature", "geometry": {"type": "Point", "coordinates": [-73.977906, 40.744511]}, "properties": {"system_code": "02M116", "location_code": "M116", "location_name": "P.S. 116 Mary Lindley Murray", "grades": "0K,01,02,03,04,05", "address": "210 EAST \u00a033 STREET", "district": "2", "borough": "M", "status": "Open", "location_type": "General Academic", "category": "Elementary", "principal": "JANE HSU", "phone": "212-685-4366", "NTA_name": "Murray Hill-Kips Bay", "managed_by": "DOE"}}, {"type": "Feature", "geometry": {"type": "Point", "coordinates": [-73.944551, 40.820216]}, "properties": {"system_code": "05M123", "location_code": "M123", "location_name": "P.S. 123 Mahalia Jackson", "grades": "PK,0K,01,02,03,04,05,06,07,08", "address": "301 WEST 140 STREET", "district": "5", "borough": "M", "status": "Open", "location_type": "General Academic", "category": "K-8", "principal": "Melitina Hernandez", "phone": "212-342-6200", "NTA_name": "Central Harlem North-Polo Grounds", "managed_by": "DOE"}}, {"type": "Feature", "geometry": {"type": "Point", "coordinates": [-73.996017, 40.715097]}, "properties": {"system_code": "02M124", "location_code": "M124", "location_name": "P.S. 124 Yung Wing", "grades": "PK,0K,01,02,03,04,05", "address": "40 DIVISION STREET", "district": "2", "borough": "M", "status": "Open", "location_type": "General Academic", "category": "Elementary", "principal": "ALICE HOM", "phone": "212-966-7237", "NTA_name": "Chinatown", "managed_by": "DOE"}}, {"type": "Feature", "geometry": {"type": "Point", "coordinates": [-73.955722, 40.810793]}, "properties": {"system_code": "05M125", "location_code": "M125", "location_name": "P.S. 125 Ralph Bunche", "grades": "0K,01,02,03,04,05", "address": "425 WEST 123 STREET", "district": "5", "borough": "M", "status": "Open", "location_type": "General Academic", "category": "Elementary", "principal": "Reginald Higgins", "phone": "212-666-6400", "NTA_name": "Morningside Heights", "managed_by": "DOE"}}, {"type": "Feature", "geometry": {"type": "Point", "coordinates": [-73.955722, 40.810793]}, "properties": {"system_code": "05M125", "location_code": "M125", "location_name": "P.S. 125 Ralph Bunche", "grades": "0K,01,02,03,04,05", "address": "425 WEST 123 STREET", "district": "5", "borough": "M", "status": "Open", "location_type": "General Academic", "category": "Elementary", "principal": "Reginald Higgins", "phone": "212-666-6400", "NTA_name": "Morningside Heights", "managed_by": "DOE"}}, {"type": "Feature", "geometry": {"type": "Point", "coordinates": [-73.99742, 40.710651]}, "properties": {"system_code": "02M126", "location_code": "M126", "location_name": "P.S. 126 Jacob August Riis", "grades": "PK,0K,01,02,03,04,05,06,07,08", "address": "80 CATHERINE STREET", "district": "2", "borough": "M", "status": "Open", "location_type": "General Academic", "category": "K-8", "principal": "Carlos Romero", "phone": "212-962-2188", "NTA_name": "Chinatown", "managed_by": "DOE"}}, {"type": "Feature", "geometry": {"type": "Point", "coordinates": [-73.938701, 40.841032]}, "properties": {"system_code": "06M128", "location_code": "M128", "location_name": "P.S. 128 Audubon", "grades": "PK,0K,01,02,03,04,05", "address": "560 WEST 169 STREET", "district": "6", "borough": "M", "status": "Open", "location_type": "General Academic", "category": "Elementary", "principal": "CARY PANTALEON", "phone": "212-927-0607", "NTA_name": "Washington Heights South", "managed_by": "DOE"}}, {"type": "Feature", "geometry": {"type": "Point", "coordinates": [-73.95202, 40.814914]}, "properties": {"system_code": "05M129", "location_code": "M129", "location_name": "P.S. 129 John H. Finley", "grades": "PK,0K,01,02,03,04,05,06,07,08", "address": "425 WEST 130 STREET", "district": "5", "borough": "M", "status": "Open", "location_type": "General Academic", "category": "K-8", "principal": "ODELPHIA PIERRE", "phone": "212-690-5932", "NTA_name": "Manhattanville", "managed_by": "DOE"}}, {"type": "Feature", "geometry": {"type": "Point", "coordinates": [-73.998326, 40.71866]}, "properties": {"system_code": "02M130", "location_code": "M130", "location_name": "P.S. 130 Hernando De Soto", "grades": "PK,0K,01,02,03,04,05", "address": "143 BAXTER STREET", "district": "2", "borough": "M", "status": "Open", "location_type": "General Academic", "category": "Elementary", "principal": "Renny Fong", "phone": "212-226-8072", "NTA_name": "SoHo-TriBeCa-Civic Center-Little Italy", "managed_by": "DOE"}}, {"type": "Feature", "geometry": {"type": "Point", "coordinates": [-73.933964, 40.850561]}, "properties": {"system_code": "06M132", "location_code": "M132", "location_name": "P.S. 132 Juan Pablo Duarte", "grades": "0K,01,02,03,04,05", "address": "185 WADSWORTH AVENUE", "district": "6", "borough": "M", "status": "Open", "location_type": "General Academic", "category": "Elementary", "principal": "Wendy Poveda", "phone": "212-927-7857", "NTA_name": "Washington Heights North", "managed_by": "DOE"}}, {"type": "Feature", "geometry": {"type": "Point", "coordinates": [-73.939178, 40.809665]}, "properties": {"system_code": "05M133", "location_code": "M133", "location_name": "P.S. 133 Fred R Moore", "grades": "PK,0K,01,02,03,04,05", "address": "2121 5 AVENUE", "district": "5", "borough": "M", "status": "Open", "location_type": "General Academic", "category": "Elementary", "principal": "Nazda Palchik Medina", "phone": "212-690-5936", "NTA_name": "Central Harlem North-Polo Grounds", "managed_by": "DOE"}}, {"type": "Feature", "geometry": {"type": "Point", "coordinates": [-73.983854, 40.714248]}, "properties": {"system_code": "01M134", "location_code": "M134", "location_name": "P.S. 134 Henrietta Szold", "grades": "PK,0K,01,02,03,04,05", "address": "293 EAST BROADWAY", "district": "1", "borough": "M", "status": "Open", "location_type": "General Academic", "category": "Elementary", "principal": "ROBERT PERALES", "phone": "212-673-4470", "NTA_name": "Lower East Side", "managed_by": "DOE"}}, {"type": "Feature", "geometry": {"type": "Point", "coordinates": [-73.983854, 40.714248]}, "properties": {"system_code": "01M137", "location_code": "M137", "location_name": "P.S. 137 John L. Bernstein", "grades": "PK,0K,01,02,03,04,05", "address": "293 EAST BROADWAY", "district": "1", "borough": "M", "status": "Closed", "location_type": "General Academic", "category": "Elementary", "principal": "SARAH PINTO VIAGRAN", "phone": "646-602-2140", "NTA_name": "Lower East Side", "managed_by": "DOE"}}, {"type": "Feature", "geometry": {"type": "Point", "coordinates": [-73.983769, 40.719148]}, "properties": {"system_code": "01M140", "location_code": "M140", "location_name": "P.S. 140 Nathan Straus", "grades": "PK,0K,01,02,03,04,05,06,07,08", "address": "123 RIDGE STREET", "district": "1", "borough": "M", "status": "Open", "location_type": "General Academic", "category": "K-8", "principal": "MELISSA RODRIGUEZ", "phone": "212-677-4680", "NTA_name": "Lower East Side", "managed_by": "DOE"}}, {"type": "Feature", "geometry": {"type": "Point", "coordinates": [-73.984116, 40.718121]}, "properties": {"system_code": "01M142", "location_code": "M142", "location_name": "P.S. 142 Amalia Castro", "grades": "PK,0K,01,02,03,04,05", "address": "100 ATTORNEY STREET", "district": "1", "borough": "M", "status": "Open", "location_type": "General Academic", "category": "Elementary", "principal": "DAPHNA GUTMAN", "phone": "212-598-3800", "NTA_name": "Lower East Side", "managed_by": "DOE"}}, {"type": "Feature", "geometry": {"type": "Point", "coordinates": [-73.965611, 40.799098]}, "properties": {"system_code": "03M145", "location_code": "M145", "location_name": "P.S. 145, The Bloomingdale School", "grades": "PK,0K,01,02,03,04,05", "address": "150 WEST 105 STREET", "district": "3", "borough": "M", "status": "Open", "location_type": "General Academic", "category": "Elementary", "principal": "Dr. Natalia Russo", "phone": "212-678-2857", "NTA_name": "Upper West Side", "managed_by": "DOE"}}, {"type": "Feature", "geometry": {"type": "Point", "coordinates": [-73.938727, 40.789535]}, "properties": {"system_code": "04M146", "location_code": "M146", "location_name": "P.S. 146 Ann M. Short", "grades": "PK,0K,01,02,03,04,05", "address": "421 EAST 106 STREET", "district": "4", "borough": "M", "status": "Open", "location_type": "General Academic", "category": "Elementary", "principal": "MONA SILFEN", "phone": "212-860-5877", "NTA_name": "East Harlem South", "managed_by": "DOE"}}, {"type": "Feature", "geometry": {"type": "Point", "coordinates": [-73.948088, 40.802649]}, "properties": {"system_code": "03M149", "location_code": "M149", "location_name": "P.S. 149 Sojourner Truth", "grades": "PK,0K,01,02,03,04,05,06,07,08", "address": "41 WEST 117 STREET", "district": "3", "borough": "M", "status": "Open", "location_type": "General Academic", "category": "K-8", "principal": "CLAUDIA AGUIRRE", "phone": "646-672-9020", "NTA_name": "Central Harlem South", "managed_by": "DOE"}}, {"type": "Feature", "geometry": {"type": "Point", "coordinates": [-74.01088, 40.71953]}, "properties": {"system_code": "02M150", "location_code": "M150", "location_name": "P.S. 150", "grades": "PK,0K,01,02,03,04,05", "address": "334 GREENWICH STREET", "district": "2", "borough": "M", "status": "Open", "location_type": "General Academic", "category": "Elementary", "principal": "Jennifer Bonnet", "phone": "212-732-4392", "NTA_name": "SoHo-TriBeCa-Civic Center-Little Italy", "managed_by": "DOE"}}, {"type": "Feature", "geometry": {"type": "Point", "coordinates": [-73.947287, 40.777948]}, "properties": {"system_code": "02M151", "location_code": "M151", "location_name": "Yorkville Community School", "grades": "0K,01,02,03,04,05", "address": "421 EAST \u00a088 STREET", "district": "2", "borough": "M", "status": "Open", "location_type": "General Academic", "category": "Elementary", "principal": "SAMANTHA KAPLAN", "phone": "212-722-5240", "NTA_name": "Yorkville", "managed_by": "DOE"}}, {"type": "Feature", "geometry": {"type": "Point", "coordinates": [-73.927578, 40.859804]}, "properties": {"system_code": "06M152", "location_code": "M152", "location_name": "P.S. 152 Dyckman Valley", "grades": "PK,0K,01,02,03,04,05", "address": "93 NAGLE AVENUE", "district": "6", "borough": "M", "status": "Open", "location_type": "General Academic", "category": "Elementary", "principal": "JULIA PIETRI", "phone": "212-567-5456", "NTA_name": "Washington Heights North", "managed_by": "DOE"}}, {"type": "Feature", "geometry": {"type": "Point", "coordinates": [-73.947599, 40.826514]}, "properties": {"system_code": "06M153", "location_code": "M153", "location_name": "P.S. 153 Adam Clayton Powell", "grades": "PK,0K,01,02,03,04,05", "address": "1750 AMSTERDAM AVENUE", "district": "6", "borough": "M", "status": "Open", "location_type": "General Academic", "category": "Elementary", "principal": "KAREN BAILEY", "phone": "212-927-8611", "NTA_name": "Hamilton Heights", "managed_by": "DOE"}}, {"type": "Feature", "geometry": {"type": "Point", "coordinates": [-73.948902, 40.810499]}, "properties": {"system_code": "05M154", "location_code": "M154", "location_name": "P.S. 154 Harriet Tubman", "grades": "PK,0K,01,02,03,04,05", "address": "250 WEST 127 STREET", "district": "5", "borough": "M", "status": "Open", "location_type": "General Academic", "category": "Elementary", "principal": "ELIZABETH JARRETT", "phone": "212-864-2400", "NTA_name": "Central Harlem North-Polo Grounds", "managed_by": "DOE"}}, {"type": "Feature", "geometry": {"type": "Point", "coordinates": [-73.935895, 40.797507]}, "properties": {"system_code": "04M155", "location_code": "M155", "location_name": "P.S. 155 William Paca", "grades": "PK,0K,01,02,03,04,05", "address": "319 EAST 117 STREET", "district": "4", "borough": "M", "status": "Open", "location_type": "General Academic", "category": "Elementary", "principal": "MARCIA SULIT", "phone": "212-860-5885", "NTA_name": "East Harlem North", "managed_by": "DOE"}}, {"type": "Feature", "geometry": {"type": "Point", "coordinates": [-73.950745, 40.770215]}, "properties": {"system_code": "02M158", "location_code": "M158", "location_name": "P.S. 158 Bayard Taylor", "grades": "PK,0K,01,02,03,04,05", "address": "1458 YORK AVENUE", "district": "2", "borough": "M", "status": "Open", "location_type": "General Academic", "category": "Elementary", "principal": "DINA ERCOLANO", "phone": "212-744-6562", "NTA_name": "Lenox Hill-Roosevelt Island", "managed_by": "DOE"}}, {"type": "Feature", "geometry": {"type": "Point", "coordinates": [-73.952476, 40.817719]}, "properties": {"system_code": "05M161", "location_code": "M161", "location_name": "P.S. 161 Pedro Albizu Campos", "grades": "PK,0K,01,02,03,04,05,06,07,08", "address": "499 WEST 133 STREET", "district": "5", "borough": "M", "status": "Open", "location_type": "General Academic", "category": "K-8", "principal": "Patricia Balbuena", "phone": "212-690-5945", "NTA_name": "Manhattanville", "managed_by": "DOE"}}, {"type": "Feature", "geometry": {"type": "Point", "coordinates": [-73.96847, 40.795163]}, "properties": {"system_code": "03M163", "location_code": "M163", "location_name": "P.S. 163 Alfred E. Smith", "grades": "PK,0K,01,02,03,04,05", "address": "163 WEST \u00a097 STREET", "district": "3", "borough": "M", "status": "Open", "location_type": "General Academic", "category": "Elementary", "principal": "Donny Lopez", "phone": "212-678-2854", "NTA_name": "Upper West Side", "managed_by": "DOE"}}, {"type": "Feature", "geometry": {"type": "Point", "coordinates": [-73.965949, 40.802653]}, "properties": {"system_code": "03M165", "location_code": "M165", "location_name": "P.S. 165 Robert E. Simon", "grades": "PK,0K,01,02,03,04,05,06,07,08", "address": "234 WEST 109 STREET", "district": "3", "borough": "M", "status": "Open", "location_type": "General Academic", "category": "K-8", "principal": "ARACELIS CASTELLANO-FOLK", "phone": "212-678-2873", "NTA_name": "Morningside Heights", "managed_by": "DOE"}}, {"type": "Feature", "geometry": {"type": "Point", "coordinates": [-73.972557, 40.788925]}, "properties": {"system_code": "03M166", "location_code": "M166", "location_name": "P.S. 166 The Richard Rodgers School of The Arts an", "grades": "PK,0K,01,02,03,04,05", "address": "132 WEST \u00a089 STREET", "district": "3", "borough": "M", "status": "Open", "location_type": "General Academic", "category": "Elementary", "principal": "Debra Mastriano", "phone": "212-678-2829", "NTA_name": "Upper West Side", "managed_by": "DOE"}}, {"type": "Feature", "geometry": {"type": "Point", "coordinates": [-73.948488, 40.793649]}, "properties": {"system_code": "84M168", "location_code": "M168", "location_name": "East Harlem Scholars Academy Charter School II", "grades": "0K,01,02,03,04,05", "address": "1573 MADISON AVENUE", "district": "4", "borough": "M", "status": "Open", "location_type": "General Academic", "category": "Elementary", "principal": "Desree Cabrall-Njenga", "phone": "212-348-2518", "NTA_name": "East Harlem South", "managed_by": "Charter"}}, {"type": "Feature", "geometry": {"type": "Point", "coordinates": [-73.990318, 40.763655]}, "properties": {"system_code": "84M170", "location_code": "M170", "location_name": "Success Academy Hell's Kitchen (Manhattan 2)", "grades": "0K,01,02,03,04,05", "address": "439 WEST 49TH STREET", "district": "2", "borough": "M", "status": "Open", "location_type": "General Academic", "category": "Elementary", "principal": "Jenny Obiaya", "phone": "646-790-2153", "NTA_name": "Clinton", "managed_by": "Charter"}}, {"type": "Feature", "geometry": {"type": "Point", "coordinates": [-73.951425, 40.792302]}, "properties": {"system_code": "04M171", "location_code": "M171", "location_name": "P.S. 171 Patrick Henry", "grades": "PK,0K,01,02,03,04,05,06,07,08", "address": "19 EAST 103 STREET", "district": "4", "borough": "M", "status": "Open", "location_type": "General Academic", "category": "K-8", "principal": "DIMITRES PANTELIDIS", "phone": "212-860-5801", "NTA_name": "East Harlem South", "managed_by": "DOE"}}, {"type": "Feature", "geometry": {"type": "Point", "coordinates": [-73.939785, 40.845459]}, "properties": {"system_code": "06M173", "location_code": "M173", "location_name": "P.S. 173", "grades": "PK,0K,01,02,03,04,05", "address": "306 FORT WASHINGTON AVENUE", "district": "6", "borough": "M", "status": "Open", "location_type": "General Academic", "category": "Elementary", "principal": "RACHAEL GARCIA", "phone": "212-927-7850", "NTA_name": "Washington Heights South", "managed_by": "DOE"}}, {"type": "Feature", "geometry": {"type": "Point", "coordinates": [-73.987064, 40.735361]}, "properties": {"system_code": "84M174", "location_code": "M174", "location_name": "Success Academy Union Square (Manhattan 1)", "grades": "0K,01,02,03,04,05,06,07,08,09,10,11,12", "address": "40 IRVING PLACE", "district": "2", "borough": "M", "status": "Open", "location_type": "General Academic", "category": "K-8", "principal": "Paola Zalkind", "phone": "646-790-2161", "NTA_name": "Gramercy", "managed_by": "Charter"}}, {"type": "Feature", "geometry": {"type": "Point", "coordinates": [-73.942706, 40.814388]}, "properties": {"system_code": "05M175", "location_code": "M175", "location_name": "P.S. 175 Henry H Garnet", "grades": "PK,0K,01,02,03,04,05", "address": "175 WEST 134 STREET", "district": "5", "borough": "M", "status": "Open", "location_type": "General Academic", "category": "Elementary", "principal": "Kavita Pereira", "phone": "212-283-0426", "NTA_name": "Central Harlem North-Polo Grounds", "managed_by": "DOE"}}, {"type": "Feature", "geometry": {"type": "Point", "coordinates": [-73.924, 40.8667]}, "properties": {"system_code": "06M176", "location_code": "M176", "location_name": "PS 176", "grades": "0K,01,02,03,04,05,06,07,08", "address": "4862 BROADWAY", "district": "6", "borough": "M", "status": "Closed", "location_type": "General Academic", "category": "Elementary", "principal": "NULL", "phone": "212-569-0290", "NTA_name": "Marble Hill-Inwood", "managed_by": "DOE"}}, {"type": "Feature", "geometry": {"type": "Point", "coordinates": [-73.928301, 40.85924]}, "properties": {"system_code": "06M178", "location_code": "M178", "location_name": "Professor Juan Bosch Public School", "grades": "0K,01,02,03,04,05", "address": "12-18 ELLWOOD STREET", "district": "6", "borough": "M", "status": "Open", "location_type": "General Academic", "category": "Elementary", "principal": "DEIRDRE BUDD", "phone": "212-569-0327", "NTA_name": "Washington Heights North", "managed_by": "DOE"}}, {"type": "Feature", "geometry": {"type": "Point", "coordinates": [-73.955861, 40.80757]}, "properties": {"system_code": "03M180", "location_code": "M180", "location_name": "P.S. 180 Hugo Newman", "grades": "PK,0K,01,02,03,04,05,06,07,08", "address": "370 WEST 120TH STREET", "district": "3", "borough": "M", "status": "Open", "location_type": "General Academic", "category": "K-8", "principal": "Jeneca Parker", "phone": "212-678-2849", "NTA_name": "Central Harlem South", "managed_by": "DOE"}}, {"type": "Feature", "geometry": {"type": "Point", "coordinates": [-73.941955, 40.793363]}, "properties": {"system_code": "04M182", "location_code": "M182", "location_name": "The Bilingual Bicultural School", "grades": "0K,01,02,03,04,05", "address": "219 EAST 109 STREET", "district": "4", "borough": "M", "status": "Open", "location_type": "General Academic", "category": "Elementary", "principal": "Yazmin Perez", "phone": "212-860-6031", "NTA_name": "East Harlem North", "managed_by": "DOE"}}, {"type": "Feature", "geometry": {"type": "Point", "coordinates": [-73.957731, 40.763804]}, "properties": {"system_code": "02M183", "location_code": "M183", "location_name": "P.S. 183 Robert L. Stevenson", "grades": "0K,01,02,03,04,05", "address": "419 EAST \u00a066 STREET", "district": "2", "borough": "M", "status": "Open", "location_type": "General Academic", "category": "Elementary", "principal": "Martin Woodard", "phone": "212-734-7719", "NTA_name": "Lenox Hill-Roosevelt Island", "managed_by": "DOE"}}, {"type": "Feature", "geometry": {"type": "Point", "coordinates": [-73.985438, 40.711125]}, "properties": {"system_code": "01M184", "location_code": "M184", "location_name": "P.S. 184m Shuang Wen", "grades": "PK,0K,01,02,03,04,05,06,07,08", "address": "327 CHERRY STREET", "district": "1", "borough": "M", "status": "Open", "location_type": "General Academic", "category": "K-8", "principal": "Iris Chiu", "phone": "212-602-9700", "NTA_name": "Lower East Side", "managed_by": "DOE"}}, {"type": "Feature", "geometry": {"type": "Point", "coordinates": [-73.950146, 40.798461]}, "properties": {"system_code": "03M185", "location_code": "M185", "location_name": "The Locke School of Arts and Engineering", "grades": "PK,0K,01,02", "address": "20 WEST 112 STREET", "district": "3", "borough": "M", "status": "Open", "location_type": "General Academic", "category": "Elementary", "principal": "JANE MURPHY", "phone": "212-534-7490", "NTA_name": "Central Harlem South", "managed_by": "DOE"}}, {"type": "Feature", "geometry": {"type": "Point", "coordinates": [-73.952751, 40.804559]}, "properties": {"system_code": "84M186", "location_code": "M186", "location_name": "Harlem Hebrew Language Charter School", "grades": "0K,01,02,03,04,05", "address": "147 SAINT NICHOLAS AVENUE", "district": "3", "borough": "M", "status": "Open", "location_type": "General Academic", "category": "Elementary", "principal": "Robin Natman", "phone": "212-866-4608", "NTA_name": "Central Harlem South", "managed_by": "Charter"}}, {"type": "Feature", "geometry": {"type": "Point", "coordinates": [-73.93684, 40.856239]}, "properties": {"system_code": "06M187", "location_code": "M187", "location_name": "P.S./I.S. 187 Hudson Cliffs", "grades": "PK,0K,01,02,03,04,05,06,07,08", "address": "349 CABRINI BOULEVARD", "district": "6", "borough": "M", "status": "Open", "location_type": "General Academic", "category": "K-8", "principal": "CYNTHIA CHORY", "phone": "212-927-8218", "NTA_name": "Washington Heights North", "managed_by": "DOE"}}, {"type": "Feature", "geometry": {"type": "Point", "coordinates": [-73.97738, 40.719888]}, "properties": {"system_code": "01M188", "location_code": "M188", "location_name": "P.S. 188 The Island School", "grades": "PK,0K,01,02,03,04,05,06,07,08", "address": "442 EAST HOUSTON STREET", "district": "1", "borough": "M", "status": "Open", "location_type": "General Academic", "category": "K-8", "principal": "Suany Ramos", "phone": "212-677-5710", "NTA_name": "Lower East Side", "managed_by": "DOE"}}, {"type": "Feature", "geometry": {"type": "Point", "coordinates": [-73.928048, 40.853045]}, "properties": {"system_code": "06M189", "location_code": "M189", "location_name": "P.S. 189", "grades": "PK,0K,01,02,03,04,05", "address": "2580 AMSTERDAM AVENUE", "district": "6", "borough": "M", "status": "Open", "location_type": "General Academic", "category": "Elementary", "principal": "ROSALINA PEREZ", "phone": "212-927-8303", "NTA_name": "Washington Heights North", "managed_by": "DOE"}}, {"type": "Feature", "geometry": {"type": "Point", "coordinates": [-73.990902, 40.7722]}, "properties": {"system_code": "03M191", "location_code": "M191", "location_name": "The Riverside School for Makers and Artists", "grades": "0K,01,02,03,04,05,06,07,08,SE", "address": "300 WEST 61ST STREET", "district": "3", "borough": "M", "status": "Open", "location_type": "General Academic", "category": "K-8", "principal": "Lauren Keville", "phone": "347-478-5228", "NTA_name": "Lincoln Square", "managed_by": "DOE"}}, {"type": "Feature", "geometry": {"type": "Point", "coordinates": [-73.952023, 40.82051]}, "properties": {"system_code": "06M192", "location_code": "M192", "location_name": "P.S. 192 Jacob H. Schiff", "grades": "PK,0K,01,02,03,04,05", "address": "500 WEST 138 STREET", "district": "6", "borough": "M", "status": "Open", "location_type": "General Academic", "category": "Elementary", "principal": "Hilduara Abreu", "phone": "212-775-9560", "NTA_name": "Manhattanville", "managed_by": "DOE"}}, {"type": "Feature", "geometry": {"type": "Point", "coordinates": [-73.941111, 40.821208]}, "properties": {"system_code": "05M194", "location_code": "M194", "location_name": "P.S. 194 Countee Cullen", "grades": "0K,01,02,03,04,05", "address": "244 WEST 144 STREET", "district": "5", "borough": "M", "status": "Open", "location_type": "General Academic", "category": "Elementary", "principal": "KERIANNE HARRISON", "phone": "212-690-5954", "NTA_name": "Central Harlem North-Polo Grounds", "managed_by": "DOE"}}, {"type": "Feature", "geometry": {"type": "Point", "coordinates": [-73.9777, 40.7195]}, "properties": {"system_code": "01M196", "location_code": "M196", "location_name": "PS 196 Umbrella", "grades": "NULL", "address": "442 EAST HOUSTON STREET", "district": "1", "borough": "M", "status": "Closed", "location_type": "General Academic", "category": "Elementary", "principal": "NULL", "phone": "212-982-0682", "NTA_name": "Lower East Side", "managed_by": "DOE"}}, {"type": "Feature", "geometry": {"type": "Point", "coordinates": [-73.938347, 40.813532]}, "properties": {"system_code": "05M197", "location_code": "M197", "location_name": "P.S. 197 John B. Russwurm", "grades": "PK,0K,01,02,03,04,05", "address": "2230 5 AVENUE", "district": "5", "borough": "M", "status": "Open", "location_type": "General Academic", "category": "Elementary", "principal": "Natasha Spann", "phone": "212-690-5960", "NTA_name": "Central Harlem North-Polo Grounds", "managed_by": "DOE"}}, {"type": "Feature", "geometry": {"type": "Point", "coordinates": [-73.95042, 40.785018]}, "properties": {"system_code": "02M198", "location_code": "M198", "location_name": "P.S. 198 Isador E. Ida Straus", "grades": "PK,0K,01,02,03,04,05", "address": "1700 3 AVENUE", "district": "2", "borough": "M", "status": "Open", "location_type": "General Academic", "category": "Elementary", "principal": "Katharine Macmanus", "phone": "212-289-3702", "NTA_name": "Upper East Side-Carnegie Hill", "managed_by": "DOE"}}, {"type": "Feature", "geometry": {"type": "Point", "coordinates": [-73.984423, 40.777603]}, "properties": {"system_code": "03M199", "location_code": "M199", "location_name": "P.S. 199 Jessie Isador Straus", "grades": "0K,01,02,03,04,05", "address": "270 WEST \u00a070 STREET", "district": "3", "borough": "M", "status": "Open", "location_type": "General Academic", "category": "Elementary", "principal": "Louise Xerri", "phone": "212-799-1033", "NTA_name": "Lincoln Square", "managed_by": "DOE"}}, {"type": "Feature", "geometry": {"type": "Point", "coordinates": [-73.935746, 40.823988]}, "properties": {"system_code": "05M200", "location_code": "M200", "location_name": "P.S. 200- The James McCune Smith School", "grades": "PK,0K,01,02,03,04,05", "address": "2589 7 AVENUE", "district": "5", "borough": "M", "status": "Open", "location_type": "General Academic", "category": "Elementary", "principal": "RENEE BELTON", "phone": "212-491-6636", "NTA_name": "Central Harlem North-Polo Grounds", "managed_by": "DOE"}}, {"type": "Feature", "geometry": {"type": "Point", "coordinates": [-73.932869, 40.853517]}, "properties": {"system_code": "84M203", "location_code": "M203", "location_name": "Amber Charter School II", "grades": "0K,01,02,03,04,05", "address": "652 WEST 187TH STREET", "district": "6", "borough": "M", "status": "Closed", "location_type": "General Academic", "category": "Elementary", "principal": "VERONICA ALMEDINA", "phone": "212-534-9667", "NTA_name": "Washington Heights North", "managed_by": "Charter"}}, {"type": "Feature", "geometry": {"type": "Point", "coordinates": [-73.930528, 40.796889]}, "properties": {"system_code": "04M206", "location_code": "M206", "location_name": "P.S. 206 Jose Celso Barbosa", "grades": "03,04,05,06,07,08,SE", "address": "508 EAST 120 STREET", "district": "4", "borough": "M", "status": "Open", "location_type": "General Academic", "category": "K-8", "principal": "CAMILLE FORBES", "phone": "212-860-5809", "NTA_name": "East Harlem North", "managed_by": "DOE"}}, {"type": "Feature", "geometry": {"type": "Point", "coordinates": [-73.950146, 40.798461]}, "properties": {"system_code": "03M208", "location_code": "M208", "location_name": "The Alain L. Locke Magnet School for Environmental", "grades": "03,04,05", "address": "21 WEST 111 STREET", "district": "3", "borough": "M", "status": "Closed", "location_type": "General Academic", "category": "Elementary", "principal": "SUSAN GREEN", "phone": "212-534-9580", "NTA_name": "Central Harlem South", "managed_by": "DOE"}}, {"type": "Feature", "geometry": {"type": "Point", "coordinates": [-73.944666, 40.830004]}, "properties": {"system_code": "06M210", "location_code": "M210", "location_name": "P.S./I.S. 210 - Twenty-first Century Academy for C", "grades": "PK,0K,01,02,03,04,05,06,07,08", "address": "501-503 WEST 152 STREET", "district": "6", "borough": "M", "status": "Open", "location_type": "General Academic", "category": "K-8", "principal": "EVELYN LINARES", "phone": "212-283-0012", "NTA_name": "Hamilton Heights", "managed_by": "DOE"}}, {"type": "Feature", "geometry": {"type": "Point", "coordinates": [-73.988665, 40.761327]}, "properties": {"system_code": "02M212", "location_code": "M212", "location_name": "P.S. 212 Midtown West", "grades": "0K,01,02,03,04,05", "address": "328 WEST \u00a048 STREET", "district": "2", "borough": "M", "status": "Open", "location_type": "General Academic", "category": "Elementary", "principal": "KATHLEEN LOUA", "phone": "212-247-0208", "NTA_name": "Clinton", "managed_by": "DOE"}}, {"type": "Feature", "geometry": {"type": "Point", "coordinates": [-73.956435, 40.753598]}, "properties": {"system_code": "02M217", "location_code": "M217", "location_name": "P.S./I.S. 217 Roosevelt Island", "grades": "PK,0K,01,02,03,04,05,06,07,08", "address": "645 MAIN STREET", "district": "2", "borough": "M", "status": "Open", "location_type": "General Academic", "category": "K-8", "principal": "MANDANA BECKMAN", "phone": "212-980-0294", "NTA_name": "Lenox Hill-Roosevelt Island", "managed_by": "DOE"}}, {"type": "Feature", "geometry": {"type": "Point", "coordinates": [-73.959777, 40.765638]}, "properties": {"system_code": "02M225", "location_code": "M225", "location_name": "Ella Baker School", "grades": "PK,0K,01,02,03,04,05,06,07,08", "address": "317 EAST \u00a067 STREET", "district": "2", "borough": "M", "status": "Open", "location_type": "General Academic", "category": "K-8", "principal": "Joshua Satin", "phone": "212-717-8809", "NTA_name": "Lenox Hill-Roosevelt Island", "managed_by": "DOE"}}, {"type": "Feature", "geometry": {"type": "Point", "coordinates": [-74.01088, 40.71953]}, "properties": {"system_code": "02M234", "location_code": "M234", "location_name": "P.S. 234 Independence School", "grades": "0K,01,02,03,04,05", "address": "292 GREENWICH STREET", "district": "2", "borough": "M", "status": "Open", "location_type": "General Academic", "category": "Elementary", "principal": "Dana Rappaportchaqor", "phone": "212-233-6034", "NTA_name": "SoHo-TriBeCa-Civic Center-Little Italy", "managed_by": "DOE"}}, {"type": "Feature", "geometry": {"type": "Point", "coordinates": [-73.955583, 40.801573]}, "properties": {"system_code": "03M241", "location_code": "M241", "location_name": "STEM Institute of Manhattan", "grades": "0K,01,02,03,04,05", "address": "240 WEST 113 STREET", "district": "3", "borough": "M", "status": "Open", "location_type": "General Academic", "category": "Elementary", "principal": "MARCIA HENDRICKS", "phone": "212-678-2898", "NTA_name": "Central Harlem South", "managed_by": "DOE"}}, {"type": "Feature", "geometry": {"type": "Point", "coordinates": [-73.948385, 40.806055]}, "properties": {"system_code": "03M242", "location_code": "M242", "location_name": "P.S. 242 - The Young Diplomats Magnet Academy", "grades": "0K,01,02,03,04,05", "address": "134 WEST 122 STREET", "district": "3", "borough": "M", "status": "Open", "location_type": "General Academic", "category": "Elementary", "principal": "DENISE GOMEZ", "phone": "212-678-2908", "NTA_name": "Central Harlem South", "managed_by": "DOE"}}, {"type": "Feature", "geometry": {"type": "Point", "coordinates": [-73.935231, 40.85765]}, "properties": {"system_code": "84M265", "location_code": "M265", "location_name": "Success Academy Charter School - Washington Height", "grades": "0K,01,02,03,04,05", "address": "701 FORT WASHINGTON AVENUE", "district": "6", "borough": "M", "status": "Open", "location_type": "General Academic", "category": "Elementary", "principal": "Kelsey Depalo", "phone": "646-558-0027", "NTA_name": "Washington Heights North", "managed_by": "Charter"}}, {"type": "Feature", "geometry": {"type": "Point", "coordinates": [-73.963861, 40.763883]}, "properties": {"system_code": "02M267", "location_code": "M267", "location_name": "East Side Elementary School, PS 267", "grades": "0K,01,02,03,04,05", "address": "213 EAST 63RD STREET", "district": "2", "borough": "M", "status": "Open", "location_type": "General Academic", "category": "Elementary", "principal": "Medea Mcevoy", "phone": "212-888-7848", "NTA_name": "Lenox Hill-Roosevelt Island", "managed_by": "DOE"}}, {"type": "Feature", "geometry": {"type": "Point", "coordinates": [-74.017456, 40.706384]}, "properties": {"system_code": "02M276", "location_code": "M276", "location_name": "Battery Park City School", "grades": "0K,01,02,03,04,05,06,07,08", "address": "55 BATTERY PLACE", "district": "2", "borough": "M", "status": "Open", "location_type": "General Academic", "category": "K-8", "principal": "Theresa Ruyter", "phone": "212-266-5800", "NTA_name": "Battery Park City-Lower Manhattan", "managed_by": "DOE"}}, {"type": "Feature", "geometry": {"type": "Point", "coordinates": [-73.912339, 40.871673]}, "properties": {"system_code": "06M278", "location_code": "M278", "location_name": "Paula Hedbavny School", "grades": "0K,01,02,03,04,05,06,07,08", "address": "421 W 219TH ST", "district": "6", "borough": "M", "status": "Open", "location_type": "General Academic", "category": "K-8", "principal": "BRYANNA VELAZQUEZ", "phone": "917-521-2060", "NTA_name": "Marble Hill-Inwood", "managed_by": "DOE"}}, {"type": "Feature", "geometry": {"type": "Point", "coordinates": [-73.972592, 40.744288]}, "properties": {"system_code": "02M281", "location_code": "M281", "location_name": "The River School", "grades": "PK,0K,01,02,03,04,05", "address": "425 EAST 35TH STREET", "district": "2", "borough": "M", "status": "Open", "location_type": "General Academic", "category": "Elementary", "principal": "JESSICA ORLEANS", "phone": "212-251-6640", "NTA_name": "Turtle Bay-East Midtown", "managed_by": "DOE"}}, {"type": "Feature", "geometry": {"type": "Point", "coordinates": [-73.952777, 40.775181]}, "properties": {"system_code": "02M290", "location_code": "M290", "location_name": "P.S. 290 Manhattan New School", "grades": "0K,01,02,03,04,05", "address": "311 EAST \u00a082 STREET", "district": "2", "borough": "M", "status": "Open", "location_type": "General Academic", "category": "Elementary", "principal": "Doreen Esposito", "phone": "212-734-7127", "NTA_name": "Yorkville", "managed_by": "DOE"}}, {"type": "Feature", "geometry": {"type": "Point", "coordinates": [-73.923818, 40.866381]}, "properties": {"system_code": "06M311", "location_code": "M311", "location_name": "Amistad Dual Language School", "grades": "0K,01,02,03,04,05,06,07,08", "address": "4862 BROADWAY", "district": "6", "borough": "M", "status": "Open", "location_type": "General Academic", "category": "K-8", "principal": "ROBIN EDMONDS", "phone": "212-544-8021", "NTA_name": "Marble Hill-Inwood", "managed_by": "DOE"}}, {"type": "Feature", "geometry": {"type": "Point", "coordinates": [-73.923818, 40.866381]}, "properties": {"system_code": "06M314", "location_code": "M314", "location_name": "Muscota", "grades": "0K,01,02,03,04,05", "address": "4862 BROADWAY", "district": "6", "borough": "M", "status": "Open", "location_type": "General Academic", "category": "Elementary", "principal": "Camille Wallin", "phone": "212-544-0614", "NTA_name": "Marble Hill-Inwood", "managed_by": "DOE"}}, {"type": "Feature", "geometry": {"type": "Point", "coordinates": [-73.978254, 40.727537]}, "properties": {"system_code": "01M315", "location_code": "M315", "location_name": "The East Village Community School", "grades": "PK,0K,01,02,03,04,05", "address": "610 EAST \u00a012 STREET", "district": "1", "borough": "M", "status": "Open", "location_type": "General Academic", "category": "Elementary", "principal": "Bradley Goodman", "phone": "212-982-0682", "NTA_name": "Lower East Side", "managed_by": "DOE"}}, {"type": "Feature", "geometry": {"type": "Point", "coordinates": [-73.937833, 40.825831]}, "properties": {"system_code": "05M318", "location_code": "M318", "location_name": "Thurgood Marshall Academy Lower School", "grades": "0K,01,02,03,04,05", "address": "276 WEST 151ST STREET", "district": "5", "borough": "M", "status": "Open", "location_type": "General Academic", "category": "Elementary", "principal": "DAWN BROOKS DECOSTA", "phone": "212-368-8731", "NTA_name": "Central Harlem North-Polo Grounds", "managed_by": "DOE"}}, {"type": "Feature", "geometry": {"type": "Point", "coordinates": [-73.984116, 40.718121]}, "properties": {"system_code": "84M320", "location_code": "M320", "location_name": "Manhattan Charter School", "grades": "0K,01,02,03,04,05", "address": "100 ATTORNEY STREET", "district": "1", "borough": "M", "status": "Open", "location_type": "General Academic", "category": "Elementary", "principal": "Genie DePolo", "phone": "212-533-2743", "NTA_name": "Lower East Side", "managed_by": "Charter"}}, {"type": "Feature", "geometry": {"type": "Point", "coordinates": [-73.952023, 40.82051]}, "properties": {"system_code": "06M325", "location_code": "M325", "location_name": "P.S. 325", "grades": "0K,01,02,03,04,05", "address": "500 WEST 138 STREET", "district": "6", "borough": "M", "status": "Closed", "location_type": "General Academic", "category": "Elementary", "principal": "NULL", "phone": "212-234-1335", "NTA_name": "Manhattanville", "managed_by": "DOE"}}, {"type": "Feature", "geometry": {"type": "Point", "coordinates": [-73.950146, 40.798461]}, "properties": {"system_code": "84M329", "location_code": "M329", "location_name": "Harlem Link Charter School", "grades": "0K,01,02,03,04", "address": "21 WEST 111 STREET", "district": "3", "borough": "M", "status": "Open", "location_type": "General Academic", "category": "Elementary", "principal": "Steven Evangelista/Margaret Ryan", "phone": "212-289-3249", "NTA_name": "Central Harlem South", "managed_by": "Charter"}}, {"type": "Feature", "geometry": {"type": "Point", "coordinates": [-73.97738, 40.719888]}, "properties": {"system_code": "84M330", "location_code": "M330", "location_name": "Girls Preparatory Charter School of New York", "grades": "0K,01,02,03,04,05", "address": "442 EAST HOUSTON STREET", "district": "1", "borough": "M", "status": "Open", "location_type": "General Academic", "category": "K-8", "principal": "Ian Rowe/Rebekah Adamek", "phone": "212-388-0241", "NTA_name": "Lower East Side", "managed_by": "Charter"}}, {"type": "Feature", "geometry": {"type": "Point", "coordinates": [-73.971011, 40.791395]}, "properties": {"system_code": "03M333", "location_code": "M333", "location_name": "P.S. 333 Manhattan School for Children", "grades": "0K,01,02,03,04,05,06,07,08", "address": "154 WEST \u00a093 STREET", "district": "3", "borough": "M", "status": "Open", "location_type": "General Academic", "category": "K-8", "principal": "Claire Lowenstein", "phone": "212-222-1450", "NTA_name": "Upper West Side", "managed_by": "DOE"}}, {"type": "Feature", "geometry": {"type": "Point", "coordinates": [-73.977602, 40.780536]}, "properties": {"system_code": "03M334", "location_code": "M334", "location_name": "The Anderson School", "grades": "0K,01,02,03,04,05,06,07,08", "address": "100 WEST \u00a077 STREET", "district": "3", "borough": "M", "status": "Open", "location_type": "General Academic", "category": "K-8", "principal": "JODI HYDE", "phone": "212-595-7193", "NTA_name": "Upper West Side", "managed_by": "DOE"}}, {"type": "Feature", "geometry": {"type": "Point", "coordinates": [-73.937263, 40.836982]}, "properties": {"system_code": "84M338", "location_code": "M338", "location_name": "WHIN Music Community", "grades": "0K,01,02,03,04,05", "address": "401 WEST 164 STREET", "district": "6", "borough": "M", "status": "Open", "location_type": "General Academic", "category": "Elementary", "principal": "Charlie Ortiz", "phone": "347-739-6342", "NTA_name": "Washington Heights South", "managed_by": "Charter"}}, {"type": "Feature", "geometry": {"type": "Point", "coordinates": [-73.995534, 40.739145]}, "properties": {"system_code": "02M340", "location_code": "M340", "location_name": "Sixth Avenue Elementary School", "grades": "0K,01,02,03,04,05", "address": "590 SIXTH AVENUE", "district": "2", "borough": "M", "status": "Open", "location_type": "General Academic", "category": "Elementary", "principal": "Patricia Carney", "phone": "917-305-1000", "NTA_name": "Hudson Yards-Chelsea-Flatiron-Union Square", "managed_by": "DOE"}}, {"type": "Feature", "geometry": {"type": "Point", "coordinates": [-73.995534, 40.739145]}, "properties": {"system_code": "02M340", "location_code": "M340", "location_name": "Sixth Avenue Elementary School", "grades": "0K,01,02,03,04,05", "address": "590 SIXTH AVENUE", "district": "2", "borough": "M", "status": "Open", "location_type": "General Academic", "category": "Elementary", "principal": "Patricia Carney", "phone": "917-305-1000", "NTA_name": "Hudson Yards-Chelsea-Flatiron-Union Square", "managed_by": "DOE"}}, {"type": "Feature", "geometry": {"type": "Point", "coordinates": [-74.002407, 40.708774]}, "properties": {"system_code": "02M343", "location_code": "M343", "location_name": "The Peck Slip School", "grades": "0K,01,02,03,04,05", "address": "1 PECK SLIP", "district": "2", "borough": "M", "status": "Open", "location_type": "General Academic", "category": "Elementary", "principal": "Margaret Siena", "phone": "212-312-6260", "NTA_name": "Battery Park City-Lower Manhattan", "managed_by": "DOE"}}, {"type": "Feature", "geometry": {"type": "Point", "coordinates": [-73.981329, 40.738374]}, "properties": {"system_code": "02M347", "location_code": "M347", "location_name": "The 47 American Sign Language & English Lower Scho", "grades": "PK,0K,01,02,03,04,05,06,07,08", "address": "223 EAST 23 STREET", "district": "2", "borough": "M", "status": "Open", "location_type": "General Academic", "category": "K-8", "principal": "DAVID BOWELL", "phone": "917-326-6609", "NTA_name": "Gramercy", "managed_by": "DOE"}}, {"type": "Feature", "geometry": {"type": "Point", "coordinates": [-73.982472, 40.729152]}, "properties": {"system_code": "84M355", "location_code": "M355", "location_name": "Ross Global Academy Charter School", "grades": "0K,01,02,03,04,05,06,07,08,09,10,11,12", "address": "420 EAST 12 STREET", "district": "1", "borough": "M", "status": "Closed", "location_type": "General Academic", "category": "K-8", "principal": "Richard Burke", "phone": "212-889-0373", "NTA_name": "East Village", "managed_by": "Charter"}}, {"type": "Feature", "geometry": {"type": "Point", "coordinates": [-73.95357, 40.816158]}, "properties": {"system_code": "84M357", "location_code": "M357", "location_name": "Success Academy Charter School - Harlem 6", "grades": "0K,01,02,03,04", "address": "461 WEST 131 STREET", "district": "5", "borough": "M", "status": "Open", "location_type": "General Academic", "category": "Elementary", "principal": "Emily Rezin", "phone": "929-394-1347", "NTA_name": "Manhattanville", "managed_by": "Charter"}}, {"type": "Feature", "geometry": {"type": "Point", "coordinates": [-73.996499, 40.758759]}, "properties": {"system_code": "84M358", "location_code": "M358", "location_name": "Success Academy Charter School - Hudson Yards", "grades": "0K,01,02,03,04", "address": "500 West 41 Street", "district": "2", "borough": "M", "status": "Open", "location_type": "General Academic", "category": "Elementary", "principal": "William Loskoch", "phone": "NULL", "NTA_name": "Hudson Yards-Chelsea-Flatiron-Union Square", "managed_by": "Charter"}}, {"type": "Feature", "geometry": {"type": "Point", "coordinates": [-73.978254, 40.727537]}, "properties": {"system_code": "01M361", "location_code": "M361", "location_name": "The Children's Workshop School", "grades": "PK,0K,01,02,03,04,05", "address": "610 EAST \u00a012 STREET", "district": "1", "borough": "M", "status": "Open", "location_type": "General Academic", "category": "Elementary", "principal": "MARIA VELEZ CLARKE", "phone": "212-614-9531", "NTA_name": "Lower East Side", "managed_by": "DOE"}}, {"type": "Feature", "geometry": {"type": "Point", "coordinates": [-73.986214, 40.72444]}, "properties": {"system_code": "01M363", "location_code": "M363", "location_name": "Neighborhood School", "grades": "PK,0K,01,02,03,04,05", "address": "121 EAST \u00a03 STREET", "district": "1", "borough": "M", "status": "Open", "location_type": "General Academic", "category": "Elementary", "principal": "Dyanthe Spielberg", "phone": "212-387-0195", "NTA_name": "East Village", "managed_by": "DOE"}}, {"type": "Feature", "geometry": {"type": "Point", "coordinates": [-73.981597, 40.72313]}, "properties": {"system_code": "01M364", "location_code": "M364", "location_name": "Earth School", "grades": "PK,0K,01,02,03,04,05", "address": "600 EAST \u00a06 STREET", "district": "1", "borough": "M", "status": "Open", "location_type": "General Academic", "category": "Elementary", "principal": "Claudia de Luna Castro", "phone": "212-477-1735", "NTA_name": "Lower East Side", "managed_by": "DOE"}}, {"type": "Feature", "geometry": {"type": "Point", "coordinates": [-73.921631, 40.865575]}, "properties": {"system_code": "06M366", "location_code": "M366", "location_name": "Washington Heights Academy", "grades": "0K,01,02,03,04,05,06,07,08", "address": "202 SHERMAN AVE", "district": "6", "borough": "M", "status": "Open", "location_type": "General Academic", "category": "K-8", "principal": "Renzo Martinez", "phone": "212-304-3320", "NTA_name": "Marble Hill-Inwood", "managed_by": "DOE"}}, {"type": "Feature", "geometry": {"type": "Point", "coordinates": [-73.947599, 40.826514]}, "properties": {"system_code": "06M368", "location_code": "M368", "location_name": "Hamilton Heights School", "grades": "0K,01,02,03,04,05", "address": "1750 AMSTERDAM AVENUE", "district": "6", "borough": "M", "status": "Open", "location_type": "General Academic", "category": "Elementary", "principal": "Charles Reilly", "phone": "212-862-9940", "NTA_name": "Hamilton Heights", "managed_by": "DOE"}}, {"type": "Feature", "geometry": {"type": "Point", "coordinates": [-73.932869, 40.853517]}, "properties": {"system_code": "84M373", "location_code": "M373", "location_name": "Zeta Charter Schools - New York City 1", "grades": "", "address": "652 WEST 187TH STREET", "district": "6", "borough": "M", "status": "Open", "location_type": "General Academic", "category": "Elementary", "principal": "NULL", "phone": "NULL", "NTA_name": "Washington Heights North", "managed_by": "Charter"}}, {"type": "Feature", "geometry": {"type": "Point", "coordinates": [-73.944546, 40.796098]}, "properties": {"system_code": "04M375", "location_code": "M375", "location_name": "Mosaic Preparatory Academy", "grades": "PK,0K,01,02,03,04,05", "address": "141 EAST 111 STREET", "district": "4", "borough": "M", "status": "Open", "location_type": "General Academic", "category": "Elementary", "principal": "LISETTE CAESAR", "phone": "212-722-3109", "NTA_name": "East Harlem South", "managed_by": "DOE"}}, {"type": "Feature", "geometry": {"type": "Point", "coordinates": [-73.945603, 40.80669]}, "properties": {"system_code": "84M380", "location_code": "M380", "location_name": "Harlem Village Academy West 2 Charter School", "grades": "", "address": "74 WEST 124 STREET", "district": "5", "borough": "M", "status": "Open", "location_type": "General Academic", "category": "Elementary", "principal": "NULL", "phone": "NULL", "NTA_name": "Central Harlem South", "managed_by": "Charter"}}, {"type": "Feature", "geometry": {"type": "Point", "coordinates": [-73.937717, 40.807581]}, "properties": {"system_code": "84M383", "location_code": "M383", "location_name": "Storefront Academy Harlem Charter School", "grades": "", "address": "70 EAST 129 STREET", "district": "5", "borough": "M", "status": "Open", "location_type": "General Academic", "category": "Elementary", "principal": "NULL", "phone": "NULL", "NTA_name": "Central Harlem North-Polo Grounds", "managed_by": "Charter"}}, {"type": "Feature", "geometry": {"type": "Point", "coordinates": [-73.935461, 40.805653]}, "properties": {"system_code": "84M384", "location_code": "M384", "location_name": "Success Academy Charter School - Harlem 2", "grades": "0K,01,02,03,04,05,06,07,08", "address": "144-176 EAST 128 STREET", "district": "5", "borough": "M", "status": "Open", "location_type": "General Academic", "category": "K-8", "principal": "Kaitlin McDermott/Lavinia Mackall", "phone": "646-442-6600", "NTA_name": "East Harlem North", "managed_by": "Charter"}}, {"type": "Feature", "geometry": {"type": "Point", "coordinates": [-73.955583, 40.801573]}, "properties": {"system_code": "84M386", "location_code": "M386", "location_name": "Success Academy Charter School - Harlem 4", "grades": "0K,01,02,03,04,05,06,07,08", "address": "240 WEST 113 STREET", "district": "3", "borough": "M", "status": "Open", "location_type": "General Academic", "category": "K-8", "principal": "William Loskoch", "phone": "646-442-6500", "NTA_name": "Central Harlem South", "managed_by": "Charter"}}, {"type": "Feature", "geometry": {"type": "Point", "coordinates": [-74.005473, 40.711321]}, "properties": {"system_code": "02M397", "location_code": "M397", "location_name": "Spruce Street School", "grades": "0K,01,02,03,04,05,06,07,08", "address": "12 SPRUCE STREET", "district": "2", "borough": "M", "status": "Open", "location_type": "General Academic", "category": "K-8", "principal": "NANCY HARRIS", "phone": "212-266-4800", "NTA_name": "Battery Park City-Lower Manhattan", "managed_by": "DOE"}}, {"type": "Feature", "geometry": {"type": "Point", "coordinates": [-73.92606, 40.856532]}, "properties": {"system_code": "84M430", "location_code": "M430", "location_name": "The Equity Project Charter School (TEP)", "grades": "0K,01,02,03,04,05,06,07,08", "address": "549 AUDOBON AVENUE", "district": "6", "borough": "M", "status": "Open", "location_type": "General Academic", "category": "K-8", "principal": "Zeke Vanderhoek", "phone": "646-254-6451", "NTA_name": "Washington Heights North", "managed_by": "Charter"}}, {"type": "Feature", "geometry": {"type": "Point", "coordinates": [-73.989481, 40.738521]}, "properties": {"system_code": "02M442", "location_code": "M442", "location_name": "Ballet Tech, NYC Public School for Dance", "grades": "04,05,06,07,08", "address": "890 BROADWAY", "district": "2", "borough": "M", "status": "Open", "location_type": "General Academic", "category": "K-8", "principal": "ROY ONEILL", "phone": "212-254-1803", "NTA_name": "Hudson Yards-Chelsea-Flatiron-Union Square", "managed_by": "DOE"}}, {"type": "Feature", "geometry": {"type": "Point", "coordinates": [-73.987515, 40.771603]}, "properties": {"system_code": "03M452", "location_code": "M452", "location_name": "P.S. 452", "grades": "0K,01,02,03,04,05", "address": "210 WEST \u00a061 STREET", "district": "3", "borough": "M", "status": "Open", "location_type": "General Academic", "category": "Elementary", "principal": "David Parker", "phone": "212-259-6222", "NTA_name": "Lincoln Square", "managed_by": "DOE"}}, {"type": "Feature", "geometry": {"type": "Point", "coordinates": [-73.944551, 40.820216]}, "properties": {"system_code": "84M482", "location_code": "M482", "location_name": "Success Academy Charter School - Harlem 5", "grades": "0K,01,02,03,04,05,06,07,08", "address": "301 WEST 140 STREET", "district": "5", "borough": "M", "status": "Open", "location_type": "General Academic", "category": "K-8", "principal": "Meghan Mackay/Molly Cohen", "phone": "646-380-2580", "NTA_name": "Central Harlem North-Polo Grounds", "managed_by": "Charter"}}, {"type": "Feature", "geometry": {"type": "Point", "coordinates": [-73.954228, 40.807537]}, "properties": {"system_code": "84M483", "location_code": "M483", "location_name": "New York French American Charter School", "grades": "0K,01,02,03,04,05,06,07,08,09,10,11,12", "address": "311 WEST 120TH STREET", "district": "3", "borough": "M", "status": "Open", "location_type": "General Academic", "category": "Elementary", "principal": "Marc Maurice", "phone": "212-666-4134", "NTA_name": "Central Harlem South", "managed_by": "Charter"}}, {"type": "Feature", "geometry": {"type": "Point", "coordinates": [-73.948488, 40.793649]}, "properties": {"system_code": "04M497", "location_code": "M497", "location_name": "Central Park East I", "grades": "PK,0K,01,02,03,04,05", "address": "1573 MADISON AVENUE", "district": "4", "borough": "M", "status": "Open", "location_type": "General Academic", "category": "Elementary", "principal": "Feldberg, Gabriel", "phone": "212-860-5821", "NTA_name": "East Harlem South", "managed_by": "DOE"}}, {"type": "Feature", "geometry": {"type": "Point", "coordinates": [-73.938701, 40.841032]}, "properties": {"system_code": "06M513", "location_code": "M513", "location_name": "Castle Bridge School", "grades": "0K,01,02,03,04,05", "address": "560 WEST 169 STREET", "district": "6", "borough": "M", "status": "Open", "location_type": "General Academic", "category": "Elementary", "principal": "Julia Zuckerman", "phone": "212-740-4701", "NTA_name": "Washington Heights South", "managed_by": "DOE"}}, {"type": "Feature", "geometry": {"type": "Point", "coordinates": [-73.953317, 40.812428]}, "properties": {"system_code": "05M517", "location_code": "M517", "location_name": "Teachers College Community School", "grades": "0K,01,02,03,04,05,06,07,08", "address": "168 MORNINGSIDE AVENUE", "district": "5", "borough": "M", "status": "Open", "location_type": "General Academic", "category": "K-8", "principal": "Michelle Verdiner", "phone": "212-316-8080", "NTA_name": "Manhattanville", "managed_by": "DOE"}}, {"type": "Feature", "geometry": {"type": "Point", "coordinates": [-73.942482, 40.79001]}, "properties": {"system_code": "84M518", "location_code": "M518", "location_name": "East Harlem Scholars Academy Charter School", "grades": "0K,01,02,03,04,05,06,07,08", "address": "2050 Second Avenue", "district": "4", "borough": "M", "status": "Open", "location_type": "General Academic", "category": "K-8", "principal": "Jeff Ginsburg/Jessica Zannikos", "phone": "212-348-2518", "NTA_name": "East Harlem South", "managed_by": "Charter"}}, {"type": "Feature", "geometry": {"type": "Point", "coordinates": [-73.974483, 40.786134]}, "properties": {"system_code": "84M523", "location_code": "M523", "location_name": "Success Academy Charter School - Upper West", "grades": "0K,01,02,03,04,05,06,07,08", "address": "145 WEST \u00a084 STREET", "district": "3", "borough": "M", "status": "Open", "location_type": "General Academic", "category": "K-8", "principal": "Jennifer Haynes", "phone": "646-274-1580", "NTA_name": "Upper West Side", "managed_by": "Charter"}}, {"type": "Feature", "geometry": {"type": "Point", "coordinates": [-73.947856, 40.780652]}, "properties": {"system_code": "02M527", "location_code": "M527", "location_name": "P.S. 527 - East Side School for Social Action", "grades": "0K,01,02,03,04,05", "address": "323 EAST 91 STREET", "district": "2", "borough": "M", "status": "Open", "location_type": "General Academic", "category": "Elementary", "principal": "Daniel Mccormick", "phone": "212-828-2710", "NTA_name": "Yorkville", "managed_by": "DOE"}}, {"type": "Feature", "geometry": {"type": "Point", "coordinates": [-73.951357, 40.802096]}, "properties": {"system_code": "84M702", "location_code": "M702", "location_name": "Sisulu-Walker Charter School of Harlem", "grades": "0K,01,02,03,04,05", "address": "125 WEST 115 STREET", "district": "3", "borough": "M", "status": "Open", "location_type": "General Academic", "category": "Elementary", "principal": "Michelle Haynes", "phone": "212-663-8216", "NTA_name": "Central Harlem South", "managed_by": "Charter"}}, {"type": "Feature", "geometry": {"type": "Point", "coordinates": [-73.944449, 40.795404]}, "properties": {"system_code": "84M704", "location_code": "M704", "location_name": "Harbor Science and Arts Charter School", "grades": "01,02,03,04,05,06,07,08", "address": "132 EAST 111 STREET", "district": "4", "borough": "M", "status": "Open", "location_type": "General Academic", "category": "K-8", "principal": "Mark Johnson", "phone": "212-427-2244", "NTA_name": "East Harlem South", "managed_by": "Charter"}}, {"type": "Feature", "geometry": {"type": "Point", "coordinates": [-73.943904, 40.790932]}, "properties": {"system_code": "84M705", "location_code": "M705", "location_name": "Amber Charter School", "grades": "0K,01,02,03,04,05", "address": "220 EAST 106 STREET", "district": "4", "borough": "M", "status": "Open", "location_type": "General Academic", "category": "Elementary", "principal": "Vasthi Acosta/Sashemani D. Elliott", "phone": "212-534-9667", "NTA_name": "East Harlem South", "managed_by": "Charter"}}, {"type": "Feature", "geometry": {"type": "Point", "coordinates": [-73.979217, 40.78633]}, "properties": {"system_code": "75M811", "location_code": "M811", "location_name": "P.S. M811 - Mickey Mantle School", "grades": "PK,0K,01,02,03,04,05,06,07,08,09,SE", "address": "466 WEST END AVENUE", "district": "3", "borough": "M", "status": "Open", "location_type": "Special Education", "category": "K-8", "principal": "JOHN MCCORMICK", "phone": "212-579-3788", "NTA_name": "Upper West Side", "managed_by": "DOE"}}, {"type": "Feature", "geometry": {"type": "Point", "coordinates": [-73.948385, 40.806055]}, "properties": {"system_code": "84M861", "location_code": "M861", "location_name": "Future Leaders Institute Charter School", "grades": "0K,01,02,03,04,05,06,07,08", "address": "134 WEST 122 STREET", "district": "3", "borough": "M", "status": "Open", "location_type": "General Academic", "category": "K-8", "principal": "John Harrison York/Jody Flowers", "phone": "212-678-2868", "NTA_name": "Central Harlem South", "managed_by": "Charter"}}, {"type": "Feature", "geometry": {"type": "Point", "coordinates": [-73.940919, 40.785559]}, "properties": {"system_code": "04M964", "location_code": "M964", "location_name": "Central Park East II", "grades": "0K,01,02,03,04,05,06,07,08,SE", "address": "433 EAST 100 STREET", "district": "4", "borough": "M", "status": "Open", "location_type": "General Academic", "category": "K-8", "principal": "NAOMI SMITH", "phone": "212-860-5992", "NTA_name": "East Harlem South", "managed_by": "DOE"}}, {"type": "Feature", "geometry": {"type": "Point", "coordinates": [-73.894108, 40.769798]}, "properties": {"system_code": "30Q002", "location_code": "Q002", "location_name": "P.S. 002 Alfred Zimberg", "grades": "0K,01,02,03,04,05", "address": "75-10 21 AVENUE", "district": "30", "borough": "Q", "status": "Open", "location_type": "General Academic", "category": "Elementary", "principal": "Amy Goldman", "phone": "718-728-1459", "NTA_name": "Steinway", "managed_by": "DOE"}}, {"type": "Feature", "geometry": {"type": "Point", "coordinates": [-73.778118, 40.7417]}, "properties": {"system_code": "75Q004", "location_code": "Q004", "location_name": "P.S. Q004", "grades": "PK,0K,01,02,03,04,05,06,07,09,10,11,12,SE", "address": "196-25 PECK AVENUE", "district": "26", "borough": "Q", "status": "Open", "location_type": "Special Education", "category": "K-8", "principal": "Alison Quinlan", "phone": "718-264-0916", "NTA_name": "Fresh Meadows-Utopia", "managed_by": "DOE"}}, {"type": "Feature", "geometry": {"type": "Point", "coordinates": [-73.882446, 40.739644]}, "properties": {"system_code": "24Q007", "location_code": "Q007", "location_name": "P.S. 007 Louis F. Simeone", "grades": "PK,0K,01,02,03", "address": "80-55 CORNISH AVENUE", "district": "24", "borough": "Q", "status": "Open", "location_type": "General Academic", "category": "Elementary", "principal": "Jason Chin", "phone": "718-446-2726", "NTA_name": "Elmhurst-Maspeth", "managed_by": "DOE"}}, {"type": "Feature", "geometry": {"type": "Point", "coordinates": [-73.912458, 40.718234]}, "properties": {"system_code": "75Q009", "location_code": "Q009", "location_name": "P.S. 009", "grades": "0K,01,02,03,04,05,10,SE", "address": "58-74 57 STREET", "district": "24", "borough": "Q", "status": "Open", "location_type": "Special Education", "category": "K-8", "principal": "ROBERT WOJNAROWSKI", "phone": "718-456-7105", "NTA_name": "Maspeth", "managed_by": "DOE"}}, {"type": "Feature", "geometry": {"type": "Point", "coordinates": [-73.909032, 40.746127]}, "properties": {"system_code": "30Q011", "location_code": "Q011", "location_name": "P.S. 011 Kathryn Phelan", "grades": "0K,01,02,03,04,05,06", "address": "54-25 SKILLMAN AVENUE", "district": "30", "borough": "Q", "status": "Open", "location_type": "General Academic", "category": "Elementary", "principal": "Elizabeth Pena Jorge", "phone": "718-779-2090", "NTA_name": "Woodside", "managed_by": "DOE"}}, {"type": "Feature", "geometry": {"type": "Point", "coordinates": [-73.893466, 40.742284]}, "properties": {"system_code": "24Q012", "location_code": "Q012", "location_name": "P.S. 012 James B. Colgate", "grades": "0K,01,02,03,04,05", "address": "42-00 72 STREET", "district": "24", "borough": "Q", "status": "Open", "location_type": "General Academic", "category": "Elementary", "principal": "Stephanie Moskos", "phone": "718-424-5905", "NTA_name": "Elmhurst-Maspeth", "managed_by": "DOE"}}, {"type": "Feature", "geometry": {"type": "Point", "coordinates": [-73.867662, 40.737441]}, "properties": {"system_code": "24Q013", "location_code": "Q013", "location_name": "P.S. 013 Clement C. Moore", "grades": "0K,01,02,03,04,05", "address": "55-01 94 STREET", "district": "24", "borough": "Q", "status": "Open", "location_type": "General Academic", "category": "Elementary", "principal": "Evelyn Velez", "phone": "718-271-1021", "NTA_name": "Elmhurst", "managed_by": "DOE"}}, {"type": "Feature", "geometry": {"type": "Point", "coordinates": [-73.85457, 40.74102]}, "properties": {"system_code": "24Q014", "location_code": "Q014", "location_name": "P.S. 014 Fairview", "grades": "0K,01,02,03,04,05", "address": "107-01 OTIS AVENUE", "district": "24", "borough": "Q", "status": "Open", "location_type": "General Academic", "category": "Elementary", "principal": "Heather Benson", "phone": "718-699-6071", "NTA_name": "Corona", "managed_by": "DOE"}}, {"type": "Feature", "geometry": {"type": "Point", "coordinates": [-73.756546, 40.68605]}, "properties": {"system_code": "29Q015", "location_code": "Q015", "location_name": "P.S. 015 Jackie Robinson", "grades": "0K,01,02,03,04,05", "address": "121-15 LUCAS STREET", "district": "29", "borough": "Q", "status": "Open", "location_type": "General Academic", "category": "Elementary", "principal": "Anthony Pignataro", "phone": "718-525-1670", "NTA_name": "St. Albans", "managed_by": "DOE"}}, {"type": "Feature", "geometry": {"type": "Point", "coordinates": [-73.860547, 40.748996]}, "properties": {"system_code": "24Q016", "location_code": "Q016", "location_name": "P.S. Q016 The Nancy DeBenedittis School", "grades": "0K,01,02,03,04,05", "address": "41-15 104 STREET", "district": "24", "borough": "Q", "status": "Open", "location_type": "General Academic", "category": "Elementary", "principal": "ELAINE IODICE", "phone": "718-505-0140", "NTA_name": "North Corona", "managed_by": "DOE"}}, {"type": "Feature", "geometry": {"type": "Point", "coordinates": [-73.922544, 40.768034]}, "properties": {"system_code": "30Q017", "location_code": "Q017", "location_name": "P.S. 017 Henry David Thoreau", "grades": "PK,0K,01,02,03,04,05", "address": "28-37 29 STREET", "district": "30", "borough": "Q", "status": "Open", "location_type": "General Academic", "category": "Elementary", "principal": "Rebecca Heyward", "phone": "718-278-1220", "NTA_name": "Old Astoria", "managed_by": "DOE"}}, {"type": "Feature", "geometry": {"type": "Point", "coordinates": [-73.73229, 40.731853]}, "properties": {"system_code": "26Q018", "location_code": "Q018", "location_name": "P.S. 018 Winchester", "grades": "PK,0K,01,02,03,04,05", "address": "86-35 235 COURT", "district": "26", "borough": "Q", "status": "Open", "location_type": "General Academic", "category": "Elementary", "principal": "Laurie ann Careddu", "phone": "718-464-4167", "NTA_name": "Bellerose", "managed_by": "DOE"}}, {"type": "Feature", "geometry": {"type": "Point", "coordinates": [-73.866557, 40.7486]}, "properties": {"system_code": "24Q019", "location_code": "Q019", "location_name": "P.S. 019 Marino Jeantet", "grades": "0K,01,02,03,04,05", "address": "98-02 ROOSEVELT AVENUE", "district": "24", "borough": "Q", "status": "Open", "location_type": "General Academic", "category": "Elementary", "principal": "GENIE CALIBAR", "phone": "718-424-5859", "NTA_name": "North Corona", "managed_by": "DOE"}}, {"type": "Feature", "geometry": {"type": "Point", "coordinates": [-73.824388, 40.758347]}, "properties": {"system_code": "25Q020", "location_code": "Q020", "location_name": "P.S. 020 John Bowne", "grades": "PK,0K,01,02,03,04,05", "address": "142-30 BARCLAY AVENUE", "district": "25", "borough": "Q", "status": "Open", "location_type": "General Academic", "category": "Elementary", "principal": "VICTORIA RICE", "phone": "718-359-0321", "NTA_name": "Flushing", "managed_by": "DOE"}}, {"type": "Feature", "geometry": {"type": "Point", "coordinates": [-73.818581, 40.774134]}, "properties": {"system_code": "25Q021", "location_code": "Q021", "location_name": "P.S. 021 Edward Hart", "grades": "PK,0K,01,02,03,04,05", "address": "147-36 26 AVENUE", "district": "25", "borough": "Q", "status": "Open", "location_type": "General Academic", "category": "Elementary", "principal": "Michael Swirsky", "phone": "718-445-8833", "NTA_name": "Murray Hill", "managed_by": "DOE"}}, {"type": "Feature", "geometry": {"type": "Point", "coordinates": [-73.811373, 40.761744]}, "properties": {"system_code": "25Q022", "location_code": "Q022", "location_name": "P.S. 022 Thomas Jefferson", "grades": "PK,0K,01,02,03,04,05", "address": "153-33 SANFORD AVENUE", "district": "25", "borough": "Q", "status": "Open", "location_type": "General Academic", "category": "Elementary", "principal": "Jennifer Meyer", "phone": "718-762-4141", "NTA_name": "Murray Hill", "managed_by": "DOE"}}, {"type": "Feature", "geometry": {"type": "Point", "coordinates": [-73.8181, 40.751972]}, "properties": {"system_code": "25Q024", "location_code": "Q024", "location_name": "P.S. 024 Andrew Jackson", "grades": "PK,0K,01,02,03,04,05", "address": "45-57 UNION STREET", "district": "25", "borough": "Q", "status": "Open", "location_type": "General Academic", "category": "Elementary", "principal": "DEBRA CASSIDY", "phone": "718-359-2288", "NTA_name": "East Flushing", "managed_by": "DOE"}}, {"type": "Feature", "geometry": {"type": "Point", "coordinates": [-73.8181, 40.751972]}, "properties": {"system_code": "25Q024", "location_code": "Q024", "location_name": "P.S. 024 Andrew Jackson", "grades": "PK,0K,01,02,03,04,05", "address": "45-57 UNION STREET", "district": "25", "borough": "Q", "status": "Open", "location_type": "General Academic", "category": "Elementary", "principal": "DEBRA CASSIDY", "phone": "718-359-2288", "NTA_name": "East Flushing", "managed_by": "DOE"}}, {"type": "Feature", "geometry": {"type": "Point", "coordinates": [-73.777607, 40.735935]}, "properties": {"system_code": "26Q026", "location_code": "Q026", "location_name": "P.S. 026 Rufus King", "grades": "PK,0K,01,02,03,04,05", "address": "195-02 69 AVENUE", "district": "26", "borough": "Q", "status": "Open", "location_type": "General Academic", "category": "Elementary", "principal": "Andrew Pecorella", "phone": "718-464-4505", "NTA_name": "Fresh Meadows-Utopia", "managed_by": "DOE"}}, {"type": "Feature", "geometry": {"type": "Point", "coordinates": [-73.842967, 40.778029]}, "properties": {"system_code": "25Q029", "location_code": "Q029", "location_name": "P.S. 029 Queens", "grades": "PK,0K,01,02,03,04,05", "address": "125-10 23 AVENUE", "district": "25", "borough": "Q", "status": "Open", "location_type": "General Academic", "category": "Elementary", "principal": "Jill Leakey", "phone": "718-886-5111", "NTA_name": "College Point", "managed_by": "DOE"}}, {"type": "Feature", "geometry": {"type": "Point", "coordinates": [-73.774668, 40.679843]}, "properties": {"system_code": "28Q030", "location_code": "Q030", "location_name": "P.S. 030 Queens", "grades": "PK,0K,01,02,03,04,05", "address": "126-10 BEDELL STREET", "district": "28", "borough": "Q", "status": "Closed", "location_type": "General Academic", "category": "Elementary", "principal": "Judith James", "phone": "718-276-8785", "NTA_name": "Springfield Gardens North", "managed_by": "DOE"}}, {"type": "Feature", "geometry": {"type": "Point", "coordinates": [-73.768994, 40.757701]}, "properties": {"system_code": "26Q031", "location_code": "Q031", "location_name": "P.S. 031 Bayside", "grades": "PK,0K,01,02,03,04,05", "address": "211-45 46 ROAD", "district": "26", "borough": "Q", "status": "Open", "location_type": "General Academic", "category": "Elementary", "principal": "TERRI GRAYBOW", "phone": "718-423-8289", "NTA_name": "Bayside-Bayside Hills", "managed_by": "DOE"}}, {"type": "Feature", "geometry": {"type": "Point", "coordinates": [-73.794323, 40.765459]}, "properties": {"system_code": "25Q032", "location_code": "Q032", "location_name": "P.S. 032 State Street", "grades": "PK,0K,01,02,03,04,05", "address": "171-11 35 AVENUE", "district": "25", "borough": "Q", "status": "Open", "location_type": "General Academic", "category": "Elementary", "principal": "Debra Errico", "phone": "718-463-3747", "NTA_name": "Murray Hill", "managed_by": "DOE"}}, {"type": "Feature", "geometry": {"type": "Point", "coordinates": [-73.734102, 40.727172]}, "properties": {"system_code": "29Q033", "location_code": "Q033", "location_name": "P.S. 033 Edward M. Funk", "grades": "0K,01,02,03,04,05", "address": "91-37 222 STREET", "district": "29", "borough": "Q", "status": "Open", "location_type": "General Academic", "category": "Elementary", "principal": "Vincent Gatto", "phone": "718-465-6283", "NTA_name": "Queens Village", "managed_by": "DOE"}}, {"type": "Feature", "geometry": {"type": "Point", "coordinates": [-73.737702, 40.710986]}, "properties": {"system_code": "29Q034", "location_code": "Q034", "location_name": "P.S. 034 John Harvard", "grades": "PK,0K,01,02,03,04,05", "address": "104-12 SPRINGFIELD BOULEVARD", "district": "29", "borough": "Q", "status": "Open", "location_type": "General Academic", "category": "Elementary", "principal": "PAULINE SHAKESPEARE", "phone": "718-465-6818", "NTA_name": "Queens Village", "managed_by": "DOE"}}, {"type": "Feature", "geometry": {"type": "Point", "coordinates": [-73.768894, 40.713438]}, "properties": {"system_code": "29Q035", "location_code": "Q035", "location_name": "P.S. 035 Nathaniel Woodhull", "grades": "PK,0K,01,02,03,04,05", "address": "191-02 90 AVENUE", "district": "29", "borough": "Q", "status": "Open", "location_type": "General Academic", "category": "Elementary", "principal": "NULL", "phone": "718-465-6820", "NTA_name": "Hollis", "managed_by": "DOE"}}, {"type": "Feature", "geometry": {"type": "Point", "coordinates": [-73.764081, 40.691306]}, "properties": {"system_code": "29Q036", "location_code": "Q036", "location_name": "P.S. 036 Saint Albans School", "grades": "0K,01,02,03,04,05", "address": "187-01 FOCH BOULEVARD", "district": "29", "borough": "Q", "status": "Open", "location_type": "General Academic", "category": "Elementary", "principal": "LYNN STATON", "phone": "718-528-1862", "NTA_name": "St. Albans", "managed_by": "DOE"}}, {"type": "Feature", "geometry": {"type": "Point", "coordinates": [-73.758778, 40.676201]}, "properties": {"system_code": "29Q037", "location_code": "Q037", "location_name": "Cynthia Jenkins School", "grades": "PK,0K,01,02,03,04,05", "address": "179-37 137 AVENUE", "district": "29", "borough": "Q", "status": "Open", "location_type": "General Academic", "category": "Elementary", "principal": "Pascale Benjaminpereira", "phone": "718-528-5399", "NTA_name": "St. Albans", "managed_by": "DOE"}}, {"type": "Feature", "geometry": {"type": "Point", "coordinates": [-73.733774, 40.67115]}, "properties": {"system_code": "29Q038", "location_code": "Q038", "location_name": "P.S. 038 Rosedale", "grades": "0K,01,02,03,04,05", "address": "135-21 241 STREET", "district": "29", "borough": "Q", "status": "Open", "location_type": "General Academic", "category": "Elementary", "principal": "JULIA SOUSSIS", "phone": "718-528-2276", "NTA_name": "Rosedale", "managed_by": "DOE"}}, {"type": "Feature", "geometry": {"type": "Point", "coordinates": [-73.790975, 40.693559]}, "properties": {"system_code": "28Q040", "location_code": "Q040", "location_name": "P.S. 040 Samuel Huntington", "grades": "PK,0K,01,02,03,04,05,06", "address": "109-20 UNION HALL STREET", "district": "28", "borough": "Q", "status": "Open", "location_type": "General Academic", "category": "Elementary", "principal": "ALISON BRANKER", "phone": "718-526-1906", "NTA_name": "South Jamaica", "managed_by": "DOE"}}, {"type": "Feature", "geometry": {"type": "Point", "coordinates": [-73.771225, 40.770155]}, "properties": {"system_code": "26Q041", "location_code": "Q041", "location_name": "P.S. 041 Crocheron", "grades": "0K,01,02,03,04,05", "address": "214-43 35 AVENUE", "district": "26", "borough": "Q", "status": "Open", "location_type": "General Academic", "category": "Elementary", "principal": "Joseph Ferrara", "phone": "718-423-8333", "NTA_name": "Bayside-Bayside Hills", "managed_by": "DOE"}}, {"type": "Feature", "geometry": {"type": "Point", "coordinates": [-73.794804, 40.594358]}, "properties": {"system_code": "27Q042", "location_code": "Q042", "location_name": "P.S./M.S 042 R. Vernam", "grades": "0K,01,02,03,04,05,06,07,08", "address": "488 BEACH \u00a066 STREET", "district": "27", "borough": "Q", "status": "Open", "location_type": "General Academic", "category": "K-8", "principal": "Patricia Finn", "phone": "718-634-7914", "NTA_name": "Hammels-Arverne-Edgemere", "managed_by": "DOE"}}, {"type": "Feature", "geometry": {"type": "Point", "coordinates": [-73.761086, 40.59348]}, "properties": {"system_code": "27Q043", "location_code": "Q043", "location_name": "P.S. 043", "grades": "PK,0K,01,02,03,04,05,06,07,08", "address": "160 BEACH \u00a029 STREET", "district": "27", "borough": "Q", "status": "Open", "location_type": "General Academic", "category": "K-8", "principal": "Simone Nicholas", "phone": "718-327-5860", "NTA_name": "Far Rockaway-Bayswater", "managed_by": "DOE"}}, {"type": "Feature", "geometry": {"type": "Point", "coordinates": [-73.788866, 40.671871]}, "properties": {"system_code": "27Q045", "location_code": "Q045", "location_name": "P.S. 045 Clarence Witherspoon", "grades": "PK,0K,01,02,03,04,05", "address": "126-28 150 STREET", "district": "27", "borough": "Q", "status": "Open", "location_type": "General Academic", "category": "Elementary", "principal": "Samantha Severin", "phone": "718-480-2500", "NTA_name": "Baisley Park", "managed_by": "DOE"}}, {"type": "Feature", "geometry": {"type": "Point", "coordinates": [-73.758042, 40.745744]}, "properties": {"system_code": "26Q046", "location_code": "Q046", "location_name": "P.S. 046 Alley Pond", "grades": "0K,01,02,03,04,05", "address": "64-45 218 STREET", "district": "26", "borough": "Q", "status": "Open", "location_type": "General Academic", "category": "Elementary", "principal": "Stamo Karalazarides", "phone": "718-423-8395", "NTA_name": "Oakland Gardens", "managed_by": "DOE"}}, {"type": "Feature", "geometry": {"type": "Point", "coordinates": [-73.821089, 40.606476]}, "properties": {"system_code": "27Q047", "location_code": "Q047", "location_name": "P.S. 047 Chris Galas", "grades": "PK,0K,01,02,03,04,05,06,07,08,SE", "address": "9 POWER ROAD", "district": "27", "borough": "Q", "status": "Open", "location_type": "General Academic", "category": "K-8", "principal": "Heather Lorenz", "phone": "718-634-7167", "NTA_name": "Breezy Point-Belle Harbor-Rockaway Park-Broad Channel", "managed_by": "DOE"}}, {"type": "Feature", "geometry": {"type": "Point", "coordinates": [-73.796358, 40.693736]}, "properties": {"system_code": "28Q048", "location_code": "Q048", "location_name": "P.S. 048 William Wordsworth", "grades": "PK,0K,01,02,03,04,05", "address": "108-29 155 STREET", "district": "28", "borough": "Q", "status": "Open", "location_type": "General Academic", "category": "Elementary", "principal": "PATRICIA MITCHELL", "phone": "718-558-6700", "NTA_name": "South Jamaica", "managed_by": "DOE"}}, {"type": "Feature", "geometry": {"type": "Point", "coordinates": [-73.875493, 40.719567]}, "properties": {"system_code": "24Q049", "location_code": "Q049", "location_name": "P.S. 049 Dorothy Bonawit Kole", "grades": "0K,01,02,03,04,05,06,07,08", "address": "63-60 80th Street", "district": "24", "borough": "Q", "status": "Open", "location_type": "General Academic", "category": "K-8", "principal": "Thomas Carty", "phone": "718-326-2111", "NTA_name": "Middle Village", "managed_by": "DOE"}}, {"type": "Feature", "geometry": {"type": "Point", "coordinates": [-73.806842, 40.694868]}, "properties": {"system_code": "28Q050", "location_code": "Q050", "location_name": "P.S. 050 Talfourd Lawn Elementary School", "grades": "PK,0K,01,02,03,04,05,06", "address": "143-26 101 AVENUE", "district": "28", "borough": "Q", "status": "Open", "location_type": "General Academic", "category": "Elementary", "principal": "Rina Manjarrez", "phone": "718-526-5336", "NTA_name": "Jamaica", "managed_by": "DOE"}}, {"type": "Feature", "geometry": {"type": "Point", "coordinates": [-73.767161, 40.661427]}, "properties": {"system_code": "29Q052", "location_code": "Q052", "location_name": "P.S. 052 Queens", "grades": "PK,0K,01,02,03,04,05", "address": "178-37 146 TERRACE", "district": "29", "borough": "Q", "status": "Open", "location_type": "General Academic", "category": "Elementary", "principal": "Francesca Joseph", "phone": "718-528-2238", "NTA_name": "Springfield Gardens South-Brookville", "managed_by": "DOE"}}, {"type": "Feature", "geometry": {"type": "Point", "coordinates": [-73.824629, 40.702656]}, "properties": {"system_code": "28Q054", "location_code": "Q054", "location_name": "P.S. 054 Hillside", "grades": "0K,01,02,03,04,05", "address": "86-02 127 STREET", "district": "28", "borough": "Q", "status": "Open", "location_type": "General Academic", "category": "Elementary", "principal": "ANITA PRASHAD", "phone": "718-849-0962", "NTA_name": "Richmond Hill", "managed_by": "DOE"}}, {"type": "Feature", "geometry": {"type": "Point", "coordinates": [-73.816156, 40.69361]}, "properties": {"system_code": "28Q055", "location_code": "Q055", "location_name": "P.S. 055 Maure", "grades": "PK,0K,01,02,03,04,05,06", "address": "131-10 97 AVENUE", "district": "28", "borough": "Q", "status": "Open", "location_type": "General Academic", "category": "Elementary", "principal": "RALPH HONORE", "phone": "718-849-3845", "NTA_name": "Richmond Hill", "managed_by": "DOE"}}, {"type": "Feature", "geometry": {"type": "Point", "coordinates": [-73.835735, 40.698989]}, "properties": {"system_code": "27Q056", "location_code": "Q056", "location_name": "P.S. 056 Harry Eichler", "grades": "02,03,04,05", "address": "86-10 114 STREET", "district": "27", "borough": "Q", "status": "Open", "location_type": "General Academic", "category": "Elementary", "principal": "ANN LEITER", "phone": "718-441-4448", "NTA_name": "Richmond Hill", "managed_by": "DOE"}}, {"type": "Feature", "geometry": {"type": "Point", "coordinates": [-73.890638, 40.728517]}, "properties": {"system_code": "24Q058", "location_code": "Q058", "location_name": "P.S. 58 - The School of Heroes", "grades": "PK,0K,01,02,03,04,05,06", "address": "72-24 GRAND AVENUE", "district": "24", "borough": "Q", "status": "Open", "location_type": "General Academic", "category": "Elementary", "principal": "ADELINE VALASTRO-TRIPOLI", "phone": "718-533-6712", "NTA_name": "Maspeth", "managed_by": "DOE"}}, {"type": "Feature", "geometry": {"type": "Point", "coordinates": [-73.852792, 40.691467]}, "properties": {"system_code": "27Q060", "location_code": "Q060", "location_name": "P.S. 060 Woodhaven", "grades": "PK,0K,01,02,03,04,05", "address": "91-02 88 AVENUE", "district": "27", "borough": "Q", "status": "Open", "location_type": "General Academic", "category": "Elementary", "principal": "FRANK DESARIO", "phone": "718-441-5046", "NTA_name": "Woodhaven", "managed_by": "DOE"}}, {"type": "Feature", "geometry": {"type": "Point", "coordinates": [-73.835567, 40.688359]}, "properties": {"system_code": "27Q062", "location_code": "Q062", "location_name": "P. S. 62 - Chester Park School", "grades": "0K,01,02,03,04,05", "address": "97-25 108 STREET", "district": "27", "borough": "Q", "status": "Open", "location_type": "General Academic", "category": "Elementary", "principal": "ANGELA ODOWD", "phone": "718-286-4460", "NTA_name": "Richmond Hill", "managed_by": "DOE"}}, {"type": "Feature", "geometry": {"type": "Point", "coordinates": [-73.846796, 40.676978]}, "properties": {"system_code": "27Q063", "location_code": "Q063", "location_name": "P.S. 063 Old South", "grades": "0K,01,02,03,04,05", "address": "90-15 SUTTER AVENUE", "district": "27", "borough": "Q", "status": "Open", "location_type": "General Academic", "category": "Elementary", "principal": "Diane Marino Coleman", "phone": "718-845-7560", "NTA_name": "Ozone Park", "managed_by": "DOE"}}, {"type": "Feature", "geometry": {"type": "Point", "coordinates": [-73.856956, 40.681901]}, "properties": {"system_code": "27Q064", "location_code": "Q064", "location_name": "P.S. 064 Joseph P. Addabbo", "grades": "0K,01,02,03,04,05", "address": "82-01 101 AVENUE", "district": "27", "borough": "Q", "status": "Open", "location_type": "General Academic", "category": "Elementary", "principal": "Elizabeth Mitchell", "phone": "718-845-8290", "NTA_name": "Woodhaven", "managed_by": "DOE"}}, {"type": "Feature", "geometry": {"type": "Point", "coordinates": [-73.841675, 40.682293]}, "properties": {"system_code": "27Q065", "location_code": "Q065", "location_name": "P.S. 65 - The Raymond York Elementary School", "grades": "0K,01,02,03,04,05", "address": "103-22 99 STREET", "district": "27", "borough": "Q", "status": "Open", "location_type": "General Academic", "category": "Elementary", "principal": "RAFAEL MORALES", "phone": "718-323-1685", "NTA_name": "Ozone Park", "managed_by": "DOE"}}, {"type": "Feature", "geometry": {"type": "Point", "coordinates": [-73.846135, 40.697941]}, "properties": {"system_code": "27Q066", "location_code": "Q066", "location_name": "P.S. 066 Jacqueline Kennedy Onassis", "grades": "0K,01,02,03,04,05", "address": "85-11 102 STREET", "district": "27", "borough": "Q", "status": "Open", "location_type": "General Academic", "category": "Elementary", "principal": "HELEN DESARIO", "phone": "718-849-0184", "NTA_name": "Richmond Hill", "managed_by": "DOE"}}, {"type": "Feature", "geometry": {"type": "Point", "coordinates": [-73.897372, 40.696961]}, "properties": {"system_code": "24Q068", "location_code": "Q068", "location_name": "P.S. 068 Cambridge", "grades": "PK,0K,01,02,03,04,05", "address": "59-09 SAINT FELIX AVENUE", "district": "24", "borough": "Q", "status": "Open", "location_type": "General Academic", "category": "Elementary", "principal": "ANNE MARIE SNADECKY", "phone": "718-821-7246", "NTA_name": "Ridgewood", "managed_by": "DOE"}}, {"type": "Feature", "geometry": {"type": "Point", "coordinates": [-73.888457, 40.748804]}, "properties": {"system_code": "30Q069", "location_code": "Q069", "location_name": "P.S. 069 Jackson Heights", "grades": "PK,0K,01,02,03,04,05", "address": "77-02 37 AVENUE", "district": "30", "borough": "Q", "status": "Open", "location_type": "General Academic", "category": "Elementary", "principal": "MARTHA VAZQUEZ", "phone": "718-424-7700", "NTA_name": "Jackson Heights", "managed_by": "DOE"}}, {"type": "Feature", "geometry": {"type": "Point", "coordinates": [-73.913964, 40.761762]}, "properties": {"system_code": "30Q070", "location_code": "Q070", "location_name": "P.S. 070", "grades": "PK,0K,01,02,03,04,05", "address": "30-45 42 STREET", "district": "30", "borough": "Q", "status": "Open", "location_type": "General Academic", "category": "Elementary", "principal": "DONNA CONDILES GELLER", "phone": "718-728-4646", "NTA_name": "Astoria", "managed_by": "DOE"}}, {"type": "Feature", "geometry": {"type": "Point", "coordinates": [-73.913964, 40.761762]}, "properties": {"system_code": "30Q070", "location_code": "Q070", "location_name": "P.S. 070", "grades": "PK,0K,01,02,03,04,05", "address": "30-45 42 STREET", "district": "30", "borough": "Q", "status": "Open", "location_type": "General Academic", "category": "Elementary", "principal": "DONNA CONDILES GELLER", "phone": "718-728-4646", "NTA_name": "Astoria", "managed_by": "DOE"}}, {"type": "Feature", "geometry": {"type": "Point", "coordinates": [-73.904798, 40.711388]}, "properties": {"system_code": "24Q071", "location_code": "Q071", "location_name": "P.S. 071 Forest", "grades": "0K,01,02,03,04,05", "address": "62-85 FOREST AVENUE", "district": "24", "borough": "Q", "status": "Open", "location_type": "General Academic", "category": "Elementary", "principal": "Indiana Soto", "phone": "718-821-7772", "NTA_name": "Ridgewood", "managed_by": "DOE"}}, {"type": "Feature", "geometry": {"type": "Point", "coordinates": [-73.904888, 40.698699]}, "properties": {"system_code": "75Q075", "location_code": "Q075", "location_name": "Robert E. Peary School", "grades": "PK,0K,01,02,03,04,05,06,07,08,09,10,11,SE", "address": "16-66 HANCOCK STREET", "district": "24", "borough": "Q", "status": "Open", "location_type": "Special Education", "category": "K-8", "principal": "James Thorbs", "phone": "718-456-7588", "NTA_name": "Ridgewood", "managed_by": "DOE"}}, {"type": "Feature", "geometry": {"type": "Point", "coordinates": [-73.94163, 40.760862]}, "properties": {"system_code": "30Q076", "location_code": "Q076", "location_name": "P.S. 076 William Hallet", "grades": "PK,0K,01,02,03,04,05", "address": "36-36 10 STREET", "district": "30", "borough": "Q", "status": "Open", "location_type": "General Academic", "category": "Elementary", "principal": "Timothy Miller", "phone": "718-361-7464", "NTA_name": "Queensbridge-Ravenswood-Long Island City", "managed_by": "DOE"}}, {"type": "Feature", "geometry": {"type": "Point", "coordinates": [-73.957177, 40.744368]}, "properties": {"system_code": "30Q078", "location_code": "Q078", "location_name": "P.S./I.S. 78Q", "grades": "PK,0K,01,02,03,04,05", "address": "48-09 CENTER BOULEVARD", "district": "30", "borough": "Q", "status": "Open", "location_type": "General Academic", "category": "K-8", "principal": "LOUIS PAVONE", "phone": "718-392-5402", "NTA_name": "Hunters Point-Sunnyside-West Maspeth", "managed_by": "DOE"}}, {"type": "Feature", "geometry": {"type": "Point", "coordinates": [-73.817338, 40.786201]}, "properties": {"system_code": "25Q079", "location_code": "Q079", "location_name": "P.S. 079 Francis Lewis", "grades": "PK,0K,01,02,03,04,05", "address": "147-27 15 DRIVE", "district": "25", "borough": "Q", "status": "Open", "location_type": "General Academic", "category": "Elementary", "principal": "George Carter", "phone": "718-746-0396", "NTA_name": "Whitestone", "managed_by": "DOE"}}, {"type": "Feature", "geometry": {"type": "Point", "coordinates": [-73.769119, 40.673483]}, "properties": {"system_code": "28Q080", "location_code": "Q080", "location_name": "PS 80 \u00a0The Thurgood Marshall Magnet School of Mult", "grades": "0K,01,02,03,04,05", "address": "171-05 137TH AVENUE", "district": "28", "borough": "Q", "status": "Open", "location_type": "General Academic", "category": "Elementary", "principal": "Kersandra Cox", "phone": "718-528-7070", "NTA_name": "Springfield Gardens North", "managed_by": "DOE"}}, {"type": "Feature", "geometry": {"type": "Point", "coordinates": [-73.911885, 40.703942]}, "properties": {"system_code": "24Q081", "location_code": "Q081", "location_name": "P.S. 81Q Jean Paul Richter", "grades": "0K,01,02,03,04,05", "address": "559 CYPRESS AVENUE", "district": "24", "borough": "Q", "status": "Open", "location_type": "General Academic", "category": "Elementary", "principal": "Romy Diamond", "phone": "718-821-9800", "NTA_name": "Ridgewood", "managed_by": "DOE"}}, {"type": "Feature", "geometry": {"type": "Point", "coordinates": [-73.778613, 40.680016]}, "properties": {"system_code": "84Q342", "location_code": "Q342", "location_name": "Rochdale Early Advantage Charter School", "grades": "0K,01,02,03,04,05", "address": "122-05 SMITH STREET", "district": "28", "borough": "Q", "status": "Open", "location_type": "General Academic", "category": "Elementary", "principal": "Calvin Rice/Alvin Knight", "phone": "718-978-0075", "NTA_name": "Baisley Park", "managed_by": "Charter"}}, {"type": "Feature", "geometry": {"type": "Point", "coordinates": [-73.8122, 40.703897]}, "properties": {"system_code": "28Q082", "location_code": "Q082", "location_name": "P.S. 082 Hammond", "grades": "PK,0K,01,02,03,04,05", "address": "88-02 144 STREET", "district": "28", "borough": "Q", "status": "Open", "location_type": "General Academic", "category": "Elementary", "principal": "Grisel Rodriguez", "phone": "718-526-4139", "NTA_name": "Briarwood-Jamaica Hills", "managed_by": "DOE"}}, {"type": "Feature", "geometry": {"type": "Point", "coordinates": [-73.906117, 40.771154]}, "properties": {"system_code": "30Q084", "location_code": "Q084", "location_name": "P.S. 084 Steinway", "grades": "0K,01,02,03,04,05", "address": "22-45 41 STREET", "district": "30", "borough": "Q", "status": "Open", "location_type": "General Academic", "category": "Elementary", "principal": "JOHN BUFFA", "phone": "718-278-1915", "NTA_name": "Steinway", "managed_by": "DOE"}}, {"type": "Feature", "geometry": {"type": "Point", "coordinates": [-73.915039, 40.773126]}, "properties": {"system_code": "30Q085", "location_code": "Q085", "location_name": "P.S. 085 Judge Charles Vallone", "grades": "PK,0K,01,02,03,04,05", "address": "23-70 31 STREET", "district": "30", "borough": "Q", "status": "Open", "location_type": "General Academic", "category": "Elementary", "principal": "ANN GORDON CHANG", "phone": "718-278-3630", "NTA_name": "Steinway", "managed_by": "DOE"}}, {"type": "Feature", "geometry": {"type": "Point", "coordinates": [-73.803001, 40.709461]}, "properties": {"system_code": "28Q086", "location_code": "Q086", "location_name": "P.S. Q086", "grades": "03,04,05,06", "address": "87-41 PARSONS BOULEVARD", "district": "28", "borough": "Q", "status": "Open", "location_type": "General Academic", "category": "Elementary", "principal": "Rosita Rivera", "phone": "718-291-6264", "NTA_name": "Briarwood-Jamaica Hills", "managed_by": "DOE"}}, {"type": "Feature", "geometry": {"type": "Point", "coordinates": [-73.871674, 40.711559]}, "properties": {"system_code": "24Q087", "location_code": "Q087", "location_name": "P.S./I.S. 087 Middle Village", "grades": "PK,0K,01,02,03,04,05,06,07,08", "address": "67-54 80 STREET", "district": "24", "borough": "Q", "status": "Open", "location_type": "General Academic", "category": "K-8", "principal": "CARYN MICHAELI", "phone": "718-326-8243", "NTA_name": "Middle Village", "managed_by": "DOE"}}, {"type": "Feature", "geometry": {"type": "Point", "coordinates": [-73.896437, 40.704105]}, "properties": {"system_code": "24Q088", "location_code": "Q088", "location_name": "P.S. 088 Seneca", "grades": "PK,0K,01,02,03,04,05", "address": "60-85 CATALPA AVENUE", "district": "24", "borough": "Q", "status": "Open", "location_type": "General Academic", "category": "Elementary", "principal": "LINDA OSHAUGHNESSY", "phone": "718-821-8121", "NTA_name": "Ridgewood", "managed_by": "DOE"}}, {"type": "Feature", "geometry": {"type": "Point", "coordinates": [-73.879641, 40.745963]}, "properties": {"system_code": "24Q089", "location_code": "Q089", "location_name": "P.S. 089 Elmhurst", "grades": "0K,01,02,03,04,05", "address": "85-28 BRITTON AVENUE", "district": "24", "borough": "Q", "status": "Open", "location_type": "General Academic", "category": "Elementary", "principal": "Laura La Sala", "phone": "718-898-2230", "NTA_name": "Elmhurst", "managed_by": "DOE"}}, {"type": "Feature", "geometry": {"type": "Point", "coordinates": [-73.839517, 40.696653]}, "properties": {"system_code": "27Q090", "location_code": "Q090", "location_name": "P.S. 090 Horace Mann", "grades": "PK,0K,01,02,03,04,05", "address": "86-50 109 STREET", "district": "27", "borough": "Q", "status": "Open", "location_type": "General Academic", "category": "Elementary", "principal": "ADRIENNE UBERTINI", "phone": "718-847-3370", "NTA_name": "Richmond Hill", "managed_by": "DOE"}}, {"type": "Feature", "geometry": {"type": "Point", "coordinates": [-73.883995, 40.703503]}, "properties": {"system_code": "24Q091", "location_code": "Q091", "location_name": "P.S. 091 Richard Arkwright", "grades": "0K,01,02,03,04,05", "address": "68-10 CENTRAL AVE", "district": "24", "borough": "Q", "status": "Open", "location_type": "General Academic", "category": "Elementary", "principal": "Gregory Filippi", "phone": "718-821-6881", "NTA_name": "Glendale", "managed_by": "DOE"}}, {"type": "Feature", "geometry": {"type": "Point", "coordinates": [-73.868773, 40.755983]}, "properties": {"system_code": "30Q092", "location_code": "Q092", "location_name": "P.S. 092 Harry T. Stewart Sr.", "grades": "PK,0K,01,02,03,04,05", "address": "99-01 34 AVENUE", "district": "30", "borough": "Q", "status": "Open", "location_type": "General Academic", "category": "Elementary", "principal": "PASQUALE BARATTA", "phone": "718-533-1013", "NTA_name": "North Corona", "managed_by": "DOE"}}, {"type": "Feature", "geometry": {"type": "Point", "coordinates": [-73.738703, 40.771258]}, "properties": {"system_code": "26Q094", "location_code": "Q094", "location_name": "P.S. 094 David D. Porter", "grades": "0K,01,02,03,04,05", "address": "41-77 LITTLE NECK PARKWAY", "district": "26", "borough": "Q", "status": "Open", "location_type": "General Academic", "category": "Elementary", "principal": "LAURA AVAKIANS", "phone": "718-423-8491", "NTA_name": "Douglas Manor-Douglaston-Little Neck", "managed_by": "DOE"}}, {"type": "Feature", "geometry": {"type": "Point", "coordinates": [-73.783283, 40.711295]}, "properties": {"system_code": "29Q095", "location_code": "Q095", "location_name": "P.S. 095 Eastwood", "grades": "0K,01,02,03,04,05", "address": "179-01 90 AVENUE", "district": "29", "borough": "Q", "status": "Open", "location_type": "General Academic", "category": "Elementary", "principal": "Kim Hill", "phone": "718-739-0007", "NTA_name": "Jamaica", "managed_by": "DOE"}}, {"type": "Feature", "geometry": {"type": "Point", "coordinates": [-73.808128, 40.675369]}, "properties": {"system_code": "27Q096", "location_code": "Q096", "location_name": "P.S. 096", "grades": "PK,0K,01,02,03,04,05", "address": "130-01 ROCKAWAY BOULEVARD", "district": "27", "borough": "Q", "status": "Open", "location_type": "General Academic", "category": "Elementary", "principal": "Vivian Eweka", "phone": "718-529-2547", "NTA_name": "South Ozone Park", "managed_by": "DOE"}}, {"type": "Feature", "geometry": {"type": "Point", "coordinates": [-73.860031, 40.694232]}, "properties": {"system_code": "27Q097", "location_code": "Q097", "location_name": "P.S. 097 Forest Park", "grades": "PK,0K,01,02,03,04,05", "address": "85-52 85 STREET", "district": "27", "borough": "Q", "status": "Open", "location_type": "General Academic", "category": "Elementary", "principal": "Marilyn Custodio", "phone": "718-849-4870", "NTA_name": "Woodhaven", "managed_by": "DOE"}}, {"type": "Feature", "geometry": {"type": "Point", "coordinates": [-73.749998, 40.768906]}, "properties": {"system_code": "26Q098", "location_code": "Q098", "location_name": "P.S. 098 The Douglaston School", "grades": "0K,01,02,03,04,05", "address": "40-20 235 STREET", "district": "26", "borough": "Q", "status": "Open", "location_type": "General Academic", "category": "Elementary", "principal": "Lena Kim", "phone": "718-423-8535", "NTA_name": "Douglas Manor-Douglaston-Little Neck", "managed_by": "DOE"}}, {"type": "Feature", "geometry": {"type": "Point", "coordinates": [-73.827722, 40.711502]}, "properties": {"system_code": "28Q099", "location_code": "Q099", "location_name": "P.S. 099 Kew Gardens", "grades": "0K,01,02,03,04,05,06", "address": "82-37 KEW GARDENS ROAD", "district": "28", "borough": "Q", "status": "Open", "location_type": "General Academic", "category": "Elementary", "principal": "PAULETTE FOGLIO", "phone": "718-544-4343", "NTA_name": "Kew Gardens", "managed_by": "DOE"}}, {"type": "Feature", "geometry": {"type": "Point", "coordinates": [-73.821545, 40.679694]}, "properties": {"system_code": "27Q100", "location_code": "Q100", "location_name": "P.S. 100 Glen Morris", "grades": "0K,01,02,03,04,05", "address": "111-11 118 STREET", "district": "27", "borough": "Q", "status": "Open", "location_type": "General Academic", "category": "Elementary", "principal": "Laureen Fromberg", "phone": "718-558-1510", "NTA_name": "South Ozone Park", "managed_by": "DOE"}}, {"type": "Feature", "geometry": {"type": "Point", "coordinates": [-73.8434, 40.715543]}, "properties": {"system_code": "28Q101", "location_code": "Q101", "location_name": "P.S. 101 School in the Gardens", "grades": "PK,0K,01,02,03,04,05,06", "address": "2 RUSSELL PLACE", "district": "28", "borough": "Q", "status": "Open", "location_type": "General Academic", "category": "Elementary", "principal": "MONIQUE LOPEZ-PANIAGUA", "phone": "718-268-7230", "NTA_name": "Forest Hills", "managed_by": "DOE"}}, {"type": "Feature", "geometry": {"type": "Point", "coordinates": [-73.878243, 40.733033]}, "properties": {"system_code": "24Q102", "location_code": "Q102", "location_name": "P.S. 102 Bayview", "grades": "0K,01,02,03,04,05,06,07,08", "address": "55-24 VAN HORN STREET", "district": "24", "borough": "Q", "status": "Open", "location_type": "General Academic", "category": "K-8", "principal": "CATHERINE WEINSTEIN", "phone": "718-446-3308", "NTA_name": "Elmhurst-Maspeth", "managed_by": "DOE"}}, {"type": "Feature", "geometry": {"type": "Point", "coordinates": [-73.764621, 40.608002]}, "properties": {"system_code": "27Q104", "location_code": "Q104", "location_name": "P.S. 104 The Bays Water", "grades": "PK,0K,01,02,03,04,05,06", "address": "26-01 MOTT AVENUE", "district": "27", "borough": "Q", "status": "Open", "location_type": "General Academic", "category": "Elementary", "principal": "KATHLEEN GRADY", "phone": "718-327-1910", "NTA_name": "Far Rockaway-Bayswater", "managed_by": "DOE"}}, {"type": "Feature", "geometry": {"type": "Point", "coordinates": [-73.780961, 40.595911]}, "properties": {"system_code": "27Q105", "location_code": "Q105", "location_name": "P.S. 105 The Bay School", "grades": "PK,0K,01,02,03,04,05,06,07,08", "address": "420 BEACH \u00a051 STREET", "district": "27", "borough": "Q", "status": "Open", "location_type": "General Academic", "category": "K-8", "principal": "LAURIE SHAPIRO", "phone": "718-474-8615", "NTA_name": "Hammels-Arverne-Edgemere", "managed_by": "DOE"}}, {"type": "Feature", "geometry": {"type": "Point", "coordinates": [-73.766846, 40.594738]}, "properties": {"system_code": "27Q106", "location_code": "Q106", "location_name": "Lighthouse Elementary School", "grades": "PK,0K,01,02,03,04,05", "address": "180 BEACH \u00a035 STREET", "district": "27", "borough": "Q", "status": "Open", "location_type": "General Academic", "category": "Elementary", "principal": "Rachelle Legions", "phone": "718-327-5828", "NTA_name": "Hammels-Arverne-Edgemere", "managed_by": "DOE"}}, {"type": "Feature", "geometry": {"type": "Point", "coordinates": [-73.799476, 40.755364]}, "properties": {"system_code": "25Q107", "location_code": "Q107", "location_name": "P.S. 107 Thomas A Dooley", "grades": "PK,0K,01,02,03,04,05", "address": "167-02 45 AVENUE", "district": "25", "borough": "Q", "status": "Open", "location_type": "General Academic", "category": "Elementary", "principal": "Lori Cummings", "phone": "718-762-5995", "NTA_name": "East Flushing", "managed_by": "DOE"}}, {"type": "Feature", "geometry": {"type": "Point", "coordinates": [-73.831025, 40.679083]}, "properties": {"system_code": "27Q108", "location_code": "Q108", "location_name": "P.S. 108 Captain Vincent G. Fowler", "grades": "PK,0K,01,02,03,04,05", "address": "108-10 109 AVENUE", "district": "27", "borough": "Q", "status": "Open", "location_type": "General Academic", "category": "Elementary", "principal": "JENNIFER IOVINE", "phone": "718-558-2700", "NTA_name": "South Ozone Park", "managed_by": "DOE"}}, {"type": "Feature", "geometry": {"type": "Point", "coordinates": [-73.866372, 40.745995]}, "properties": {"system_code": "24Q110", "location_code": "Q110", "location_name": "P.S. 110", "grades": "0K,01,02,03,04,05", "address": "43-18 97TH PLACE", "district": "24", "borough": "Q", "status": "Open", "location_type": "General Academic", "category": "Elementary", "principal": "Elisa Gomez", "phone": "718-424-8278", "NTA_name": "North Corona", "managed_by": "DOE"}}, {"type": "Feature", "geometry": {"type": "Point", "coordinates": [-73.939181, 40.758342]}, "properties": {"system_code": "30Q111", "location_code": "Q111", "location_name": "P.S. 111 Jacob Blackwell", "grades": "PK,0K,01,02,03,04,05,06,07,08", "address": "37-15 13 STREET", "district": "30", "borough": "Q", "status": "Open", "location_type": "General Academic", "category": "K-8", "principal": "Dionne Jaggon", "phone": "718-786-2073", "NTA_name": "Queensbridge-Ravenswood-Long Island City", "managed_by": "DOE"}}, {"type": "Feature", "geometry": {"type": "Point", "coordinates": [-73.933562, 40.757293]}, "properties": {"system_code": "30Q112", "location_code": "Q112", "location_name": "P.S. 112 Dutch Kills", "grades": "0K,01,02,03,04,05", "address": "25-05 37 AVENUE", "district": "30", "borough": "Q", "status": "Open", "location_type": "General Academic", "category": "Elementary", "principal": "DOV WITKES", "phone": "718-784-5250", "NTA_name": "Queensbridge-Ravenswood-Long Island City", "managed_by": "DOE"}}, {"type": "Feature", "geometry": {"type": "Point", "coordinates": [-73.861493, 40.705476]}, "properties": {"system_code": "24Q113", "location_code": "Q113", "location_name": "P.S./I.S. 113 Anthony J. Pranzo", "grades": "0K,01,02,03,04,05,06,07,08", "address": "78-23 87TH STREET", "district": "24", "borough": "Q", "status": "Open", "location_type": "General Academic", "category": "K-8", "principal": "Alejandro Megias", "phone": "718-847-0724", "NTA_name": "Glendale", "managed_by": "DOE"}}, {"type": "Feature", "geometry": {"type": "Point", "coordinates": [-73.854364, 40.577552]}, "properties": {"system_code": "27Q114", "location_code": "Q114", "location_name": "P.S./M.S. 114 Belle Harbor", "grades": "PK,0K,01,02,03,04,05,06,07,08", "address": "134-01 CRONSTON AVENUE", "district": "27", "borough": "Q", "status": "Open", "location_type": "General Academic", "category": "K-8", "principal": "ELIZABETH WELSOME", "phone": "718-634-3382", "NTA_name": "Breezy Point-Belle Harbor-Rockaway Park-Broad Channel", "managed_by": "DOE"}}, {"type": "Feature", "geometry": {"type": "Point", "coordinates": [-73.709404, 40.744201]}, "properties": {"system_code": "26Q115", "location_code": "Q115", "location_name": "The James J. Ambrose School", "grades": "PK,0K,01,02,03,04,05", "address": "80-51 261 STREET", "district": "26", "borough": "Q", "status": "Open", "location_type": "General Academic", "category": "Elementary", "principal": "Danielle LaPorte", "phone": "718-831-4010", "NTA_name": "Glen Oaks-Floral Park-New Hyde Park", "managed_by": "DOE"}}, {"type": "Feature", "geometry": {"type": "Point", "coordinates": [-73.781839, 40.70084]}, "properties": {"system_code": "29Q116", "location_code": "Q116", "location_name": "P.S./I.S. 116 William C. Hughley", "grades": "PK,0K,01,02,03,04,05,06,07,08", "address": "107-25 WREN PLACE", "district": "29", "borough": "Q", "status": "Open", "location_type": "General Academic", "category": "K-8", "principal": "Debra Farrow", "phone": "718-526-4884", "NTA_name": "South Jamaica", "managed_by": "DOE"}}, {"type": "Feature", "geometry": {"type": "Point", "coordinates": [-73.812968, 40.710428]}, "properties": {"system_code": "28Q117", "location_code": "Q117", "location_name": "P.S. 117 J. Keld / Briarwood School", "grades": "PK,0K,01,02,03,04,05", "address": "85-15 143 STREET", "district": "28", "borough": "Q", "status": "Open", "location_type": "General Academic", "category": "Elementary", "principal": "PAULA CUNNINGHAM", "phone": "718-526-4780", "NTA_name": "Briarwood-Jamaica Hills", "managed_by": "DOE"}}, {"type": "Feature", "geometry": {"type": "Point", "coordinates": [-73.765237, 40.703182]}, "properties": {"system_code": "29Q118", "location_code": "Q118", "location_name": "P.S. 118 Lorraine Hansberry", "grades": "PK,0K,01,02,03,04,05", "address": "190-20 109 ROAD", "district": "29", "borough": "Q", "status": "Open", "location_type": "General Academic", "category": "Elementary", "principal": "Michelle Soussoudis", "phone": "718-465-5538", "NTA_name": "Hollis", "managed_by": "DOE"}}, {"type": "Feature", "geometry": {"type": "Point", "coordinates": [-73.875073, 40.705187]}, "properties": {"system_code": "24Q119", "location_code": "Q119", "location_name": "P.S./I.S. 119 The Glendale", "grades": "0K,01,02,03,04,05,06,07,08", "address": "74-01 78 AVENUE", "district": "24", "borough": "Q", "status": "Open", "location_type": "General Academic", "category": "K-8", "principal": "JEANNE FAGAN", "phone": "718-326-8261", "NTA_name": "Glendale", "managed_by": "DOE"}}, {"type": "Feature", "geometry": {"type": "Point", "coordinates": [-73.828674, 40.745215]}, "properties": {"system_code": "25Q120", "location_code": "Q120", "location_name": "P.S. 120 Queens", "grades": "PK,0K,01,02,03,04,05", "address": "58-01 136 STREET", "district": "25", "borough": "Q", "status": "Open", "location_type": "General Academic", "category": "Elementary", "principal": "Robert Marino", "phone": "718-359-3390", "NTA_name": "Queensboro Hill", "managed_by": "DOE"}}, {"type": "Feature", "geometry": {"type": "Point", "coordinates": [-73.81533, 40.683585]}, "properties": {"system_code": "28Q121", "location_code": "Q121", "location_name": "P.S. 121 Queens", "grades": "PK,0K,01,02,03,04,05", "address": "126-10 109 AVENUE", "district": "28", "borough": "Q", "status": "Open", "location_type": "General Academic", "category": "Elementary", "principal": "Evelyn Vadi", "phone": "718-558-1560", "NTA_name": "South Ozone Park", "managed_by": "DOE"}}, {"type": "Feature", "geometry": {"type": "Point", "coordinates": [-73.915785, 40.780507]}, "properties": {"system_code": "30Q122", "location_code": "Q122", "location_name": "P.S. 122 Mamie Fay", "grades": "PK,0K,01,02,03,04,05,06,07,08", "address": "21-21 DITMARS BOULEVARD", "district": "30", "borough": "Q", "status": "Open", "location_type": "General Academic", "category": "K-8", "principal": "ANNA APREA", "phone": "718-721-6410", "NTA_name": "Steinway", "managed_by": "DOE"}}, {"type": "Feature", "geometry": {"type": "Point", "coordinates": [-73.795571, 40.678913]}, "properties": {"system_code": "27Q123", "location_code": "Q123", "location_name": "P.S. 123", "grades": "PK,0K,01,02,03,04,05", "address": "145-01 119 AVENUE", "district": "27", "borough": "Q", "status": "Open", "location_type": "General Academic", "category": "Elementary", "principal": "Anthony Hooks", "phone": "718-529-4300", "NTA_name": "Baisley Park", "managed_by": "DOE"}}, {"type": "Feature", "geometry": {"type": "Point", "coordinates": [-73.811266, 40.665669]}, "properties": {"system_code": "27Q124", "location_code": "Q124", "location_name": "P.S. 124 Osmond A Church", "grades": "0K,01,02,03,04,05,06,07,08", "address": "129-15 150 AVENUE", "district": "27", "borough": "Q", "status": "Open", "location_type": "General Academic", "category": "K-8", "principal": "Maritza Williams Jones", "phone": "718-529-2580", "NTA_name": "South Ozone Park", "managed_by": "DOE"}}, {"type": "Feature", "geometry": {"type": "Point", "coordinates": [-73.870931, 40.765507]}, "properties": {"system_code": "30Q127", "location_code": "Q127", "location_name": "P.S. 127 Aerospace Science Magnet School", "grades": "PK,0K,01,02,03,04,05,06,07,08", "address": "98-01 25 AVENUE", "district": "30", "borough": "Q", "status": "Open", "location_type": "General Academic", "category": "K-8", "principal": "EVITA SANABRIA", "phone": "718-446-4700", "NTA_name": "East Elmhurst", "managed_by": "DOE"}}, {"type": "Feature", "geometry": {"type": "Point", "coordinates": [-73.885974, 40.715005]}, "properties": {"system_code": "24Q128", "location_code": "Q128", "location_name": "P.S. 128 The Lorraine Tuzzo, Juniper Valley Elemen", "grades": "0K,01,02,03,04,05,06,07,08", "address": "69-10 65th Drive", "district": "24", "borough": "Q", "status": "Open", "location_type": "General Academic", "category": "K-8", "principal": "CAMILLO TURRICIANO", "phone": "718-326-6210", "NTA_name": "Middle Village", "managed_by": "DOE"}}, {"type": "Feature", "geometry": {"type": "Point", "coordinates": [-73.839505, 40.789926]}, "properties": {"system_code": "25Q129", "location_code": "Q129", "location_name": "P.S. 129 Patricia Larkin", "grades": "PK,0K,01,02,03,04,05", "address": "128-02 7 AVENUE", "district": "25", "borough": "Q", "status": "Open", "location_type": "General Academic", "category": "Elementary", "principal": "MARILYN ALESI", "phone": "718-353-3150", "NTA_name": "Whitestone", "managed_by": "DOE"}}, {"type": "Feature", "geometry": {"type": "Point", "coordinates": [-73.784009, 40.760219]}, "properties": {"system_code": "25Q130", "location_code": "Q130", "location_name": "P.S. 130", "grades": "0K,01,02,03,04,05", "address": "200-01 42 AVENUE", "district": "26", "borough": "Q", "status": "Open", "location_type": "General Academic", "category": "Elementary", "principal": "MICHELLE CONTRATTI", "phone": "718-819-2230", "NTA_name": "Bayside-Bayside Hills", "managed_by": "DOE"}}, {"type": "Feature", "geometry": {"type": "Point", "coordinates": [-73.794061, 40.71715]}, "properties": {"system_code": "29Q131", "location_code": "Q131", "location_name": "P.S. 131 Abigail Adams", "grades": "0K,01,02,03,04,05,SE", "address": "170-45 84 AVENUE", "district": "29", "borough": "Q", "status": "Open", "location_type": "General Academic", "category": "Elementary", "principal": "Veronica Depaolo", "phone": "718-480-2840", "NTA_name": "Briarwood-Jamaica Hills", "managed_by": "DOE"}}, {"type": "Feature", "geometry": {"type": "Point", "coordinates": [-73.7493, 40.681948]}, "properties": {"system_code": "29Q132", "location_code": "Q132", "location_name": "P.S. 132 Ralph Bunche", "grades": "PK,0K,01,02,03,04,05", "address": "132-15 218 STREET", "district": "29", "borough": "Q", "status": "Open", "location_type": "General Academic", "category": "Elementary", "principal": "ALICIA HAWKINS DAVIS", "phone": "718-528-5734", "NTA_name": "Laurelton", "managed_by": "DOE"}}, {"type": "Feature", "geometry": {"type": "Point", "coordinates": [-73.717819, 40.732458]}, "properties": {"system_code": "26Q133", "location_code": "Q133", "location_name": "P.S. 133 Queens", "grades": "PK,0K,01,02,03,04,05", "address": "248-05 86 AVENUE", "district": "26", "borough": "Q", "status": "Open", "location_type": "General Academic", "category": "Elementary", "principal": "Nicole Colon", "phone": "718-831-4016", "NTA_name": "Bellerose", "managed_by": "DOE"}}, {"type": "Feature", "geometry": {"type": "Point", "coordinates": [-73.754747, 40.707535]}, "properties": {"system_code": "29Q134", "location_code": "Q134", "location_name": "P.S. 134 Hollis", "grades": "PK,0K,01,02,03,04,05", "address": "203-02 109 AVENUE", "district": "29", "borough": "Q", "status": "Open", "location_type": "General Academic", "category": "Elementary", "principal": "RANDI POSNER MARINO", "phone": "718-464-5544", "NTA_name": "Hollis", "managed_by": "DOE"}}, {"type": "Feature", "geometry": {"type": "Point", "coordinates": [-73.757591, 40.720864]}, "properties": {"system_code": "29Q135", "location_code": "Q135", "location_name": "The Bellaire School", "grades": "0K,01,02,03,04,05", "address": "207-11 89 AVENUE", "district": "29", "borough": "Q", "status": "Open", "location_type": "General Academic", "category": "Elementary", "principal": "DIANA LAGNESE", "phone": "718-464-2119", "NTA_name": "Jamaica Estates-Holliswood", "managed_by": "DOE"}}, {"type": "Feature", "geometry": {"type": "Point", "coordinates": [-73.752694, 40.69894]}, "properties": {"system_code": "29Q136", "location_code": "Q136", "location_name": "P.S. 136 Roy Wilkins", "grades": "PK,0K,01,02,03,04,05", "address": "201-15 115 AVENUE", "district": "29", "borough": "Q", "status": "Open", "location_type": "General Academic", "category": "Elementary", "principal": "TANYA WALKER", "phone": "718-465-2286", "NTA_name": "St. Albans", "managed_by": "DOE"}}, {"type": "Feature", "geometry": {"type": "Point", "coordinates": [-73.734342, 40.659876]}, "properties": {"system_code": "29Q138", "location_code": "Q138", "location_name": "P.S./M.S. 138 Sunrise", "grades": "PK,0K,01,02,03,04,05,06,07,08", "address": "251-11 WELLER AVENUE", "district": "29", "borough": "Q", "status": "Open", "location_type": "General Academic", "category": "K-8", "principal": "James Mc Enaney", "phone": "929-600-5777", "NTA_name": "Rosedale", "managed_by": "DOE"}}, {"type": "Feature", "geometry": {"type": "Point", "coordinates": [-73.862561, 40.728012]}, "properties": {"system_code": "28Q139", "location_code": "Q139", "location_name": "P.S. 139 Rego Park", "grades": "0K,01,02,03,04,05,06", "address": "93-06 63 DRIVE", "district": "28", "borough": "Q", "status": "Open", "location_type": "General Academic", "category": "Elementary", "principal": "Natalie Perez", "phone": "718-459-1044", "NTA_name": "Rego Park", "managed_by": "DOE"}}, {"type": "Feature", "geometry": {"type": "Point", "coordinates": [-73.781255, 40.687486]}, "properties": {"system_code": "28Q140", "location_code": "Q140", "location_name": "P.S. 140 Edward K Ellington", "grades": "PK,0K,01,02,03,04,05,06", "address": "166-01 116 AVENUE", "district": "28", "borough": "Q", "status": "Open", "location_type": "General Academic", "category": "Elementary", "principal": "Robin Signal", "phone": "718-657-4760", "NTA_name": "Baisley Park", "managed_by": "DOE"}}, {"type": "Feature", "geometry": {"type": "Point", "coordinates": [-73.855715, 40.755393]}, "properties": {"system_code": "24Q143", "location_code": "Q143", "location_name": "P.S. 143 Louis Armstrong", "grades": "0K,01,02,03,04,05", "address": "34-74 113 STREET", "district": "24", "borough": "Q", "status": "Open", "location_type": "General Academic", "category": "Elementary", "principal": "Justine Lucas", "phone": "718-429-5700", "NTA_name": "North Corona", "managed_by": "DOE"}}, {"type": "Feature", "geometry": {"type": "Point", "coordinates": [-73.852398, 40.71489]}, "properties": {"system_code": "28Q144", "location_code": "Q144", "location_name": "P.S. 144 Col Jeromus Remsen", "grades": "PK,0K,01,02,03,04,05,06", "address": "93-02 69 AVENUE", "district": "28", "borough": "Q", "status": "Open", "location_type": "General Academic", "category": "Elementary", "principal": "REVA GLUCK SCHNEIDER", "phone": "718-268-2775", "NTA_name": "Forest Hills", "managed_by": "DOE"}}, {"type": "Feature", "geometry": {"type": "Point", "coordinates": [-73.834896, 40.660531]}, "properties": {"system_code": "27Q146", "location_code": "Q146", "location_name": "P.S. 146 Howard Beach", "grades": "PK,0K,01,02,03,04,05,06,07,08", "address": "98-01 159 AVENUE", "district": "27", "borough": "Q", "status": "Open", "location_type": "General Academic", "category": "K-8", "principal": "MARY KEEGAN", "phone": "718-659-3140", "NTA_name": "Lindenwood-Howard Beach", "managed_by": "DOE"}}, {"type": "Feature", "geometry": {"type": "Point", "coordinates": [-73.74014, 40.698028]}, "properties": {"system_code": "29Q147", "location_code": "Q147", "location_name": "P.S./M.S. 147 Ronald McNair", "grades": "PK,0K,01,02,03,04,05,06,07,08", "address": "218-01 116 AVENUE", "district": "29", "borough": "Q", "status": "Open", "location_type": "General Academic", "category": "K-8", "principal": "Afua Hill", "phone": "718-528-2420", "NTA_name": "Cambria Heights", "managed_by": "DOE"}}, {"type": "Feature", "geometry": {"type": "Point", "coordinates": [-73.878638, 40.757629]}, "properties": {"system_code": "30Q148", "location_code": "Q148", "location_name": "P.S. 148 Queens", "grades": "PK,0K,01,02,03,04,05", "address": "89-02 32 AVENUE", "district": "30", "borough": "Q", "status": "Open", "location_type": "General Academic", "category": "Elementary", "principal": "YOLANDA HARVEY", "phone": "718-898-8181", "NTA_name": "Jackson Heights", "managed_by": "DOE"}}, {"type": "Feature", "geometry": {"type": "Point", "coordinates": [-73.874505, 40.755759]}, "properties": {"system_code": "30Q149", "location_code": "Q149", "location_name": "P.S. 149 Christa McAuliffe", "grades": "0K,01,02,03,04,05", "address": "93-11 34 AVENUE", "district": "30", "borough": "Q", "status": "Open", "location_type": "General Academic", "category": "Elementary", "principal": "Onalis Hernandez", "phone": "718-898-3630", "NTA_name": "Jackson Heights", "managed_by": "DOE"}}, {"type": "Feature", "geometry": {"type": "Point", "coordinates": [-73.923375, 40.745887]}, "properties": {"system_code": "30Q150", "location_code": "Q150", "location_name": "P.S. 150 Queens", "grades": "PK,0K,01,02,03,04,05,06", "address": "40-01 43 AVENUE", "district": "30", "borough": "Q", "status": "Open", "location_type": "General Academic", "category": "Elementary", "principal": "CARMEN PARACHE", "phone": "718-784-2252", "NTA_name": "Hunters Point-Sunnyside-West Maspeth", "managed_by": "DOE"}}, {"type": "Feature", "geometry": {"type": "Point", "coordinates": [-73.908146, 40.758027]}, "properties": {"system_code": "30Q151", "location_code": "Q151", "location_name": "P.S. 151 Mary D. Carter", "grades": "PK,0K,01,02,03,04,05", "address": "50-05 31 AVENUE", "district": "30", "borough": "Q", "status": "Open", "location_type": "General Academic", "category": "Elementary", "principal": "Samantha Maisonet", "phone": "718-728-2676", "NTA_name": "Astoria", "managed_by": "DOE"}}, {"type": "Feature", "geometry": {"type": "Point", "coordinates": [-73.900584, 40.753094]}, "properties": {"system_code": "30Q152", "location_code": "Q152", "location_name": "P.S. 152 Gwendoline N. Alleyne School", "grades": "PK,0K,01,02,03,04,05,06", "address": "33-52 62 STREET", "district": "30", "borough": "Q", "status": "Open", "location_type": "General Academic", "category": "Elementary", "principal": "VINCENT VITOLO", "phone": "718-429-3141", "NTA_name": "Woodside", "managed_by": "DOE"}}, {"type": "Feature", "geometry": {"type": "Point", "coordinates": [-73.904463, 40.716296]}, "properties": {"system_code": "24Q153", "location_code": "Q153", "location_name": "P.S. 153 Maspeth Elem", "grades": "PK,0K,01,02,03,04,05,06", "address": "60-02 60 LANE", "district": "24", "borough": "Q", "status": "Open", "location_type": "General Academic", "category": "Elementary", "principal": "David Berkowitz", "phone": "718-821-7850", "NTA_name": "Maspeth", "managed_by": "DOE"}}, {"type": "Feature", "geometry": {"type": "Point", "coordinates": [-73.80775, 40.726473]}, "properties": {"system_code": "25Q154", "location_code": "Q154", "location_name": "P.S. 154 Queens", "grades": "PK,0K,01,02,03,04,05", "address": "75-02 162 STREET", "district": "25", "borough": "Q", "status": "Open", "location_type": "General Academic", "category": "Elementary", "principal": "PAMELA GATHERS BULLARD", "phone": "718-591-1500", "NTA_name": "Kew Gardens Hills", "managed_by": "DOE"}}, {"type": "Feature", "geometry": {"type": "Point", "coordinates": [-73.810067, 40.679105]}, "properties": {"system_code": "27Q155", "location_code": "Q155", "location_name": "P.S. 155", "grades": "PK,0K,01,02,03,04,05", "address": "130-02 115 AVENUE", "district": "27", "borough": "Q", "status": "Open", "location_type": "General Academic", "category": "Elementary", "principal": "Gregory Jacobs", "phone": "718-558-1310", "NTA_name": "South Ozone Park", "managed_by": "DOE"}}, {"type": "Feature", "geometry": {"type": "Point", "coordinates": [-73.743327, 40.672259]}, "properties": {"system_code": "29Q156", "location_code": "Q156", "location_name": "P.S. 156 Laurelton", "grades": "0K,01,02,03,04,05", "address": "229-02 137 AVENUE", "district": "29", "borough": "Q", "status": "Open", "location_type": "General Academic", "category": "Elementary", "principal": "Estelle Moore", "phone": "718-528-9173", "NTA_name": "Laurelton", "managed_by": "DOE"}}, {"type": "Feature", "geometry": {"type": "Point", "coordinates": [-73.783973, 40.770108]}, "properties": {"system_code": "26Q159", "location_code": "Q159", "location_name": "P.S. 159", "grades": "PK,0K,01,02,03,04,05", "address": "205-01 33 AVENUE", "district": "26", "borough": "Q", "status": "Open", "location_type": "General Academic", "category": "Elementary", "principal": "Paul Didio", "phone": "718-423-8553", "NTA_name": "Bayside-Bayside Hills", "managed_by": "DOE"}}, {"type": "Feature", "geometry": {"type": "Point", "coordinates": [-73.799685, 40.688373]}, "properties": {"system_code": "28Q160", "location_code": "Q160", "location_name": "P.S. 160 Walter Francis Bishop", "grades": "PK,0K,01,02,03,04,05,06", "address": "109-59 INWOOD STREET", "district": "28", "borough": "Q", "status": "Open", "location_type": "General Academic", "category": "Elementary", "principal": "Tiffany Hicks", "phone": "929-398-3140", "NTA_name": "South Jamaica", "managed_by": "DOE"}}, {"type": "Feature", "geometry": {"type": "Point", "coordinates": [-73.82108, 40.690439]}, "properties": {"system_code": "28Q161", "location_code": "Q161", "location_name": "P.S. 161 Arthur Ashe School", "grades": "PK,0K,01,02,03,04,05,06", "address": "101-33 124 STREET", "district": "28", "borough": "Q", "status": "Open", "location_type": "General Academic", "category": "Elementary", "principal": "JILL HODER", "phone": "718-441-5493", "NTA_name": "Richmond Hill", "managed_by": "DOE"}}, {"type": "Feature", "geometry": {"type": "Point", "coordinates": [-73.776576, 40.748405]}, "properties": {"system_code": "26Q162", "location_code": "Q162", "location_name": "P.S. 162 John Golden", "grades": "0K,01,02,03,04,05", "address": "201-02 53 AVENUE", "district": "26", "borough": "Q", "status": "Open", "location_type": "General Academic", "category": "Elementary", "principal": "PAMELA LEE", "phone": "718-423-8621", "NTA_name": "Bayside-Bayside Hills", "managed_by": "DOE"}}, {"type": "Feature", "geometry": {"type": "Point", "coordinates": [-73.808765, 40.741107]}, "properties": {"system_code": "25Q163", "location_code": "Q163", "location_name": "P.S. 163 Flushing Heights", "grades": "PK,0K,01,02,03,04,05", "address": "159-01 59 AVENUE", "district": "25", "borough": "Q", "status": "Open", "location_type": "General Academic", "category": "Elementary", "principal": "Francine Marsaggi", "phone": "718-353-2514", "NTA_name": "Queensboro Hill", "managed_by": "DOE"}}, {"type": "Feature", "geometry": {"type": "Point", "coordinates": [-73.823569, 40.721514]}, "properties": {"system_code": "25Q164", "location_code": "Q164", "location_name": "P.S. 164 Queens Valley", "grades": "PK,0K,01,02,03,04,05,06,07,08", "address": "138-01 77 AVENUE", "district": "25", "borough": "Q", "status": "Open", "location_type": "General Academic", "category": "K-8", "principal": "Lisa Liatto", "phone": "718-544-1083", "NTA_name": "Kew Gardens Hills", "managed_by": "DOE"}}, {"type": "Feature", "geometry": {"type": "Point", "coordinates": [-73.816966, 40.729746]}, "properties": {"system_code": "25Q165", "location_code": "Q165", "location_name": "P.S. 165 Edith K. Bergtraum", "grades": "PK,0K,01,02,03,04,05", "address": "70-35 150 STREET", "district": "25", "borough": "Q", "status": "Open", "location_type": "General Academic", "category": "Elementary", "principal": "Tiffany Davis", "phone": "718-263-4004", "NTA_name": "Kew Gardens Hills", "managed_by": "DOE"}}, {"type": "Feature", "geometry": {"type": "Point", "coordinates": [-73.926249, 40.757497]}, "properties": {"system_code": "30Q166", "location_code": "Q166", "location_name": "P.S. 166 Henry Gradstein", "grades": "PK,0K,01,02,03,04,05", "address": "33-09 35 AVENUE", "district": "30", "borough": "Q", "status": "Open", "location_type": "General Academic", "category": "Elementary", "principal": "Jessica Geller", "phone": "718-786-6703", "NTA_name": "Astoria", "managed_by": "DOE"}}, {"type": "Feature", "geometry": {"type": "Point", "coordinates": [-73.77843, 40.782331]}, "properties": {"system_code": "25Q169", "location_code": "Q169", "location_name": "P.S. 169 Bay Terrace", "grades": "PK,0K,01,02,03,04,05", "address": "18-25 212 STREET", "district": "25", "borough": "Q", "status": "Open", "location_type": "General Academic", "category": "Elementary", "principal": "VANESSA ROSA", "phone": "718-428-6160", "NTA_name": "Ft. Totten-Bay Terrace-Clearview", "managed_by": "DOE"}}, {"type": "Feature", "geometry": {"type": "Point", "coordinates": [-73.752565, 40.600659]}, "properties": {"system_code": "84Q170", "location_code": "Q170", "location_name": "Peninsula Preparatory Academy Charter School", "grades": "0K,01,02,03,04,05", "address": "611 BEACH \u00a019 STREET", "district": "27", "borough": "Q", "status": "Open", "location_type": "General Academic", "category": "Elementary", "principal": "Karen W. Jones", "phone": "347-403-9231", "NTA_name": "Far Rockaway-Bayswater", "managed_by": "Charter"}}, {"type": "Feature", "geometry": {"type": "Point", "coordinates": [-73.929093, 40.770926]}, "properties": {"system_code": "30Q171", "location_code": "Q171", "location_name": "P.S. 171 Peter G. Van Alst", "grades": "PK,0K,01,02,03,04,05", "address": "14-14 29 AVENUE", "district": "30", "borough": "Q", "status": "Open", "location_type": "General Academic", "category": "Elementary", "principal": "Lisa Stone", "phone": "718-932-0909", "NTA_name": "Old Astoria", "managed_by": "DOE"}}, {"type": "Feature", "geometry": {"type": "Point", "coordinates": [-73.795651, 40.734097]}, "properties": {"system_code": "26Q173", "location_code": "Q173", "location_name": "P.S. 173 Fresh Meadows", "grades": "PK,0K,01,02,03,04,05,SE", "address": "174-10 67 AVENUE", "district": "26", "borough": "Q", "status": "Open", "location_type": "General Academic", "category": "Elementary", "principal": "MOLLY WANG", "phone": "718-358-2243", "NTA_name": "Pomonok-Flushing Heights-Hillcrest", "managed_by": "DOE"}}, {"type": "Feature", "geometry": {"type": "Point", "coordinates": [-73.861462, 40.720583]}, "properties": {"system_code": "28Q174", "location_code": "Q174", "location_name": "P.S. 174 William Sidney Mount", "grades": "PK,0K,01,02,03,04,05,06", "address": "65-10 DIETERLE CRESCENT", "district": "28", "borough": "Q", "status": "Open", "location_type": "General Academic", "category": "Elementary", "principal": "KARIN KELLY", "phone": "718-897-7006", "NTA_name": "Rego Park", "managed_by": "DOE"}}, {"type": "Feature", "geometry": {"type": "Point", "coordinates": [-73.85221, 40.731016]}, "properties": {"system_code": "28Q175", "location_code": "Q175", "location_name": "P.S. 175 The Lynn Gross Discovery School", "grades": "0K,01,02,03,04,05", "address": "64-35 102 STREET", "district": "28", "borough": "Q", "status": "Open", "location_type": "General Academic", "category": "Elementary", "principal": "Angela Teutschman", "phone": "718-897-8600", "NTA_name": "Forest Hills", "managed_by": "DOE"}}, {"type": "Feature", "geometry": {"type": "Point", "coordinates": [-73.729226, 40.684987]}, "properties": {"system_code": "29Q176", "location_code": "Q176", "location_name": "P.S. 176 Cambria Heights", "grades": "PK,0K,01,02,03,04,05", "address": "120-45 235 STREET", "district": "29", "borough": "Q", "status": "Open", "location_type": "General Academic", "category": "Elementary", "principal": "MARISA CASTELLO", "phone": "718-525-4057", "NTA_name": "Cambria Heights", "managed_by": "DOE"}}, {"type": "Feature", "geometry": {"type": "Point", "coordinates": [-73.777314, 40.724061]}, "properties": {"system_code": "26Q178", "location_code": "Q178", "location_name": "P.S./ IS 178 Holliswood", "grades": "PK,0K,01,02,03,04,05,06,07,08", "address": "189-10 RADNOR ROAD", "district": "26", "borough": "Q", "status": "Open", "location_type": "General Academic", "category": "K-8", "principal": "JESSICA CRUZ", "phone": "718-464-5763", "NTA_name": "Jamaica Estates-Holliswood", "managed_by": "DOE"}}, {"type": "Feature", "geometry": {"type": "Point", "coordinates": [-73.752948, 40.655674]}, "properties": {"system_code": "29Q181", "location_code": "Q181", "location_name": "P.S. 181 Brookfield", "grades": "PK,0K,01,02,03,04,05", "address": "148-15 230 STREET", "district": "29", "borough": "Q", "status": "Open", "location_type": "General Academic", "category": "Elementary", "principal": "Dina Wheeler", "phone": "718-528-5807", "NTA_name": "Springfield Gardens South-Brookville", "managed_by": "DOE"}}, {"type": "Feature", "geometry": {"type": "Point", "coordinates": [-73.803183, 40.70675]}, "properties": {"system_code": "28Q182", "location_code": "Q182", "location_name": "P.S. 182 Samantha Smith", "grades": "PK,0K,01,02,03,04,05", "address": "153-27 88TH AVENUE", "district": "28", "borough": "Q", "status": "Open", "location_type": "General Academic", "category": "Elementary", "principal": "ANDREW TOPOL", "phone": "718-298-7700", "NTA_name": "Briarwood-Jamaica Hills", "managed_by": "DOE"}}, {"type": "Feature", "geometry": {"type": "Point", "coordinates": [-73.805866, 40.58922]}, "properties": {"system_code": "27Q183", "location_code": "Q183", "location_name": "P.S. 183 Dr. Richard R. Green", "grades": "PK,0K,01,02,03,04,05,06,07,08", "address": "2-45 BEACH \u00a079 STREET", "district": "27", "borough": "Q", "status": "Open", "location_type": "General Academic", "category": "K-8", "principal": "MAUREEN CAMPBELL", "phone": "718-634-9459", "NTA_name": "Hammels-Arverne-Edgemere", "managed_by": "DOE"}}, {"type": "Feature", "geometry": {"type": "Point", "coordinates": [-73.799158, 40.778334]}, "properties": {"system_code": "25Q184", "location_code": "Q184", "location_name": "P.S. 184 Flushing Manor", "grades": "PK,0K,01,02,03,04,05", "address": "163-15 21 ROAD", "district": "25", "borough": "Q", "status": "Open", "location_type": "General Academic", "category": "Elementary", "principal": "Anna Dimilta", "phone": "718-352-7800", "NTA_name": "Ft. Totten-Bay Terrace-Clearview", "managed_by": "DOE"}}, {"type": "Feature", "geometry": {"type": "Point", "coordinates": [-73.721594, 40.749556]}, "properties": {"system_code": "26Q186", "location_code": "Q186", "location_name": "P.S. 186 Castlewood", "grades": "PK,0K,01,02,03,04,05", "address": "252-12 72 AVENUE", "district": "26", "borough": "Q", "status": "Open", "location_type": "General Academic", "category": "Elementary", "principal": "Melissa Haidary", "phone": "718-831-4021", "NTA_name": "Glen Oaks-Floral Park-New Hyde Park", "managed_by": "DOE"}}, {"type": "Feature", "geometry": {"type": "Point", "coordinates": [-73.753985, 40.736063]}, "properties": {"system_code": "26Q188", "location_code": "Q188", "location_name": "P.S. 188 Kingsbury", "grades": "0K,01,02,03,04,05", "address": "218-12 HARTLAND AVENUE", "district": "26", "borough": "Q", "status": "Open", "location_type": "General Academic", "category": "Elementary", "principal": "JANET CARAISCO", "phone": "929-600-5683", "NTA_name": "Oakland Gardens", "managed_by": "DOE"}}, {"type": "Feature", "geometry": {"type": "Point", "coordinates": [-73.708617, 40.734266]}, "properties": {"system_code": "26Q191", "location_code": "Q191", "location_name": "P.S. 191 Mayflower", "grades": "PK,0K,01,02,03,04,05", "address": "85-15 258 STREET", "district": "26", "borough": "Q", "status": "Open", "location_type": "General Academic", "category": "Elementary", "principal": "MICHAEL RANIERI", "phone": "718-831-4032", "NTA_name": "Glen Oaks-Floral Park-New Hyde Park", "managed_by": "DOE"}}, {"type": "Feature", "geometry": {"type": "Point", "coordinates": [-73.808987, 40.792053]}, "properties": {"system_code": "25Q193", "location_code": "Q193", "location_name": "P.S. 193 Alfred J. Kennedy", "grades": "PK,0K,01,02,03,04,05", "address": "152-20 11 AVENUE", "district": "25", "borough": "Q", "status": "Open", "location_type": "General Academic", "category": "Elementary", "principal": "Diane Tratner", "phone": "718-767-8810", "NTA_name": "Whitestone", "managed_by": "DOE"}}, {"type": "Feature", "geometry": {"type": "Point", "coordinates": [-73.735618, 40.652641]}, "properties": {"system_code": "29Q195", "location_code": "Q195", "location_name": "P.S. 195 William Haberle", "grades": "PK,0K,01,02,03,04,05", "address": "253-50 149 AVENUE", "district": "29", "borough": "Q", "status": "Open", "location_type": "General Academic", "category": "Elementary", "principal": "BERYL BAILEY", "phone": "718-723-0313", "NTA_name": "Rosedale", "managed_by": "DOE"}}, {"type": "Feature", "geometry": {"type": "Point", "coordinates": [-73.837379, 40.722792]}, "properties": {"system_code": "28Q196", "location_code": "Q196", "location_name": "P.S. 196 Grand Central Parkway", "grades": "0K,01,02,03,04,05", "address": "71-25 113 STREET", "district": "28", "borough": "Q", "status": "Open", "location_type": "General Academic", "category": "Elementary", "principal": "SUSAN MIGLIANO", "phone": "718-263-9770", "NTA_name": "Forest Hills", "managed_by": "DOE"}}, {"type": "Feature", "geometry": {"type": "Point", "coordinates": [-73.744128, 40.599664]}, "properties": {"system_code": "27Q197", "location_code": "Q197", "location_name": "P.S. 197 The Ocean School", "grades": "PK,0K,01,02,03,04,05,06", "address": "825 HICKSVILLE ROAD", "district": "27", "borough": "Q", "status": "Open", "location_type": "General Academic", "category": "Elementary", "principal": "Christina Villavicencio", "phone": "718-327-1083", "NTA_name": "Far Rockaway-Bayswater", "managed_by": "DOE"}}, {"type": "Feature", "geometry": {"type": "Point", "coordinates": [-73.7862, 40.594]}, "properties": {"system_code": "27Q198", "location_code": "Q198", "location_name": "JHS 198 Benjamin N Cardozo", "grades": "PK,0K,01,02,03,04,05,06,07,08", "address": "365 BEACH \u00a056 STREET", "district": "27", "borough": "Q", "status": "Closed", "location_type": "General Academic", "category": "K-8", "principal": "Angela Logan", "phone": "718-945-3300", "NTA_name": "Hammels-Arverne-Edgemere", "managed_by": "DOE"}}, {"type": "Feature", "geometry": {"type": "Point", "coordinates": [-73.926081, 40.739831]}, "properties": {"system_code": "24Q199", "location_code": "Q199", "location_name": "P.S. 199 Maurice A. Fitzgerald", "grades": "0K,01,02,03,04,05", "address": "39-20 48 AVENUE", "district": "24", "borough": "Q", "status": "Open", "location_type": "General Academic", "category": "Elementary", "principal": "Kujtim Daliposki", "phone": "718-784-3431", "NTA_name": "Hunters Point-Sunnyside-West Maspeth", "managed_by": "DOE"}}, {"type": "Feature", "geometry": {"type": "Point", "coordinates": [-73.805759, 40.73107]}, "properties": {"system_code": "25Q200", "location_code": "Q200", "location_name": "P.S./M.S. 200 - The Magnet School of Global Studie", "grades": "PK,0K,01,02,03,04,05,06,07,08", "address": "70-10 164 STREET", "district": "25", "borough": "Q", "status": "Open", "location_type": "General Academic", "category": "K-8", "principal": "Kevin Mcauliffe", "phone": "718-969-7780", "NTA_name": "Pomonok-Flushing Heights-Hillcrest", "managed_by": "DOE"}}, {"type": "Feature", "geometry": {"type": "Point", "coordinates": [-73.813011, 40.736541]}, "properties": {"system_code": "25Q201", "location_code": "Q201", "location_name": "P.S. 201 The Discovery School for Inquiry and Rese", "grades": "PK,0K,01,02,03,04,05", "address": "65-11 155 STREET", "district": "25", "borough": "Q", "status": "Open", "location_type": "General Academic", "category": "Elementary", "principal": "Umit Serin", "phone": "718-359-0620", "NTA_name": "Pomonok-Flushing Heights-Hillcrest", "managed_by": "DOE"}}, {"type": "Feature", "geometry": {"type": "Point", "coordinates": [-73.759822, 40.753606]}, "properties": {"system_code": "26Q203", "location_code": "Q203", "location_name": "P.S. 203 Oakland Gardens", "grades": "PK,0K,01,02,03,04,05", "address": "53-11 SPRINGFIELD BOULEVARD", "district": "26", "borough": "Q", "status": "Open", "location_type": "General Academic", "category": "Elementary", "principal": "DEBORAH FLORIO", "phone": "718-423-8652", "NTA_name": "Oakland Gardens", "managed_by": "DOE"}}, {"type": "Feature", "geometry": {"type": "Point", "coordinates": [-73.756374, 40.738008]}, "properties": {"system_code": "26Q205", "location_code": "Q205", "location_name": "P.S. 205 Alexander Graham Bell", "grades": "PK,0K,01,02,03,04,05", "address": "75-25 BELL BOULEVARD", "district": "26", "borough": "Q", "status": "Open", "location_type": "General Academic", "category": "Elementary", "principal": "KAREN PIAZZA", "phone": "718-464-5773", "NTA_name": "Oakland Gardens", "managed_by": "DOE"}}, {"type": "Feature", "geometry": {"type": "Point", "coordinates": [-73.861004, 40.73404]}, "properties": {"system_code": "28Q206", "location_code": "Q206", "location_name": "P.S. 206 The Horace Harding School", "grades": "PK,0K,01,02,03,04,05", "address": "61-02 98 STREET", "district": "28", "borough": "Q", "status": "Open", "location_type": "General Academic", "category": "Elementary", "principal": "Joan Thomas", "phone": "718-592-0300", "NTA_name": "Rego Park", "managed_by": "DOE"}}, {"type": "Feature", "geometry": {"type": "Point", "coordinates": [-73.861004, 40.73404]}, "properties": {"system_code": "28Q206", "location_code": "Q206", "location_name": "P.S. 206 The Horace Harding School", "grades": "PK,0K,01,02,03,04,05", "address": "61-02 98 STREET", "district": "28", "borough": "Q", "status": "Open", "location_type": "General Academic", "category": "Elementary", "principal": "Joan Thomas", "phone": "718-592-0300", "NTA_name": "Rego Park", "managed_by": "DOE"}}, {"type": "Feature", "geometry": {"type": "Point", "coordinates": [-73.843881, 40.657736]}, "properties": {"system_code": "27Q207", "location_code": "Q207", "location_name": "P.S. 207 Rockwood Park", "grades": "PK,0K,01,02,03,04,05,06,07,08", "address": "159-15 88 STREET", "district": "27", "borough": "Q", "status": "Open", "location_type": "General Academic", "category": "K-8", "principal": "Eileen Davies", "phone": "718-848-2700", "NTA_name": "Lindenwood-Howard Beach", "managed_by": "DOE"}}, {"type": "Feature", "geometry": {"type": "Point", "coordinates": [-73.727632, 40.744276]}, "properties": {"system_code": "29Q208", "location_code": "Q208", "location_name": "P.S./I.S. 208", "grades": "0K,01,02,03,04,05,06,07,08", "address": "74-30 COMMONWEALTH BLVD", "district": "26", "borough": "Q", "status": "Open", "location_type": "General Academic", "category": "K-8", "principal": "JAMES PHILEMY", "phone": "718-468-6420", "NTA_name": "Bellerose", "managed_by": "DOE"}}, {"type": "Feature", "geometry": {"type": "Point", "coordinates": [-73.795845, 40.783777]}, "properties": {"system_code": "25Q209", "location_code": "Q209", "location_name": "P.S. 209 Clearview Gardens", "grades": "PK,0K,01,02,03,04,05", "address": "16-10 UTOPIA PARKWAY", "district": "25", "borough": "Q", "status": "Open", "location_type": "General Academic", "category": "Elementary", "principal": "MARY MCDONNELL", "phone": "718-352-3939", "NTA_name": "Ft. Totten-Bay Terrace-Clearview", "managed_by": "DOE"}}, {"type": "Feature", "geometry": {"type": "Point", "coordinates": [-73.863408, 40.741139]}, "properties": {"system_code": "24Q211", "location_code": "Q211", "location_name": "Elm Tree Elementary School", "grades": "0K,01,02,03,04,05", "address": "50-51 98TH STREET", "district": "24", "borough": "Q", "status": "Open", "location_type": "General Academic", "category": "Elementary", "principal": "Kristen Niven", "phone": "929-208-4860", "NTA_name": "Corona", "managed_by": "DOE"}}, {"type": "Feature", "geometry": {"type": "Point", "coordinates": [-73.884458, 40.753035]}, "properties": {"system_code": "30Q212", "location_code": "Q212", "location_name": "P.S. 212", "grades": "0K,01,02,03,04,05", "address": "34-25 82 STREET", "district": "30", "borough": "Q", "status": "Open", "location_type": "General Academic", "category": "Elementary", "principal": "CARIN ELLIS", "phone": "718-898-6973", "NTA_name": "Jackson Heights", "managed_by": "DOE"}}, {"type": "Feature", "geometry": {"type": "Point", "coordinates": [-73.74539, 40.747457]}, "properties": {"system_code": "26Q213", "location_code": "Q213", "location_name": "P.S. 213 The Carl Ullman School", "grades": "PK,0K,01,02,03,04,05", "address": "231-02 67 AVENUE", "district": "26", "borough": "Q", "status": "Open", "location_type": "General Academic", "category": "Elementary", "principal": "Megan Mccauley", "phone": "718-423-8747", "NTA_name": "Oakland Gardens", "managed_by": "DOE"}}, {"type": "Feature", "geometry": {"type": "Point", "coordinates": [-73.827606, 40.770215]}, "properties": {"system_code": "25Q214", "location_code": "Q214", "location_name": "P.S. 214 Cadwallader Colden", "grades": "PK,0K,01,02,03,04,05", "address": "31-15 140 STREET", "district": "25", "borough": "Q", "status": "Open", "location_type": "General Academic", "category": "Elementary", "principal": "Denise Fuccillo", "phone": "718-461-4055", "NTA_name": "Flushing", "managed_by": "DOE"}}, {"type": "Feature", "geometry": {"type": "Point", "coordinates": [-73.758587, 40.599467]}, "properties": {"system_code": "27Q215", "location_code": "Q215", "location_name": "P.S. 215 Lucretia Mott", "grades": "0K,01,02,03,04,05", "address": "535 BRIAR PLACE", "district": "27", "borough": "Q", "status": "Closed", "location_type": "General Academic", "category": "Elementary", "principal": "SUSAN RIPPE HOFMANN", "phone": "718-327-7928", "NTA_name": "Far Rockaway-Bayswater", "managed_by": "DOE"}}, {"type": "Feature", "geometry": {"type": "Point", "coordinates": [-73.823841, 40.737448]}, "properties": {"system_code": "25Q219", "location_code": "Q219", "location_name": "P.S. 219 Paul Klapper", "grades": "PK,0K,01,02,03,04,05,06,07,08", "address": "144-39 GRAVETT ROAD", "district": "25", "borough": "Q", "status": "Open", "location_type": "General Academic", "category": "K-8", "principal": "Frederick Wright", "phone": "718-793-2130", "NTA_name": "Kew Gardens Hills", "managed_by": "DOE"}}, {"type": "Feature", "geometry": {"type": "Point", "coordinates": [-73.852621, 40.736314]}, "properties": {"system_code": "28Q220", "location_code": "Q220", "location_name": "P.S. 220 Edward Mandel", "grades": "PK,0K,01,02,03,04,05", "address": "62-10 108 STREET", "district": "28", "borough": "Q", "status": "Open", "location_type": "General Academic", "category": "Elementary", "principal": "Josette Pizarro", "phone": "718-592-3030", "NTA_name": "Forest Hills", "managed_by": "DOE"}}, {"type": "Feature", "geometry": {"type": "Point", "coordinates": [-73.731518, 40.758808]}, "properties": {"system_code": "26Q221", "location_code": "Q221", "location_name": "P.S. 221 The North Hills School", "grades": "PK,0K,01,02,03,04,05", "address": "57-40 MARATHON PARKWAY", "district": "26", "borough": "Q", "status": "Open", "location_type": "General Academic", "category": "Elementary", "principal": "Patricia Bullard", "phone": "718-225-7029", "NTA_name": "Douglas Manor-Douglaston-Little Neck", "managed_by": "DOE"}}, {"type": "Feature", "geometry": {"type": "Point", "coordinates": [-73.78953, 40.673898]}, "properties": {"system_code": "27Q223", "location_code": "Q223", "location_name": "P.S. 223 Lyndon B. Johnson", "grades": "PK,0K,01,02,03,04,05", "address": "125-20 SUTPHIN BOULEVARD", "district": "27", "borough": "Q", "status": "Open", "location_type": "General Academic", "category": "Elementary", "principal": "TEKESHA BABB", "phone": "718-558-2900", "NTA_name": "Baisley Park", "managed_by": "DOE"}}, {"type": "Feature", "geometry": {"type": "Point", "coordinates": [-73.721594, 40.749556]}, "properties": {"system_code": "75Q224", "location_code": "Q224", "location_name": "P.S. Q224", "grades": "PK,0K,01,02,03,04,05,06,07,08,09,SE", "address": "252-12 72 AVENUE", "district": "26", "borough": "Q", "status": "Open", "location_type": "Special Education", "category": "K-8", "principal": "DESMOND PARK", "phone": "718-831-4024", "NTA_name": "Glen Oaks-Floral Park-New Hyde Park", "managed_by": "DOE"}}, {"type": "Feature", "geometry": {"type": "Point", "coordinates": [-73.83109, 40.580907]}, "properties": {"system_code": "27Q225", "location_code": "Q225", "location_name": "P.S. 225 Seaside", "grades": "PK,0K,01,02,03,04,05,06,07,08", "address": "190 BEACH 110 STREET", "district": "27", "borough": "Q", "status": "Closed", "location_type": "General Academic", "category": "K-8", "principal": "Tammy Holloway", "phone": "718-945-5218", "NTA_name": "Breezy Point-Belle Harbor-Rockaway Park-Broad Channel", "managed_by": "DOE"}}, {"type": "Feature", "geometry": {"type": "Point", "coordinates": [-73.897108, 40.734682]}, "properties": {"system_code": "24Q229", "location_code": "Q229", "location_name": "P.S. 229 Emanuel Kaplan", "grades": "0K,01,02,03,04,05", "address": "67-25 51 ROAD", "district": "24", "borough": "Q", "status": "Open", "location_type": "General Academic", "category": "Elementary", "principal": "SETH BERGER", "phone": "718-446-2120", "NTA_name": "Maspeth", "managed_by": "DOE"}}, {"type": "Feature", "geometry": {"type": "Point", "coordinates": [-73.850622, 40.665408]}, "properties": {"system_code": "27Q232", "location_code": "Q232", "location_name": "P.S. 232 Lindenwood", "grades": "0K,01,02,03,04,05,06,07,08", "address": "153-23 83 STREET", "district": "27", "borough": "Q", "status": "Open", "location_type": "General Academic", "category": "K-8", "principal": "LISA JOSEPHSON", "phone": "718-848-9247", "NTA_name": "Lindenwood-Howard Beach", "managed_by": "DOE"}}, {"type": "Feature", "geometry": {"type": "Point", "coordinates": [-73.923044, 40.766898]}, "properties": {"system_code": "30Q234", "location_code": "Q234", "location_name": "P.S. 234", "grades": "PK,0K,01,02,03,04,05", "address": "30-15 29 STREET", "district": "30", "borough": "Q", "status": "Open", "location_type": "General Academic", "category": "Elementary", "principal": "Dora Danner", "phone": "718-956-2760", "NTA_name": "Old Astoria", "managed_by": "DOE"}}, {"type": "Feature", "geometry": {"type": "Point", "coordinates": [-73.923044, 40.766898]}, "properties": {"system_code": "30Q234", "location_code": "Q234", "location_name": "P.S. 234", "grades": "PK,0K,01,02,03,04,05", "address": "30-15 29 STREET", "district": "30", "borough": "Q", "status": "Open", "location_type": "General Academic", "category": "Elementary", "principal": "Dora Danner", "phone": "718-956-2760", "NTA_name": "Old Astoria", "managed_by": "DOE"}}, {"type": "Feature", "geometry": {"type": "Point", "coordinates": [-73.903838, 40.699431]}, "properties": {"system_code": "24Q239", "location_code": "Q239", "location_name": "P.S. 239", "grades": "PK,0K,01,02,03,04,05", "address": "17-15 WEIRFIELD STREET", "district": "24", "borough": "Q", "status": "Open", "location_type": "General Academic", "category": "Elementary", "principal": "Michele Dzwonek", "phone": "718-417-2840", "NTA_name": "Ridgewood", "managed_by": "DOE"}}, {"type": "Feature", "geometry": {"type": "Point", "coordinates": [-73.759396, 40.664809]}, "properties": {"system_code": "29Q251", "location_code": "Q251", "location_name": "P.S. 251 Queens", "grades": "0K,01,02,03,04,05", "address": "144-51 ARTHUR STREET", "district": "29", "borough": "Q", "status": "Open", "location_type": "General Academic", "category": "Elementary", "principal": "Relda Barry Grant", "phone": "718-276-2745", "NTA_name": "Springfield Gardens South-Brookville", "managed_by": "DOE"}}, {"type": "Feature", "geometry": {"type": "Point", "coordinates": [-73.748799, 40.607247]}, "properties": {"system_code": "27Q253", "location_code": "Q253", "location_name": "P.S. 253", "grades": "PK,0K,01,02,03,04,05", "address": "1307 CENTRAL AVENUE", "district": "27", "borough": "Q", "status": "Open", "location_type": "General Academic", "category": "Elementary", "principal": "Phoebe Grant Robinson", "phone": "718-327-0895", "NTA_name": "Far Rockaway-Bayswater", "managed_by": "DOE"}}, {"type": "Feature", "geometry": {"type": "Point", "coordinates": [-73.847886, 40.6972]}, "properties": {"system_code": "27Q254", "location_code": "Q254", "location_name": "P.S. 254 - The Rosa Parks School", "grades": "PK,0K,01,02,03,04,05", "address": "84-40 101 STREET", "district": "27", "borough": "Q", "status": "Open", "location_type": "General Academic", "category": "Elementary", "principal": "Pamela Markham", "phone": "718-520-7878", "NTA_name": "Richmond Hill", "managed_by": "DOE"}}, {"type": "Feature", "geometry": {"type": "Point", "coordinates": [-73.728415, 40.746128]}, "properties": {"system_code": "26Q266", "location_code": "Q266", "location_name": "P.S./I.S. 266", "grades": "PK,0K,01,02,03,04,05,06,07,08", "address": "74-10 COMMONWEALTH BOULEVARD", "district": "26", "borough": "Q", "status": "Open", "location_type": "General Academic", "category": "K-8", "principal": "Ayanna Greenidge", "phone": "718-479-3920", "NTA_name": "Bellerose", "managed_by": "DOE"}}, {"type": "Feature", "geometry": {"type": "Point", "coordinates": [-73.78521, 40.707648]}, "properties": {"system_code": "29Q268", "location_code": "Q268", "location_name": "P.S./I.S. 268", "grades": "0K,01,02,03,04,05,06,07,08", "address": "92-07 175 STREET", "district": "29", "borough": "Q", "status": "Open", "location_type": "General Academic", "category": "K-8", "principal": "LISSA GRANT STEWART", "phone": "718-206-3240", "NTA_name": "Jamaica", "managed_by": "DOE"}}, {"type": "Feature", "geometry": {"type": "Point", "coordinates": [-73.736232, 40.67507]}, "properties": {"system_code": "29Q270", "location_code": "Q270", "location_name": "The Gordon Parks School", "grades": "0K,01,02,03,04,05,06,07,08", "address": "233-15 MERRICK BOULEVARD", "district": "29", "borough": "Q", "status": "Open", "location_type": "General Academic", "category": "K-8", "principal": "Chayvonne Harper", "phone": "718-341-8280", "NTA_name": "Laurelton", "managed_by": "DOE"}}, {"type": "Feature", "geometry": {"type": "Point", "coordinates": [-73.844335, 40.693613]}, "properties": {"system_code": "27Q273", "location_code": "Q273", "location_name": "P.S. 273", "grades": "0K,01,02,03,04,05", "address": "88-07 102ND STREET", "district": "27", "borough": "Q", "status": "Open", "location_type": "General Academic", "category": "Elementary", "principal": "BRENDA WARD", "phone": "718-286-8300", "NTA_name": "Richmond Hill", "managed_by": "DOE"}}, {"type": "Feature", "geometry": {"type": "Point", "coordinates": [-73.874109, 40.753345]}, "properties": {"system_code": "30Q280", "location_code": "Q280", "location_name": "P.S. 280", "grades": "0K,01,02,03,04,05", "address": "34-20 94TH STREET", "district": "30", "borough": "Q", "status": "Open", "location_type": "General Academic", "category": "Elementary", "principal": "LISA HIDALGO", "phone": "718-424-9031", "NTA_name": "Jackson Heights", "managed_by": "DOE"}}, {"type": "Feature", "geometry": {"type": "Point", "coordinates": [-73.908307, 40.71303]}, "properties": {"system_code": "24Q290", "location_code": "Q290", "location_name": "A.C.E. Academy for Scholars at the Geraldine Ferra", "grades": "0K,01,02,03,04,05", "address": "55-20 METROPOLITAN AVENUE", "district": "24", "borough": "Q", "status": "Open", "location_type": "General Academic", "category": "Elementary", "principal": "Jose Jimenez", "phone": "718-571-6900", "NTA_name": "Ridgewood", "managed_by": "DOE"}}, {"type": "Feature", "geometry": {"type": "Point", "coordinates": [-73.731398, 40.720617]}, "properties": {"system_code": "29Q295", "location_code": "Q295", "location_name": "P.S./I.S. 295", "grades": "PK,0K,01,02,03,04,05,06,07,08", "address": "222-14 JAMAICA AVENUE", "district": "29", "borough": "Q", "status": "Open", "location_type": "General Academic", "category": "K-8", "principal": "DEON LAVIGNE-JONES", "phone": "718-464-1433", "NTA_name": "Queens Village", "managed_by": "DOE"}}, {"type": "Feature", "geometry": {"type": "Point", "coordinates": [-73.922544, 40.768034]}, "properties": {"system_code": "30Q300", "location_code": "Q300", "location_name": "The 30th Avenue School (G&T Citywide)", "grades": "0K,01,02,03,04,05,06,07,08", "address": "28-37 29 STREET", "district": "30", "borough": "Q", "status": "Open", "location_type": "General Academic", "category": "K-8", "principal": "VASILIOS BINIARIS", "phone": "718-726-0501", "NTA_name": "Old Astoria", "managed_by": "DOE"}}, {"type": "Feature", "geometry": {"type": "Point", "coordinates": [-73.939984, 40.760376]}, "properties": {"system_code": "84Q304", "location_code": "Q304", "location_name": "VOICE Charter School of New York", "grades": "0K,01,02,03,04,05,06,07,08", "address": "36-24 12TH STREET", "district": "30", "borough": "Q", "status": "Open", "location_type": "General Academic", "category": "K-8", "principal": "Franklin Headley", "phone": "718-786-6213", "NTA_name": "Queensbridge-Ravenswood-Long Island City", "managed_by": "Charter"}}, {"type": "Feature", "geometry": {"type": "Point", "coordinates": [-73.939984, 40.760376]}, "properties": {"system_code": "84Q304", "location_code": "Q304", "location_name": "VOICE Charter School of New York", "grades": "0K,01,02,03,04,05,06,07,08", "address": "36-24 12TH STREET", "district": "30", "borough": "Q", "status": "Open", "location_type": "General Academic", "category": "K-8", "principal": "Franklin Headley", "phone": "718-786-6213", "NTA_name": "Queensbridge-Ravenswood-Long Island City", "managed_by": "Charter"}}, {"type": "Feature", "geometry": {"type": "Point", "coordinates": [-73.91499, 40.706837]}, "properties": {"system_code": "24Q305", "location_code": "Q305", "location_name": "Learners and Leaders", "grades": "PK,0K,01,02,03,04,05", "address": "378 SENECA AVENUE", "district": "24", "borough": "Q", "status": "Open", "location_type": "General Academic", "category": "Elementary", "principal": "LYNN BOTFELD", "phone": "718-366-1061", "NTA_name": "Ridgewood", "managed_by": "DOE"}}, {"type": "Feature", "geometry": {"type": "Point", "coordinates": [-73.848577, 40.691482]}, "properties": {"system_code": "27Q306", "location_code": "Q306", "location_name": "New York City Academy for Discovery", "grades": "PK,0K,01,02,03,04,05", "address": "95-16 89TH AVENUE", "district": "27", "borough": "Q", "status": "Open", "location_type": "General Academic", "category": "Elementary", "principal": "Cheryl Ann Leone", "phone": "718-441-2165", "NTA_name": "Woodhaven", "managed_by": "DOE"}}, {"type": "Feature", "geometry": {"type": "Point", "coordinates": [-73.865787, 40.749175]}, "properties": {"system_code": "24Q307", "location_code": "Q307", "location_name": "Pioneer Academy", "grades": "PK,0K,01,02,03,04,05", "address": "40-20 100TH STREET", "district": "24", "borough": "Q", "status": "Open", "location_type": "General Academic", "category": "Elementary", "principal": "CECILIA JACKSON", "phone": "718-779-5068", "NTA_name": "North Corona", "managed_by": "DOE"}}, {"type": "Feature", "geometry": {"type": "Point", "coordinates": [-73.790975, 40.693559]}, "properties": {"system_code": "28Q312", "location_code": "Q312", "location_name": "Jamaica Children's School", "grades": "0K,01,02,03,04,05", "address": "109-20 UNION HALL STREET", "district": "28", "borough": "Q", "status": "Open", "location_type": "General Academic", "category": "Elementary", "principal": "Valerie Paul", "phone": "718-526-0160", "NTA_name": "South Jamaica", "managed_by": "DOE"}}, {"type": "Feature", "geometry": {"type": "Point", "coordinates": [-73.850123, 40.683112]}, "properties": {"system_code": "27Q316", "location_code": "Q316", "location_name": "Queens Explorers Elementary School", "grades": "0K,01,02,03,04,05", "address": "90-07 101ST AVENUE", "district": "27", "borough": "Q", "status": "Open", "location_type": "General Academic", "category": "Elementary", "principal": "MELISSA COMPSON", "phone": "718-558-7088", "NTA_name": "Woodhaven", "managed_by": "DOE"}}, {"type": "Feature", "geometry": {"type": "Point", "coordinates": [-73.83109, 40.580907]}, "properties": {"system_code": "27Q317", "location_code": "Q317", "location_name": "Waterside Children's Studio School", "grades": "PK,0K,01,02,03,04,05", "address": "190 BEACH 110 STREET", "district": "27", "borough": "Q", "status": "Open", "location_type": "General Academic", "category": "Elementary", "principal": "DANA GERENDASI", "phone": "718-634-1344", "NTA_name": "Breezy Point-Belle Harbor-Rockaway Park-Broad Channel", "managed_by": "DOE"}}, {"type": "Feature", "geometry": {"type": "Point", "coordinates": [-73.935743, 40.752598]}, "properties": {"system_code": "84Q321", "location_code": "Q321", "location_name": "Growing Up Green Charter School", "grades": "0K,01,02,03,04,05", "address": "39-37 28th Street", "district": "30", "borough": "Q", "status": "Open", "location_type": "General Academic", "category": "K-8", "principal": "Jennifer Slutak/Steve Viola", "phone": "347-642-4306", "NTA_name": "Queensbridge-Ravenswood-Long Island City", "managed_by": "Charter"}}, {"type": "Feature", "geometry": {"type": "Point", "coordinates": [-73.872244, 40.761573]}, "properties": {"system_code": "30Q329", "location_code": "Q329", "location_name": "East Elmhurst Community School", "grades": "0K,01,02,03,04,05", "address": "26-25 97TH STREET", "district": "30", "borough": "Q", "status": "Open", "location_type": "General Academic", "category": "Elementary", "principal": "RACHEL STAROBA-HALLENB", "phone": "718-505-6050", "NTA_name": "East Elmhurst", "managed_by": "DOE"}}, {"type": "Feature", "geometry": {"type": "Point", "coordinates": [-73.859202, 40.757888]}, "properties": {"system_code": "24Q330", "location_code": "Q330", "location_name": "Helen M. Marshall School", "grades": "0K,01,02,03,04,05", "address": "110-08 NORTHERN BOULEVARD", "district": "24", "borough": "Q", "status": "Open", "location_type": "General Academic", "category": "Elementary", "principal": "Debra Rudolph", "phone": "718-505-5110", "NTA_name": "North Corona", "managed_by": "DOE"}}, {"type": "Feature", "geometry": {"type": "Point", "coordinates": [-73.786649, 40.594008]}, "properties": {"system_code": "27Q333", "location_code": "Q333", "location_name": "Goldie Maple Academy", "grades": "PK,0K,01,02,03,04,05,06,07,08", "address": "3-65 BEACH 56 STREET", "district": "27", "borough": "Q", "status": "Open", "location_type": "General Academic", "category": "K-8", "principal": "ANGELA LOGAN-SMITH", "phone": "718-945-3300", "NTA_name": "Hammels-Arverne-Edgemere", "managed_by": "DOE"}}, {"type": "Feature", "geometry": {"type": "Point", "coordinates": [-73.738793, 40.655811]}, "properties": {"system_code": "84Q337", "location_code": "Q337", "location_name": "Success Academy Charter School - Rosedale - New Yo", "grades": "0K,01,02,03,04,05", "address": "147-65 249TH STREET", "district": "29", "borough": "Q", "status": "Open", "location_type": "General Academic", "category": "Elementary", "principal": "Christina Danielsen", "phone": "347-514-7060", "NTA_name": "Rosedale", "managed_by": "Charter"}}, {"type": "Feature", "geometry": {"type": "Point", "coordinates": [-73.752772, 40.681881]}, "properties": {"system_code": "84Q339", "location_code": "Q339", "location_name": "Success Academy Charter School - Springfield Garde", "grades": "0K,01,02,03,04,05", "address": "132-55 RIDGEDALE STREET", "district": "29", "borough": "Q", "status": "Open", "location_type": "General Academic", "category": "Elementary", "principal": "Michelle Cooper", "phone": "347-602-4335", "NTA_name": "St. Albans", "managed_by": "Charter"}}, {"type": "Feature", "geometry": {"type": "Point", "coordinates": [-73.764065, 40.600137]}, "properties": {"system_code": "84Q340", "location_code": "Q340", "location_name": "Challenge Preparatory Charter School", "grades": "0K,01,02,03,04,05,06,07,08", "address": "710 HARTMAN LANE", "district": "27", "borough": "Q", "status": "Open", "location_type": "General Academic", "category": "K-8", "principal": "Nicole Griffin/Dr. Les Mullings", "phone": "718-634-1634", "NTA_name": "Far Rockaway-Bayswater", "managed_by": "Charter"}}, {"type": "Feature", "geometry": {"type": "Point", "coordinates": [-73.763282, 40.689012]}, "properties": {"system_code": "84Q341", "location_code": "Q341", "location_name": "Riverton Street Charter School", "grades": "0K,01,02,03,04,05,06,07", "address": "118-46 RIVERTON STREET", "district": "29", "borough": "Q", "status": "Open", "location_type": "General Academic", "category": "K-8", "principal": "Andrea Whitehurst/Ron Large", "phone": "718-481-8200", "NTA_name": "St. Albans", "managed_by": "Charter"}}, {"type": "Feature", "geometry": {"type": "Point", "coordinates": [-73.922604, 40.74258]}, "properties": {"system_code": "24Q343", "location_code": "Q343", "location_name": "The Children's Lab School", "grades": "0K,01,02,03,04,05", "address": "45-45 42ND STREET", "district": "24", "borough": "Q", "status": "Open", "location_type": "General Academic", "category": "Elementary", "principal": "Brooke Barr", "phone": "718-361-3300", "NTA_name": "Hunters Point-Sunnyside-West Maspeth", "managed_by": "DOE"}}, {"type": "Feature", "geometry": {"type": "Point", "coordinates": [-73.797981, 40.708698]}, "properties": {"system_code": "28Q349", "location_code": "Q349", "location_name": "The Queens School for Leadership and Excellence", "grades": "PK,0K,01,02,03,04,05", "address": "88-08 164TH STREET", "district": "28", "borough": "Q", "status": "Open", "location_type": "General Academic", "category": "Elementary", "principal": "TANYA BATES HOWELL", "phone": "718-558-6220", "NTA_name": "Jamaica", "managed_by": "DOE"}}, {"type": "Feature", "geometry": {"type": "Point", "coordinates": [-73.774668, 40.679843]}, "properties": {"system_code": "28Q354", "location_code": "Q354", "location_name": "The Jermaine L. Green STEM Institute of Queens", "grades": "PK,0K,01,02,03,04,05", "address": "126-10 BEDELL STREET", "district": "28", "borough": "Q", "status": "Open", "location_type": "General Academic", "category": "Elementary", "principal": "Raevan Askew", "phone": "718-276-1348", "NTA_name": "Springfield Gardens North", "managed_by": "DOE"}}, {"type": "Feature", "geometry": {"type": "Point", "coordinates": [-73.902197, 40.756181]}, "properties": {"system_code": "84Q359", "location_code": "Q359", "location_name": "Academy of the City Charter School", "grades": "0K,01,02,03,04,05", "address": "31-29 60 STREET", "district": "30", "borough": "Q", "status": "Open", "location_type": "General Academic", "category": "Elementary", "principal": "Richard Lee", "phone": "718-487-9857", "NTA_name": "Woodside", "managed_by": "Charter"}}, {"type": "Feature", "geometry": {"type": "Point", "coordinates": [-73.756259, 40.702329]}, "properties": {"system_code": "29Q360", "location_code": "Q360", "location_name": "P.S. 360", "grades": "PK,0K,01,02,03,04,05", "address": "199-10 112 AVENUE", "district": "29", "borough": "Q", "status": "Open", "location_type": "General Academic", "category": "Elementary", "principal": "Rachel Thomas", "phone": "718-776-7370", "NTA_name": "St. Albans", "managed_by": "DOE"}}, {"type": "Feature", "geometry": {"type": "Point", "coordinates": [-73.90643, 40.747701]}, "properties": {"system_code": "30Q361", "location_code": "Q361", "location_name": "The Woodside Community School", "grades": "PK,0K,01,02,03,04,05", "address": "39-07 57th Street", "district": "30", "borough": "Q", "status": "Open", "location_type": "General Academic", "category": "Elementary", "principal": "NAYEON HWANG", "phone": "718-592-3300", "NTA_name": "Woodside", "managed_by": "DOE"}}, {"type": "Feature", "geometry": {"type": "Point", "coordinates": [-73.758587, 40.599467]}, "properties": {"system_code": "27Q362", "location_code": "Q362", "location_name": "Wave Preparatory Elementary School", "grades": "PK,0K,01,02,03,04,05", "address": "535 BRIAR PLACE", "district": "27", "borough": "Q", "status": "Open", "location_type": "General Academic", "category": "Elementary", "principal": "Gemma Ferguson", "phone": "718-327-7091", "NTA_name": "Far Rockaway-Bayswater", "managed_by": "DOE"}}, {"type": "Feature", "geometry": {"type": "Point", "coordinates": [-73.807561, 40.713084]}, "properties": {"system_code": "84Q372", "location_code": "Q372", "location_name": "Growing Up Green Charter School II", "grades": "0K,01,02,03,04,05", "address": "84-35 152 STREET", "district": "28", "borough": "Q", "status": "Open", "location_type": "General Academic", "category": "Elementary", "principal": "Matthew Greenberg/Nancy Wong", "phone": "347-642-4306", "NTA_name": "Briarwood-Jamaica Hills", "managed_by": "Charter"}}, {"type": "Feature", "geometry": {"type": "Point", "coordinates": [-73.799756, 40.675626]}, "properties": {"system_code": "84Q374", "location_code": "Q374", "location_name": "Success Academy Charter School - South Jamaica", "grades": "0K,01,02,03,04,05", "address": "120-27 141ST STREET", "district": "27", "borough": "Q", "status": "Open", "location_type": "General Academic", "category": "Elementary", "principal": "Meghan Daly", "phone": "NULL", "NTA_name": "Baisley Park", "managed_by": "Charter"}}, {"type": "Feature", "geometry": {"type": "Point", "coordinates": [-73.749891, 40.604019]}, "properties": {"system_code": "84Q375", "location_code": "Q375", "location_name": "Success Academy Charter School - Far Rockaway", "grades": "0K,01,02,03,04,05", "address": "10-45 NAMEOKE STREET", "district": "27", "borough": "Q", "status": "Open", "location_type": "General Academic", "category": "Elementary", "principal": "TY REDMOND", "phone": "NULL", "NTA_name": "Far Rockaway-Bayswater", "managed_by": "Charter"}}, {"type": "Feature", "geometry": {"type": "Point", "coordinates": [-73.770314, 40.754954]}, "properties": {"system_code": "26Q376", "location_code": "Q376", "location_name": "P.S. 376", "grades": "0K,01,02,03,04,05", "address": "210-21 48 AVENUE", "district": "26", "borough": "Q", "status": "Open", "location_type": "General Academic", "category": "Elementary", "principal": "CLARA KANG", "phone": "929-267-5900", "NTA_name": "Bayside-Bayside Hills", "managed_by": "DOE"}}, {"type": "Feature", "geometry": {"type": "Point", "coordinates": [-73.83685, 40.668083]}, "properties": {"system_code": "27Q377", "location_code": "Q377", "location_name": "P.S. 377", "grades": "0K,01,02,03,04,05", "address": "150-15 RALEIGH STREET", "district": "27", "borough": "Q", "status": "Open", "location_type": "General Academic", "category": "Elementary", "principal": "TRACY KEANE", "phone": "929-398-3215", "NTA_name": "Ozone Park", "managed_by": "DOE"}}, {"type": "Feature", "geometry": {"type": "Point", "coordinates": [-73.83685, 40.668083]}, "properties": {"system_code": "27Q377", "location_code": "Q377", "location_name": "P.S. 377", "grades": "0K,01,02,03,04,05", "address": "150-15 RALEIGH STREET", "district": "27", "borough": "Q", "status": "Open", "location_type": "General Academic", "category": "Elementary", "principal": "TRACY KEANE", "phone": "929-398-3215", "NTA_name": "Ozone Park", "managed_by": "DOE"}}, {"type": "Feature", "geometry": {"type": "Point", "coordinates": [-73.940316, 40.748159]}, "properties": {"system_code": "30Q384", "location_code": "Q384", "location_name": "P.S. 384", "grades": "0K,01,02,03,04,05", "address": "27-35 JACKSON AVENUE", "district": "30", "borough": "Q", "status": "Open", "location_type": "General Academic", "category": "Elementary", "principal": "CHRISTINE BRITTON", "phone": "718-391-4669", "NTA_name": "Hunters Point-Sunnyside-West Maspeth", "managed_by": "DOE"}}, {"type": "Feature", "geometry": {"type": "Point", "coordinates": [-73.816232, 40.766487]}, "properties": {"system_code": "84Q385", "location_code": "Q385", "location_name": "Elm Community Charter School", "grades": "", "address": "149-34 35 AVENUE", "district": "25", "borough": "Q", "status": "Open", "location_type": "General Academic", "category": "Elementary", "principal": "Priscilla Walton", "phone": "646-886-0234", "NTA_name": "Murray Hill", "managed_by": "Charter"}}, {"type": "Feature", "geometry": {"type": "Point", "coordinates": [-73.856042, 40.671281]}, "properties": {"system_code": "84Q386", "location_code": "Q386", "location_name": "Our World Neighborhood Charter School 2", "grades": "", "address": "135-25 79 Street", "district": "27", "borough": "Q", "status": "Open", "location_type": "General Academic", "category": "Elementary", "principal": "Rodney Wilkins", "phone": "NULL", "NTA_name": "NULL", "managed_by": "Charter"}}, {"type": "Feature", "geometry": {"type": "Point", "coordinates": [-73.891847, 40.759705]}, "properties": {"system_code": "84Q387", "location_code": "Q387", "location_name": "Valence College Preparatory Charter School", "grades": "", "address": "75-01 31 AVENUE", "district": "30", "borough": "Q", "status": "Open", "location_type": "General Academic", "category": "Elementary", "principal": "NULL", "phone": "NULL", "NTA_name": "Jackson Heights", "managed_by": "Charter"}}, {"type": "Feature", "geometry": {"type": "Point", "coordinates": [-73.896705, 40.752773]}, "properties": {"system_code": "30Q398", "location_code": "Q398", "location_name": "P.S. 398", "grades": "0K,01,02,03,04,05,SE", "address": "69-01 34TH AVENUE", "district": "30", "borough": "Q", "status": "Open", "location_type": "General Academic", "category": "Elementary", "principal": "Erica Urena Thus", "phone": "NULL", "NTA_name": "Jackson Heights", "managed_by": "DOE"}}, {"type": "Feature", "geometry": {"type": "Point", "coordinates": [-73.901859, 40.83093]}, "properties": {"system_code": "09X002", "location_code": "X002", "location_name": "P.S. 002 Morrisania", "grades": "0K,01,02,03,04,05", "address": "1260 FRANKLIN AVENUE", "district": "9", "borough": "X", "status": "Closed", "location_type": "General Academic", "category": "Elementary", "principal": "LISA DEBONIS", "phone": "718-620-0724", "NTA_name": "Morrisania-Melrose", "managed_by": "DOE"}}, {"type": "Feature", "geometry": {"type": "Point", "coordinates": [-73.820821, 40.738599]}, "properties": {"system_code": "25Q499", "location_code": "Q499", "location_name": "The Queens College School for Math, Science and Te", "grades": "PK,0K,01,02,03,04,05,06,07,08", "address": "148-20 REEVES AVENUE", "district": "25", "borough": "Q", "status": "Open", "location_type": "General Academic", "category": "K-8", "principal": "Simi Minhas", "phone": "718-461-7462", "NTA_name": "Kew Gardens Hills", "managed_by": "DOE"}}, {"type": "Feature", "geometry": {"type": "Point", "coordinates": [-73.753009, 40.676318]}, "properties": {"system_code": "84Q704", "location_code": "Q704", "location_name": "Merrick Academy - Queens Public Charter School", "grades": "0K,01,02,03,04,05,06", "address": "136-25 218 STREET", "district": "29", "borough": "Q", "status": "Open", "location_type": "General Academic", "category": "Elementary", "principal": "Samantha Pugh", "phone": "718-479-3753", "NTA_name": "Laurelton", "managed_by": "Charter"}}, {"type": "Feature", "geometry": {"type": "Point", "coordinates": [-73.924175, 40.755714]}, "properties": {"system_code": "84Q706", "location_code": "Q706", "location_name": "Our World Neighborhood Charter School", "grades": "0K,01,02,03,04,05,06,07,08,SE", "address": "36-12 35 AVENUE", "district": "30", "borough": "Q", "status": "Open", "location_type": "General Academic", "category": "K-8", "principal": "Brian Ferguson", "phone": "718-392-3405", "NTA_name": "Astoria", "managed_by": "Charter"}}, {"type": "Feature", "geometry": {"type": "Point", "coordinates": [-73.887011, 40.737222]}, "properties": {"system_code": "24Q877", "location_code": "Q877", "location_name": "The 51 Avenue Academy (The Path To Academic Excell", "grades": "04,05", "address": "76-05 51 AVENUE", "district": "24", "borough": "Q", "status": "Closed", "location_type": "General Academic", "category": "Elementary", "principal": "Jason Chin", "phone": "718-429-5287", "NTA_name": "Elmhurst-Maspeth", "managed_by": "DOE"}}, {"type": "Feature", "geometry": {"type": "Point", "coordinates": [-74.24395, 40.508638]}, "properties": {"system_code": "31R001", "location_code": "R001", "location_name": "P.S. 001 Tottenville", "grades": "PK,0K,01,02,03,04,05", "address": "58 SUMMIT STREET", "district": "31", "borough": "R", "status": "Open", "location_type": "General Academic", "category": "Elementary", "principal": "Grace Silberstein", "phone": "718-984-0960", "NTA_name": "Charleston-Richmond Valley-Tottenville", "managed_by": "DOE"}}, {"type": "Feature", "geometry": {"type": "Point", "coordinates": [-74.21185, 40.520812]}, "properties": {"system_code": "31R003", "location_code": "R003", "location_name": "P.S. 003 The Margaret Gioiosa School", "grades": "PK,0K,01,02,03,04,05", "address": "80 SOUTH GOFF AVENUE", "district": "31", "borough": "R", "status": "Open", "location_type": "General Academic", "category": "Elementary", "principal": "Myers, Elmer", "phone": "718-984-1021", "NTA_name": "Annadale-Huguenot-Prince's Bay-Eltingville", "managed_by": "DOE"}}, {"type": "Feature", "geometry": {"type": "Point", "coordinates": [-74.195281, 40.552059]}, "properties": {"system_code": "31R004", "location_code": "R004", "location_name": "P.S. 004 Maurice Wollin", "grades": "PK,0K,01,02,03,04,05", "address": "200 NEDRA LANE", "district": "31", "borough": "R", "status": "Open", "location_type": "General Academic", "category": "Elementary", "principal": "Suzanne Dimitri", "phone": "718-984-1197", "NTA_name": "Arden Heights", "managed_by": "DOE"}}, {"type": "Feature", "geometry": {"type": "Point", "coordinates": [-74.187276, 40.529389]}, "properties": {"system_code": "31R005", "location_code": "R005", "location_name": "P.S. 005 Huguenot", "grades": "0K,01,02,03,04,05", "address": "348 DEISIUS STREET", "district": "31", "borough": "R", "status": "Open", "location_type": "General Academic", "category": "Elementary", "principal": "Lisa Arcuri", "phone": "718-668-3270", "NTA_name": "Annadale-Huguenot-Prince's Bay-Eltingville", "managed_by": "DOE"}}, {"type": "Feature", "geometry": {"type": "Point", "coordinates": [-74.230118, 40.510207]}, "properties": {"system_code": "31R006", "location_code": "R006", "location_name": "P.S. 6 Corporal Allan F. Kivlehan School", "grades": "PK,0K,01,02,03,04,05", "address": "555 PAGE AVENUE", "district": "31", "borough": "R", "status": "Open", "location_type": "General Academic", "category": "Elementary", "principal": "Elizabeth Waters", "phone": "718-697-3760", "NTA_name": "Charleston-Richmond Valley-Tottenville", "managed_by": "DOE"}}, {"type": "Feature", "geometry": {"type": "Point", "coordinates": [-74.152212, 40.547567]}, "properties": {"system_code": "31R008", "location_code": "R008", "location_name": "P.S. 8 Shirlee Solomon", "grades": "PK,0K,01,02,03,04,05", "address": "112 LINDENWOOD ROAD", "district": "31", "borough": "R", "status": "Open", "location_type": "General Academic", "category": "Elementary", "principal": "LISA ESPOSITO", "phone": "718-356-2800", "NTA_name": "Great Kills", "managed_by": "DOE"}}, {"type": "Feature", "geometry": {"type": "Point", "coordinates": [-74.090245, 40.60265]}, "properties": {"system_code": "31R009", "location_code": "R009", "location_name": "Naples Street Elementary School", "grades": "PK,0K,01,02,03,04,05", "address": "1055 TARGEE STREET", "district": "31", "borough": "R", "status": "Open", "location_type": "General Academic", "category": "Elementary", "principal": "DEANNA MARCO", "phone": "718-876-4610", "NTA_name": "Grasmere-Arrochar-Ft. Wadsworth", "managed_by": "DOE"}}, {"type": "Feature", "geometry": {"type": "Point", "coordinates": [-74.079594, 40.639638]}, "properties": {"system_code": "31R010", "location_code": "R010", "location_name": "Fort Hill Collaborative Elementary School", "grades": "0K,01,02,03,04,05", "address": "80 MONROE AVENUE", "district": "31", "borough": "R", "status": "Open", "location_type": "General Academic", "category": "Elementary", "principal": "Jennifer Gonzalez Funes", "phone": "718-420-5115", "NTA_name": "West New Brighton-New Brighton-St. George", "managed_by": "DOE"}}, {"type": "Feature", "geometry": {"type": "Point", "coordinates": [-74.098252, 40.590887]}, "properties": {"system_code": "31R011", "location_code": "R011", "location_name": "P.S. 11 Thomas Dongan School", "grades": "PK,0K,01,02,03,04,05", "address": "51 JEFFERSON STREET", "district": "31", "borough": "R", "status": "Open", "location_type": "General Academic", "category": "Elementary", "principal": "ERICA MATTERA", "phone": "718-979-1030", "NTA_name": "Old Town-Dongan Hills-South Beach", "managed_by": "DOE"}}, {"type": "Feature", "geometry": {"type": "Point", "coordinates": [-74.068963, 40.613322]}, "properties": {"system_code": "31R013", "location_code": "R013", "location_name": "P.S. 013 M. L. Lindemeyer", "grades": "PK,0K,01,02,03,04,05", "address": "191 VERMONT AVENUE", "district": "31", "borough": "R", "status": "Open", "location_type": "General Academic", "category": "Elementary", "principal": "PAUL MARTUCCIO", "phone": "718-447-1462", "NTA_name": "Stapleton-Rosebank", "managed_by": "DOE"}}, {"type": "Feature", "geometry": {"type": "Point", "coordinates": [-74.079228, 40.622415]}, "properties": {"system_code": "31R014", "location_code": "R014", "location_name": "P.S. 014 Cornelius Vanderbilt", "grades": "0K,01,02,03,04,05", "address": "100 TOMPKINS AVENUE", "district": "31", "borough": "R", "status": "Closed", "location_type": "General Academic", "category": "Elementary", "principal": "NANCY HARGETT", "phone": "718-727-0985", "NTA_name": "Stapleton-Rosebank", "managed_by": "DOE"}}, {"type": "Feature", "geometry": {"type": "Point", "coordinates": [-74.079594, 40.639638]}, "properties": {"system_code": "31R016", "location_code": "R016", "location_name": "P.S. 016 John J. Driscoll", "grades": "PK,0K,01,02,03,04,05", "address": "80 MONROE AVENUE", "district": "31", "borough": "R", "status": "Open", "location_type": "General Academic", "category": "Elementary", "principal": "Michele Ramos", "phone": "718-447-0124", "NTA_name": "West New Brighton-New Brighton-St. George", "managed_by": "DOE"}}, {"type": "Feature", "geometry": {"type": "Point", "coordinates": [-74.116817, 40.636521]}, "properties": {"system_code": "31R018", "location_code": "R018", "location_name": "P.S. 018 John G. Whittier", "grades": "PK,0K,01,02,03,04,05", "address": "221 BROADWAY", "district": "31", "borough": "R", "status": "Open", "location_type": "General Academic", "category": "Elementary", "principal": "Robert Rodriguez", "phone": "718-442-0216", "NTA_name": "New Brighton-Silver Lake", "managed_by": "DOE"}}, {"type": "Feature", "geometry": {"type": "Point", "coordinates": [-74.126851, 40.630563]}, "properties": {"system_code": "31R019", "location_code": "R019", "location_name": "P.S. 019 The Curtis School", "grades": "0K,01,02,03,04,05", "address": "780 POST AVENUE", "district": "31", "borough": "R", "status": "Open", "location_type": "General Academic", "category": "Elementary", "principal": "Lynette Cartagena", "phone": "718-442-3860", "NTA_name": "West New Brighton-New Brighton-St. George", "managed_by": "DOE"}}, {"type": "Feature", "geometry": {"type": "Point", "coordinates": [-74.132382, 40.636729]}, "properties": {"system_code": "31R020", "location_code": "R020", "location_name": "P.S. 020 Port Richmond", "grades": "PK,0K,01,02,03,04,05", "address": "161 PARK AVENUE", "district": "31", "borough": "R", "status": "Open", "location_type": "General Academic", "category": "Elementary", "principal": "MARIE MUNOZ", "phone": "718-442-4110", "NTA_name": "Port Richmond", "managed_by": "DOE"}}, {"type": "Feature", "geometry": {"type": "Point", "coordinates": [-74.144599, 40.631165]}, "properties": {"system_code": "31R021", "location_code": "R021", "location_name": "P.S. 21 Margaret Emery-Elm Park", "grades": "PK,0K,01,02,03,04,05", "address": "168 HOOKER PLACE", "district": "31", "borough": "R", "status": "Open", "location_type": "General Academic", "category": "Elementary", "principal": "Anthony Cosentino", "phone": "718-816-3300", "NTA_name": "Port Richmond", "managed_by": "DOE"}}, {"type": "Feature", "geometry": {"type": "Point", "coordinates": [-74.150544, 40.624847]}, "properties": {"system_code": "31R022", "location_code": "R022", "location_name": "P.S. 022 Graniteville", "grades": "PK,0K,01,02,03,04,05", "address": "1860 FOREST AVENUE", "district": "31", "borough": "R", "status": "Open", "location_type": "General Academic", "category": "Elementary", "principal": "MELISSA LAMB DONATH", "phone": "718-442-2219", "NTA_name": "Mariner's Harbor-Arlington-Port Ivory-Graniteville", "managed_by": "DOE"}}, {"type": "Feature", "geometry": {"type": "Point", "coordinates": [-74.133216, 40.570765]}, "properties": {"system_code": "31R023", "location_code": "R023", "location_name": "P.S. 023 Richmondtown", "grades": "PK,0K,01,02,03,04,05", "address": "30 NATICK STREET", "district": "31", "borough": "R", "status": "Open", "location_type": "General Academic", "category": "Elementary", "principal": "Paul Proscia", "phone": "718-351-1155", "NTA_name": "Oakwood-Oakwood Beach", "managed_by": "DOE"}}, {"type": "Feature", "geometry": {"type": "Point", "coordinates": [-74.190093, 40.591546]}, "properties": {"system_code": "31R026", "location_code": "R026", "location_name": "P.S. 026 The Carteret School", "grades": "0K,01,02,03,04,05", "address": "4108 VICTORY BOULEVARD", "district": "31", "borough": "R", "status": "Open", "location_type": "General Academic", "category": "Elementary", "principal": "Laura Kump", "phone": "718-698-1530", "NTA_name": "New Springville-Bloomfield-Travis", "managed_by": "DOE"}}, {"type": "Feature", "geometry": {"type": "Point", "coordinates": [-74.116197, 40.614039]}, "properties": {"system_code": "31R029", "location_code": "R029", "location_name": "P.S. 029 Bardwell", "grades": "PK,0K,01,02,03,04,05", "address": "1581 VICTORY BOULEVARD", "district": "31", "borough": "R", "status": "Open", "location_type": "General Academic", "category": "Elementary", "principal": "Christine Zapata", "phone": "718-556-4400", "NTA_name": "Westerleigh", "managed_by": "DOE"}}, {"type": "Feature", "geometry": {"type": "Point", "coordinates": [-74.13308, 40.618097]}, "properties": {"system_code": "31R030", "location_code": "R030", "location_name": "P.S. 030 Westerleigh", "grades": "0K,01,02,03,04,05", "address": "200 WARDWELL AVENUE", "district": "31", "borough": "R", "status": "Open", "location_type": "General Academic", "category": "Elementary", "principal": "Alan Ihne", "phone": "718-442-0462", "NTA_name": "Westerleigh", "managed_by": "DOE"}}, {"type": "Feature", "geometry": {"type": "Point", "coordinates": [-74.08542, 40.64209]}, "properties": {"system_code": "31R031", "location_code": "R031", "location_name": "P.S. 031 William T. Davis", "grades": "PK,0K,01,02,03,04,05", "address": "55 LAYTON AVENUE", "district": "31", "borough": "R", "status": "Open", "location_type": "General Academic", "category": "Elementary", "principal": "DANIEL SINGLETON", "phone": "718-273-3500", "NTA_name": "West New Brighton-New Brighton-St. George", "managed_by": "DOE"}}, {"type": "Feature", "geometry": {"type": "Point", "coordinates": [-74.1554, 40.5579]}, "properties": {"system_code": "31R032", "location_code": "R032", "location_name": "P.S. 032 The Gifford School", "grades": "PK,0K,01,02,03,04,05", "address": "232 BARLOW AVENUE", "district": "31", "borough": "R", "status": "Open", "location_type": "General Academic", "category": "Elementary", "principal": "NANCY SPATAROBELLOCCH", "phone": "718-984-1688", "NTA_name": "Great Kills", "managed_by": "DOE"}}, {"type": "Feature", "geometry": {"type": "Point", "coordinates": [-74.098994, 40.613548]}, "properties": {"system_code": "31R035", "location_code": "R035", "location_name": "P.S. 35 The Clove Valley School", "grades": "0K,01,02,03,04,05", "address": "60 FOOTE AVENUE", "district": "31", "borough": "R", "status": "Open", "location_type": "General Academic", "category": "Elementary", "principal": "MELISSA GAROFALO", "phone": "718-442-3037", "NTA_name": "Grymes Hill-Clifton-Fox Hills", "managed_by": "DOE"}}, {"type": "Feature", "geometry": {"type": "Point", "coordinates": [-74.182548, 40.543433]}, "properties": {"system_code": "31R036", "location_code": "R036", "location_name": "P.S. 036 J. C. Drumgoole", "grades": "PK,0K,01,02,03,04,05", "address": "255 IONIA AVENUE", "district": "31", "borough": "R", "status": "Open", "location_type": "General Academic", "category": "Elementary", "principal": "BARBARA BELLAFATTO", "phone": "718-984-1422", "NTA_name": "Annadale-Huguenot-Prince's Bay-Eltingville", "managed_by": "DOE"}}, {"type": "Feature", "geometry": {"type": "Point", "coordinates": [-74.099409, 40.574799]}, "properties": {"system_code": "31R038", "location_code": "R038", "location_name": "P.S. 038 George Cromwell", "grades": "PK,0K,01,02,03,04,05", "address": "421 LINCOLN AVENUE", "district": "31", "borough": "R", "status": "Open", "location_type": "General Academic", "category": "Elementary", "principal": "Nancy Acosta Murillo", "phone": "718-351-1225", "NTA_name": "New Dorp-Midland Beach", "managed_by": "DOE"}}, {"type": "Feature", "geometry": {"type": "Point", "coordinates": [-74.07061, 40.597824]}, "properties": {"system_code": "31R039", "location_code": "R039", "location_name": "P.S. 39 Francis J. Murphy Jr.", "grades": "PK,0K,01,02,03,04,05", "address": "71 SAND LANE", "district": "31", "borough": "R", "status": "Open", "location_type": "General Academic", "category": "Elementary", "principal": "Tracey Wright", "phone": "718-447-4543", "NTA_name": "Grasmere-Arrochar-Ft. Wadsworth", "managed_by": "DOE"}}, {"type": "Feature", "geometry": {"type": "Point", "coordinates": [-74.108492, 40.573599]}, "properties": {"system_code": "31R041", "location_code": "R041", "location_name": "The Stephanie A. Vierno School", "grades": "PK,0K,01,02,03,04,05", "address": "216 CLAWSON STREET", "district": "31", "borough": "R", "status": "Open", "location_type": "General Academic", "category": "Elementary", "principal": "Jennifer Logan", "phone": "718-351-6777", "NTA_name": "New Dorp-Midland Beach", "managed_by": "DOE"}}, {"type": "Feature", "geometry": {"type": "Point", "coordinates": [-74.169038, 40.552213]}, "properties": {"system_code": "31R042", "location_code": "R042", "location_name": "P.S. 042 Eltingville", "grades": "PK,0K,01,02,03,04,05", "address": "380 GENESEE AVENUE", "district": "31", "borough": "R", "status": "Open", "location_type": "General Academic", "category": "Elementary", "principal": "Brian Sharkey", "phone": "718-984-3800", "NTA_name": "Annadale-Huguenot-Prince's Bay-Eltingville", "managed_by": "DOE"}}, {"type": "Feature", "geometry": {"type": "Point", "coordinates": [-74.157303, 40.631689]}, "properties": {"system_code": "31R044", "location_code": "R044", "location_name": "P.S. 044 Thomas C. Brown", "grades": "PK,0K,01,02,03,04,05", "address": "80 MAPLE PARKWAY", "district": "31", "borough": "R", "status": "Open", "location_type": "General Academic", "category": "Elementary", "principal": "Kasandra Lopez Garcia", "phone": "718-442-0433", "NTA_name": "Mariner's Harbor-Arlington-Port Ivory-Graniteville", "managed_by": "DOE"}}, {"type": "Feature", "geometry": {"type": "Point", "coordinates": [-74.107537, 40.628419]}, "properties": {"system_code": "31R045", "location_code": "R045", "location_name": "P.S. 045 John Tyler", "grades": "PK,0K,01,02,03,04,05", "address": "58 LAWRENCE AVENUE", "district": "31", "borough": "R", "status": "Open", "location_type": "General Academic", "category": "Elementary", "principal": "Christine Chavez", "phone": "718-442-6123", "NTA_name": "New Brighton-Silver Lake", "managed_by": "DOE"}}, {"type": "Feature", "geometry": {"type": "Point", "coordinates": [-74.080829, 40.594455]}, "properties": {"system_code": "31R046", "location_code": "R046", "location_name": "P.S. 046 Albert V. Maniscalco", "grades": "PK,0K,01,02,03,04,05", "address": "41 REID AVENUE", "district": "31", "borough": "R", "status": "Open", "location_type": "General Academic", "category": "Elementary", "principal": "ANDREA MAFFEO", "phone": "718-987-5155", "NTA_name": "Grasmere-Arrochar-Ft. Wadsworth", "managed_by": "DOE"}}, {"type": "Feature", "geometry": {"type": "Point", "coordinates": [-74.091239, 40.603492]}, "properties": {"system_code": "31R048", "location_code": "R048", "location_name": "P.S. 048 William G. Wilcox", "grades": "0K,01,02,03,04,05,06,07,08", "address": "1050 Targee Street", "district": "31", "borough": "R", "status": "Open", "location_type": "General Academic", "category": "K-8", "principal": "Allison Odonnell", "phone": "718-447-8323", "NTA_name": "Grasmere-Arrochar-Ft. Wadsworth", "managed_by": "DOE"}}, {"type": "Feature", "geometry": {"type": "Point", "coordinates": [-74.124332, 40.560954]}, "properties": {"system_code": "31R050", "location_code": "R050", "location_name": "P.S. 050 Frank Hankinson", "grades": "PK,0K,01,02,03,04,05", "address": "200 ADELAIDE AVENUE", "district": "31", "borough": "R", "status": "Open", "location_type": "General Academic", "category": "Elementary", "principal": "Joseph Santello", "phone": "718-987-0396", "NTA_name": "Oakwood-Oakwood Beach", "managed_by": "DOE"}}, {"type": "Feature", "geometry": {"type": "Point", "coordinates": [-74.089012, 40.58255]}, "properties": {"system_code": "31R052", "location_code": "R052", "location_name": "P.S. 052 John C. Thompson", "grades": "PK,0K,01,02,03,04,05", "address": "450 BUEL AVENUE", "district": "31", "borough": "R", "status": "Open", "location_type": "General Academic", "category": "Elementary", "principal": "Jane Mccord", "phone": "718-351-5454", "NTA_name": "Old Town-Dongan Hills-South Beach", "managed_by": "DOE"}}, {"type": "Feature", "geometry": {"type": "Point", "coordinates": [-74.13664, 40.551926]}, "properties": {"system_code": "31R053", "location_code": "R053", "location_name": "The Barbara Esselborn School", "grades": "PK,0K,01,02,03,04,05", "address": "330 DURANT AVENUE", "district": "31", "borough": "R", "status": "Open", "location_type": "General Academic", "category": "Elementary", "principal": "Beth Albano", "phone": "718-987-8020", "NTA_name": "Great Kills", "managed_by": "DOE"}}, {"type": "Feature", "geometry": {"type": "Point", "coordinates": [-74.137259, 40.602779]}, "properties": {"system_code": "31R054", "location_code": "R054", "location_name": "P.S. 054 Charles W. Leng", "grades": "PK,0K,01,02,03,04,05", "address": "1060 WILLOWBROOK ROAD", "district": "31", "borough": "R", "status": "Open", "location_type": "General Academic", "category": "Elementary", "principal": "Karen Catanzaro LaRosa", "phone": "718-698-0600", "NTA_name": "New Springville-Bloomfield-Travis", "managed_by": "DOE"}}, {"type": "Feature", "geometry": {"type": "Point", "coordinates": [-74.163037, 40.536625]}, "properties": {"system_code": "31R055", "location_code": "R055", "location_name": "P.S. 055 Henry M. Boehm", "grades": "PK,0K,01,02,03,04,05", "address": "54 OSBORNE STREET", "district": "31", "borough": "R", "status": "Open", "location_type": "General Academic", "category": "Elementary", "principal": "Sharon Fishman", "phone": "718-697-5200", "NTA_name": "Annadale-Huguenot-Prince's Bay-Eltingville", "managed_by": "DOE"}}, {"type": "Feature", "geometry": {"type": "Point", "coordinates": [-74.213943, 40.541856]}, "properties": {"system_code": "31R056", "location_code": "R056", "location_name": "P.S. 56 The Louis Desario School", "grades": "PK,0K,01,02,03,04,05", "address": "250 KRAMER AVENUE", "district": "31", "borough": "R", "status": "Open", "location_type": "General Academic", "category": "Elementary", "principal": "PHILIP CAROLLO", "phone": "718-605-1189", "NTA_name": "Rossville-Woodrow", "managed_by": "DOE"}}, {"type": "Feature", "geometry": {"type": "Point", "coordinates": [-74.083799, 40.611136]}, "properties": {"system_code": "31R057", "location_code": "R057", "location_name": "P.S. 057 Hubert H. Humphrey", "grades": "PK,0K,01,02,03,04,05", "address": "140 PALMA DRIVE", "district": "31", "borough": "R", "status": "Open", "location_type": "General Academic", "category": "Elementary", "principal": "Karyn Lind", "phone": "718-447-1191", "NTA_name": "Grymes Hill-Clifton-Fox Hills", "managed_by": "DOE"}}, {"type": "Feature", "geometry": {"type": "Point", "coordinates": [-74.160867, 40.582791]}, "properties": {"system_code": "31R058", "location_code": "R058", "location_name": "Space Shuttle Columbia School", "grades": "PK,0K,01,02,03,04,05", "address": "77 MARSH AVENUE", "district": "31", "borough": "R", "status": "Open", "location_type": "General Academic", "category": "Elementary", "principal": "Michael La Morte", "phone": "718-761-2155", "NTA_name": "Todt Hill-Emerson Hill-Heartland Village-Lighthouse Hill", "managed_by": "DOE"}}, {"type": "Feature", "geometry": {"type": "Point", "coordinates": [-74.083408, 40.647898]}, "properties": {"system_code": "31R059", "location_code": "R059", "location_name": "The Harbor View School", "grades": "PK,0K,01,02,03,04,05", "address": "300 Richmond Terrace", "district": "31", "borough": "R", "status": "Open", "location_type": "General Academic", "category": "Elementary", "principal": "Carol Mongiello", "phone": "718-390-2190", "NTA_name": "West New Brighton-New Brighton-St. George", "managed_by": "DOE"}}, {"type": "Feature", "geometry": {"type": "Point", "coordinates": [-74.162634, 40.610604]}, "properties": {"system_code": "31R060", "location_code": "R060", "location_name": "P.S. 060 Alice Austen", "grades": "PK,0K,01,02,03,04,05,SE", "address": "55 MERRILL AVENUE", "district": "31", "borough": "R", "status": "Open", "location_type": "General Academic", "category": "Elementary", "principal": "Donna Bonanno", "phone": "718-761-3325", "NTA_name": "New Springville-Bloomfield-Travis", "managed_by": "DOE"}}, {"type": "Feature", "geometry": {"type": "Point", "coordinates": [-74.217934, 40.541563]}, "properties": {"system_code": "31R062", "location_code": "R062", "location_name": "The Kathleen Grimm School for Leadership and Susta", "grades": "PK,0K,01,02,03,04,05", "address": "644 Bloomingdale Road", "district": "31", "borough": "R", "status": "Open", "location_type": "General Academic", "category": "Elementary", "principal": "Lisa Sarnicola", "phone": "718-668-8640", "NTA_name": "Charleston-Richmond Valley-Tottenville", "managed_by": "DOE"}}, {"type": "Feature", "geometry": {"type": "Point", "coordinates": [-74.078337, 40.633666]}, "properties": {"system_code": "31R065", "location_code": "R065", "location_name": "P.S. 65 The Academy of Innovative Learning", "grades": "PK,0K,01,02,03,04,05", "address": "98 GRANT STREET", "district": "31", "borough": "R", "status": "Open", "location_type": "General Academic", "category": "Elementary", "principal": "SOPHIE SCAMARDELLA", "phone": "718-981-5034", "NTA_name": "Stapleton-Rosebank", "managed_by": "DOE"}}, {"type": "Feature", "geometry": {"type": "Point", "coordinates": [-74.142526, 40.624781]}, "properties": {"system_code": "31R068", "location_code": "R068", "location_name": "Port Richmond School for Visionary Learning", "grades": "0K,01,02,03,04,05", "address": "1625 FOREST AVENUE", "district": "31", "borough": "R", "status": "Open", "location_type": "General Academic", "category": "Elementary", "principal": "LORRIE BROWN", "phone": "718-816-3377", "NTA_name": "Port Richmond", "managed_by": "DOE"}}, {"type": "Feature", "geometry": {"type": "Point", "coordinates": [-74.157327, 40.59148]}, "properties": {"system_code": "31R069", "location_code": "R069", "location_name": "P.S. 069 Daniel D. Tompkins", "grades": "0K,01,02,03,04,05", "address": "144 KEATING PLACE", "district": "31", "borough": "R", "status": "Open", "location_type": "General Academic", "category": "Elementary", "principal": "DOREEN MURPHY", "phone": "718-698-6661", "NTA_name": "Todt Hill-Emerson Hill-Heartland Village-Lighthouse Hill", "managed_by": "DOE"}}, {"type": "Feature", "geometry": {"type": "Point", "coordinates": [-74.081031, 40.630261]}, "properties": {"system_code": "84R071", "location_code": "R071", "location_name": "Staten Island Community Charter School", "grades": "0K,01,02,03,04,05,06,07,08", "address": "309 ST PAUL'S AVENUE", "district": "31", "borough": "R", "status": "Closed", "location_type": "General Academic", "category": "Elementary", "principal": "Dr. Nicole Garcia", "phone": "347-857-6981", "NTA_name": "Stapleton-Rosebank", "managed_by": "Charter"}}, {"type": "Feature", "geometry": {"type": "Point", "coordinates": [-74.079438, 40.638993]}, "properties": {"system_code": "31R074", "location_code": "R074", "location_name": "P.S. 74 Future Leaders Elementary School", "grades": "0K,01,02,03,04,05", "address": "211 DANIEL LOW TERRACE", "district": "31", "borough": "R", "status": "Open", "location_type": "General Academic", "category": "Elementary", "principal": "Nicole Reidchristopher", "phone": "718-727-5380", "NTA_name": "West New Brighton-New Brighton-St. George", "managed_by": "DOE"}}, {"type": "Feature", "geometry": {"type": "Point", "coordinates": [-74.105883, 40.607637]}, "properties": {"system_code": "84R076", "location_code": "R076", "location_name": "Bridge Preparatory Charter School", "grades": "", "address": "715 OCEAN TERRACE", "district": "31", "borough": "R", "status": "Open", "location_type": "General Academic", "category": "Elementary", "principal": "NULL", "phone": "NULL", "NTA_name": "Todt Hill-Emerson Hill-Heartland Village-Lighthouse Hill", "managed_by": "Charter"}}, {"type": "Feature", "geometry": {"type": "Point", "coordinates": [-74.161318, 40.608079]}, "properties": {"system_code": "84R077", "location_code": "R077", "location_name": "Hellenic Classical Charter School - Staten Island", "grades": "", "address": "1641 Richmond Avenue", "district": "31", "borough": "R", "status": "Open", "location_type": "General Academic", "category": "Elementary", "principal": "NULL", "phone": "NULL", "NTA_name": "New Springville-Bloomfield-Travis", "managed_by": "Charter"}}, {"type": "Feature", "geometry": {"type": "Point", "coordinates": [-74.079228, 40.622415]}, "properties": {"system_code": "31R078", "location_code": "R078", "location_name": "P.S. 78", "grades": "PK,0K,01,02,03,04,05", "address": "100 TOMPKINS AVENUE", "district": "31", "borough": "R", "status": "Open", "location_type": "General Academic", "category": "Elementary", "principal": "Jodi Contento", "phone": "718-442-3094", "NTA_name": "Stapleton-Rosebank", "managed_by": "DOE"}}, {"type": "Feature", "geometry": {"type": "Point", "coordinates": [-74.095454, 40.64118]}, "properties": {"system_code": "75R373", "location_code": "R373", "location_name": "P.S. R373", "grades": "PK,0K,01,02,03,04,05,SE", "address": "91 HENDERSON AVENUE", "district": "31", "borough": "R", "status": "Open", "location_type": "Special Education", "category": "K-8", "principal": "Paulette Benevento", "phone": "718-816-8897", "NTA_name": "West New Brighton-New Brighton-St. George", "managed_by": "DOE"}}, {"type": "Feature", "geometry": {"type": "Point", "coordinates": [-74.164427, 40.62031]}, "properties": {"system_code": "31R861", "location_code": "R861", "location_name": "Staten Island School of Civic Leadership", "grades": "PK,0K,01,02,03,04,05,06,07,08", "address": "280 REGIS DRIVE", "district": "31", "borough": "R", "status": "Open", "location_type": "General Academic", "category": "K-8", "principal": "Donna Nilsen", "phone": "718-697-5250", "NTA_name": "Mariner's Harbor-Arlington-Port Ivory-Graniteville", "managed_by": "DOE"}}, {"type": "Feature", "geometry": {"type": "Point", "coordinates": [-73.919634, 40.819331]}, "properties": {"system_code": "07X001", "location_code": "X001", "location_name": "P.S. 001 Courtlandt School", "grades": "PK,0K,01,02,03,04,05", "address": "335 EAST 152 STREET", "district": "7", "borough": "X", "status": "Open", "location_type": "General Academic", "category": "Elementary", "principal": "JORGE PERDOMO", "phone": "718-299-3700", "NTA_name": "Melrose South-Mott Haven North", "managed_by": "DOE"}}, {"type": "Feature", "geometry": {"type": "Point", "coordinates": [-73.89163, 40.850131]}, "properties": {"system_code": "10X003", "location_code": "X003", "location_name": "P.S. 3 Raul Julia Micro Society", "grades": "PK,0K,01,02,03,04,05,06,07,08", "address": "2100 LAFONTAINE AVENUE", "district": "10", "borough": "X", "status": "Open", "location_type": "General Academic", "category": "K-8", "principal": "DENISE BROWN", "phone": "718-584-1899", "NTA_name": "East Tremont", "managed_by": "DOE"}}, {"type": "Feature", "geometry": {"type": "Point", "coordinates": [-73.897943, 40.841758]}, "properties": {"system_code": "09X004", "location_code": "X004", "location_name": "P.S./M.S. 004 Crotona Park West", "grades": "0K,01,02,03,04,05,06,07,08", "address": "1701 FULTON AVENUE", "district": "9", "borough": "X", "status": "Open", "location_type": "General Academic", "category": "K-8", "principal": "VINCENT RESTO", "phone": "718-583-6655", "NTA_name": "Claremont-Bathgate", "managed_by": "DOE"}}, {"type": "Feature", "geometry": {"type": "Point", "coordinates": [-73.908358, 40.813896]}, "properties": {"system_code": "07X005", "location_code": "X005", "location_name": "P.S. 5 Port Morris", "grades": "PK,0K,01,02,03,04,05,06,07,08", "address": "564 JACKSON AVENUE", "district": "7", "borough": "X", "status": "Open", "location_type": "General Academic", "category": "K-8", "principal": "DANIELLE KEANE", "phone": "718-292-2683", "NTA_name": "Melrose South-Mott Haven North", "managed_by": "DOE"}}, {"type": "Feature", "geometry": {"type": "Point", "coordinates": [-73.882531, 40.840445]}, "properties": {"system_code": "12X006", "location_code": "X006", "location_name": "P.S. 006 West Farms", "grades": "PK,0K,01,02,03,04,05", "address": "1000 EAST TREMONT AVENUE", "district": "12", "borough": "X", "status": "Open", "location_type": "General Academic", "category": "Elementary", "principal": "Tiawana Perez", "phone": "718-542-7676", "NTA_name": "East Tremont", "managed_by": "DOE"}}, {"type": "Feature", "geometry": {"type": "Point", "coordinates": [-73.905697, 40.881562]}, "properties": {"system_code": "10X007", "location_code": "X007", "location_name": "Milton Fein School", "grades": "0K,01,02,03,04,05", "address": "3201 KINGSBRIDGE AVENUE", "district": "10", "borough": "X", "status": "Open", "location_type": "General Academic", "category": "Elementary", "principal": "MIOSOTIS RAMOS", "phone": "718-796-8695", "NTA_name": "Spuyten Duyvil-Kingsbridge", "managed_by": "DOE"}}, {"type": "Feature", "geometry": {"type": "Point", "coordinates": [-73.883339, 40.872259]}, "properties": {"system_code": "10X008", "location_code": "X008", "location_name": "P.S. 008 Isaac Varian", "grades": "0K,01,02,03,04,05", "address": "3010 BRIGGS AVENUE", "district": "10", "borough": "X", "status": "Open", "location_type": "General Academic", "category": "Elementary", "principal": "CLAUDIA TAHIRAJ-SADRIJA", "phone": "718-584-3043", "NTA_name": "Bedford Park-Fordham North", "managed_by": "DOE"}}, {"type": "Feature", "geometry": {"type": "Point", "coordinates": [-73.898821, 40.85644]}, "properties": {"system_code": "10X009", "location_code": "X009", "location_name": "P.S. 9 Ryer Avenue Elementary School", "grades": "PK,0K,01,02,03,04,05", "address": "230 EAST 183 STREET", "district": "10", "borough": "X", "status": "Open", "location_type": "General Academic", "category": "Elementary", "principal": "JACQUELINE BAILEY", "phone": "718-584-3291", "NTA_name": "Fordham South", "managed_by": "DOE"}}, {"type": "Feature", "geometry": {"type": "Point", "coordinates": [-73.92589, 40.839693]}, "properties": {"system_code": "09X011", "location_code": "X011", "location_name": "P.S. 011 Highbridge", "grades": "0K,01,02,03,04", "address": "1257 OGDEN AVENUE", "district": "9", "borough": "X", "status": "Open", "location_type": "General Academic", "category": "Elementary", "principal": "JOAN KONG", "phone": "718-681-7553", "NTA_name": "Highbridge", "managed_by": "DOE"}}, {"type": "Feature", "geometry": {"type": "Point", "coordinates": [-73.826277, 40.835318]}, "properties": {"system_code": "08X014", "location_code": "X014", "location_name": "P.S. X014 Senator John Calandra", "grades": "0K,01,02,03,04,05", "address": "3047 BRUCKNER BOULEVARD", "district": "8", "borough": "X", "status": "Open", "location_type": "General Academic", "category": "Elementary", "principal": "Ira Schulman", "phone": "718-822-5341", "NTA_name": "Schuylerville-Throgs Neck-Edgewater Park", "managed_by": "DOE"}}, {"type": "Feature", "geometry": {"type": "Point", "coordinates": [-73.909763, 40.859243]}, "properties": {"system_code": "10X015", "location_code": "X015", "location_name": "P.S. X015 Institute for Environmental Learning", "grades": "0K,01,02,03,04,05,06,07,08", "address": "2195 ANDREWS AVENUE", "district": "10", "borough": "X", "status": "Open", "location_type": "General Academic", "category": "K-8", "principal": "Tara Edmonds", "phone": "718-563-0473", "NTA_name": "Kingsbridge Heights", "managed_by": "DOE"}}, {"type": "Feature", "geometry": {"type": "Point", "coordinates": [-73.854231, 40.902311]}, "properties": {"system_code": "11X016", "location_code": "X016", "location_name": "P.S. 016 Wakefield", "grades": "PK,0K,01,02,03,04,05", "address": "4550 CARPENTER AVENUE", "district": "11", "borough": "X", "status": "Open", "location_type": "General Academic", "category": "Elementary", "principal": "Eduardo Calderon", "phone": "718-324-1262", "NTA_name": "Woodlawn-Wakefield", "managed_by": "DOE"}}, {"type": "Feature", "geometry": {"type": "Point", "coordinates": [-73.905389, 40.818703]}, "properties": {"system_code": "75X017", "location_code": "X017", "location_name": "P.S. X017", "grades": "01,02,03,04,05,06,07,08,09,SE", "address": "778 FOREST AVENUE", "district": "7", "borough": "X", "status": "Open", "location_type": "Special Education", "category": "K-8", "principal": "MARLIN HOGGARD", "phone": "718-665-5617", "NTA_name": "Melrose South-Mott Haven North", "managed_by": "DOE"}}, {"type": "Feature", "geometry": {"type": "Point", "coordinates": [-73.922697, 40.816369]}, "properties": {"system_code": "07X018", "location_code": "X018", "location_name": "P.S. 018 John Peter Zenger", "grades": "PK,0K,01,02,03,04,05", "address": "502 MORRIS AVENUE", "district": "7", "borough": "X", "status": "Open", "location_type": "General Academic", "category": "Elementary", "principal": "Lauren Sewell Walker", "phone": "718-292-2868", "NTA_name": "Mott Haven-Port Morris", "managed_by": "DOE"}}, {"type": "Feature", "geometry": {"type": "Point", "coordinates": [-73.866949, 40.899351]}, "properties": {"system_code": "11X019", "location_code": "X019", "location_name": "P.S. 019 Judith K. Weiss", "grades": "0K,01,02,03,04,05,06,07,08", "address": "4318 KATONAH AVENUE", "district": "11", "borough": "X", "status": "Open", "location_type": "General Academic", "category": "K-8", "principal": "Ellen Obrien", "phone": "718-324-1924", "NTA_name": "Woodlawn-Wakefield", "managed_by": "DOE"}}, {"type": "Feature", "geometry": {"type": "Point", "coordinates": [-73.878731, 40.869482]}, "properties": {"system_code": "10X020", "location_code": "X020", "location_name": "PS/MS 20 P.O.George J. Werdann, III", "grades": "PK,0K,01,02,03,04,05,06,07,08", "address": "3050 WEBSTER AVENUE", "district": "10", "borough": "X", "status": "Open", "location_type": "General Academic", "category": "K-8", "principal": "CARLA LING", "phone": "718-515-9370", "NTA_name": "Norwood", "managed_by": "DOE"}}, {"type": "Feature", "geometry": {"type": "Point", "coordinates": [-73.85942, 40.887888]}, "properties": {"system_code": "11X021", "location_code": "X021", "location_name": "P.S. 021 Philip H. Sheridan", "grades": "0K,01,02,03,04,05", "address": "715 EAST 225 STREET", "district": "11", "borough": "X", "status": "Open", "location_type": "General Academic", "category": "Elementary", "principal": "JOYCE COLEMAN", "phone": "718-652-3903", "NTA_name": "Williamsbridge-Olinville", "managed_by": "DOE"}}, {"type": "Feature", "geometry": {"type": "Point", "coordinates": [-73.894951, 40.853294]}, "properties": {"system_code": "10X023", "location_code": "X023", "location_name": "P.S. 023 The New Children's School", "grades": "PK,0K,01,02,03,04,05", "address": "2151 WASHINGTON AVENUE", "district": "10", "borough": "X", "status": "Open", "location_type": "General Academic", "category": "Elementary", "principal": "SHIRLEY TORRES", "phone": "718-584-3992", "NTA_name": "Claremont-Bathgate", "managed_by": "DOE"}}, {"type": "Feature", "geometry": {"type": "Point", "coordinates": [-73.915114, 40.886922]}, "properties": {"system_code": "10X024", "location_code": "X024", "location_name": "P.S. 024 Spuyten Duyvil", "grades": "0K,01,02,03,04,05", "address": "660 WEST 236 STREET", "district": "10", "borough": "X", "status": "Open", "location_type": "General Academic", "category": "Elementary", "principal": "Steven Schwartz", "phone": "718-796-8845", "NTA_name": "North Riverdale-Fieldston-Riverdale", "managed_by": "DOE"}}, {"type": "Feature", "geometry": {"type": "Point", "coordinates": [-73.905751, 40.812895]}, "properties": {"system_code": "07X025", "location_code": "X025", "location_name": "P.S. 025 Bilingual School", "grades": "PK,0K,01,02,03,04,05,SE", "address": "811 EAST 149 STREET", "district": "7", "borough": "X", "status": "Open", "location_type": "General Academic", "category": "Elementary", "principal": "Carmen Toledo-Guerrero", "phone": "718-292-2995", "NTA_name": "Melrose South-Mott Haven North", "managed_by": "DOE"}}, {"type": "Feature", "geometry": {"type": "Point", "coordinates": [-73.903821, 40.848344]}, "properties": {"system_code": "09X028", "location_code": "X028", "location_name": "P.S. 028 Mount Hope", "grades": "PK,0K,01,02,03,04,05", "address": "1861 ANTHONY AVENUE", "district": "9", "borough": "X", "status": "Open", "location_type": "General Academic", "category": "Elementary", "principal": "Stephen Beckles", "phone": "718-583-6444", "NTA_name": "Mount Hope", "managed_by": "DOE"}}, {"type": "Feature", "geometry": {"type": "Point", "coordinates": [-73.916419, 40.821544]}, "properties": {"system_code": "07X029", "location_code": "X029", "location_name": "P.S./M.S. 029 Melrose School", "grades": "PK,0K,01,02,03,04,05,06,07,08", "address": "758 COURTLANDT AVENUE", "district": "7", "borough": "X", "status": "Open", "location_type": "General Academic", "category": "K-8", "principal": "Danielle Presto", "phone": "718-292-3785", "NTA_name": "Melrose South-Mott Haven North", "managed_by": "DOE"}}, {"type": "Feature", "geometry": {"type": "Point", "coordinates": [-73.917417, 40.809023]}, "properties": {"system_code": "07X030", "location_code": "X030", "location_name": "P.S. 030 Wilton", "grades": "PK,0K,01,02,03,04,05", "address": "510 EAST 141 STREET", "district": "7", "borough": "X", "status": "Open", "location_type": "General Academic", "category": "Elementary", "principal": "Debra Michaux", "phone": "718-292-8817", "NTA_name": "Mott Haven-Port Morris", "managed_by": "DOE"}}, {"type": "Feature", "geometry": {"type": "Point", "coordinates": [-73.92114, 40.822574]}, "properties": {"system_code": "07X031", "location_code": "X031", "location_name": "P.S./M.S. 031 The William Lloyd Garrison", "grades": "PK,0K,01,02,03,04,05,06,07,08", "address": "250 EAST 156 STREET", "district": "7", "borough": "X", "status": "Open", "location_type": "General Academic", "category": "K-8", "principal": "William Hewlett", "phone": "718-292-4397", "NTA_name": "East Concourse-Concourse Village", "managed_by": "DOE"}}, {"type": "Feature", "geometry": {"type": "Point", "coordinates": [-73.88622, 40.851724]}, "properties": {"system_code": "10X032", "location_code": "X032", "location_name": "P.S. 032 Belmont", "grades": "0K,01,02,03,04,05", "address": "690 EAST 183 STREET", "district": "10", "borough": "X", "status": "Open", "location_type": "General Academic", "category": "Elementary", "principal": "Rebecca Lew", "phone": "718-584-3645", "NTA_name": "Belmont", "managed_by": "DOE"}}, {"type": "Feature", "geometry": {"type": "Point", "coordinates": [-73.901268, 40.861698]}, "properties": {"system_code": "10X033", "location_code": "X033", "location_name": "P.S. 033 Timothy Dwight", "grades": "PK,0K,01,02,03,04,05", "address": "2424 JEROME AVENUE", "district": "10", "borough": "X", "status": "Open", "location_type": "General Academic", "category": "Elementary", "principal": "LYNETTE SANTOS", "phone": "718-584-3926", "NTA_name": "Fordham South", "managed_by": "DOE"}}, {"type": "Feature", "geometry": {"type": "Point", "coordinates": [-73.917705, 40.828009]}, "properties": {"system_code": "09X035", "location_code": "X035", "location_name": "P.S. 035 Franz Siegel", "grades": "0K,01,02,03,04,05", "address": "261 EAST 163 STREET", "district": "9", "borough": "X", "status": "Open", "location_type": "General Academic", "category": "Elementary", "principal": "GRACIELA NAVARRO", "phone": "718-681-7214", "NTA_name": "East Concourse-Concourse Village", "managed_by": "DOE"}}, {"type": "Feature", "geometry": {"type": "Point", "coordinates": [-73.849791, 40.82948]}, "properties": {"system_code": "08X036", "location_code": "X036", "location_name": "P.S. 036 Unionport", "grades": "PK,0K,01,02,03,04,05", "address": "1070 CASTLE HILL AVENUE", "district": "8", "borough": "X", "status": "Open", "location_type": "General Academic", "category": "Elementary", "principal": "Elvira Maresca", "phone": "718-822-5345", "NTA_name": "Westchester-Unionport", "managed_by": "DOE"}}, {"type": "Feature", "geometry": {"type": "Point", "coordinates": [-73.913694, 40.877935]}, "properties": {"system_code": "10X037", "location_code": "X037", "location_name": "P.S. X037 - Multiple Intelligence School", "grades": "0K,01,02,03,04,05,06,07,08", "address": "360 WEST 230 STREET", "district": "10", "borough": "X", "status": "Open", "location_type": "General Academic", "category": "K-8", "principal": "KENNETH PETRICCIONE", "phone": "718-796-0360", "NTA_name": "Spuyten Duyvil-Kingsbridge", "managed_by": "DOE"}}, {"type": "Feature", "geometry": {"type": "Point", "coordinates": [-73.867834, 40.874754]}, "properties": {"system_code": "11X041", "location_code": "X041", "location_name": "P.S. 041 Gun Hill Road", "grades": "0K,01,02,03,04,05", "address": "3352 OLINVILLE AVENUE", "district": "11", "borough": "X", "status": "Open", "location_type": "General Academic", "category": "Elementary", "principal": "Michelle Moore", "phone": "718-652-3461", "NTA_name": "Williamsbridge-Olinville", "managed_by": "DOE"}}, {"type": "Feature", "geometry": {"type": "Point", "coordinates": [-73.903243, 40.838636]}, "properties": {"system_code": "09X042", "location_code": "X042", "location_name": "P.S. 042 Claremont", "grades": "PK,0K,01,02,03,04,05", "address": "1537 WASHINGTON AVENUE", "district": "9", "borough": "X", "status": "Open", "location_type": "General Academic", "category": "Elementary", "principal": "LUCIA ORDUZ CASTILLO", "phone": "718-583-7366", "NTA_name": "Claremont-Bathgate", "managed_by": "DOE"}}, {"type": "Feature", "geometry": {"type": "Point", "coordinates": [-73.921593, 40.806452]}, "properties": {"system_code": "07X043", "location_code": "X043", "location_name": "P.S. 043 Jonas Bronck", "grades": "PK,0K,01,02,03,04,05", "address": "165 BROWN PLACE", "district": "7", "borough": "X", "status": "Open", "location_type": "General Academic", "category": "Elementary", "principal": "DR. GIOVANNA DELUCCHI", "phone": "718-292-4502", "NTA_name": "Mott Haven-Port Morris", "managed_by": "DOE"}}, {"type": "Feature", "geometry": {"type": "Point", "coordinates": [-73.891086, 40.842564]}, "properties": {"system_code": "12X044", "location_code": "X044", "location_name": "P.S. 044 David C. Farragut", "grades": "PK,0K,01,02,03,04,05", "address": "1825 PROSPECT AVENUE", "district": "12", "borough": "X", "status": "Open", "location_type": "General Academic", "category": "Elementary", "principal": "Melissa Harrow", "phone": "718-583-2360", "NTA_name": "East Tremont", "managed_by": "DOE"}}, {"type": "Feature", "geometry": {"type": "Point", "coordinates": [-73.890402, 40.867169]}, "properties": {"system_code": "10X046", "location_code": "X046", "location_name": "P.S. 046 Edgar Allan Poe", "grades": "0K,01,02,03,04,05", "address": "279 EAST 196 STREET", "district": "10", "borough": "X", "status": "Open", "location_type": "General Academic", "category": "Elementary", "principal": "JENNIFER ALEXANDER ADE", "phone": "718-584-4450", "NTA_name": "Bedford Park-Fordham North", "managed_by": "DOE"}}, {"type": "Feature", "geometry": {"type": "Point", "coordinates": [-73.866974, 40.832529]}, "properties": {"system_code": "12X047", "location_code": "X047", "location_name": "P.S. 047 John Randolph", "grades": "0K,01,02,03,04,05", "address": "1794 EAST 172 STREET", "district": "12", "borough": "X", "status": "Open", "location_type": "General Academic", "category": "Elementary", "principal": "THOMAS GUARNIERI", "phone": "718-824-0950", "NTA_name": "West Farms-Bronx River", "managed_by": "DOE"}}, {"type": "Feature", "geometry": {"type": "Point", "coordinates": [-73.886834, 40.814034]}, "properties": {"system_code": "08X048", "location_code": "X048", "location_name": "P.S. 048 Joseph R. Drake", "grades": "PK,0K,01,02,03,04,05", "address": "1290 SPOFFORD AVENUE", "district": "8", "borough": "X", "status": "Open", "location_type": "General Academic", "category": "Elementary", "principal": "JOSEPH DICRESCENTO", "phone": "718-589-4312", "NTA_name": "Hunts Point", "managed_by": "DOE"}}, {"type": "Feature", "geometry": {"type": "Point", "coordinates": [-73.92273, 40.810413]}, "properties": {"system_code": "07X049", "location_code": "X049", "location_name": "P.S. 049 Willis Avenue", "grades": "PK,0K,01,02,03,04,05", "address": "383 EAST 139 STREET", "district": "7", "borough": "X", "status": "Open", "location_type": "General Academic", "category": "Elementary", "principal": "Frank Hernandez", "phone": "718-292-4623", "NTA_name": "Mott Haven-Port Morris", "managed_by": "DOE"}}, {"type": "Feature", "geometry": {"type": "Point", "coordinates": [-73.886995, 40.834188]}, "properties": {"system_code": "12X050", "location_code": "X050", "location_name": "P.S. 050 Clara Barton", "grades": "PK,0K,01,02,03,04,05", "address": "1550 VYSE AVENUE", "district": "12", "borough": "X", "status": "Closed", "location_type": "General Academic", "category": "Elementary", "principal": "Kimberly Nohavicka", "phone": "718-542-2650", "NTA_name": "Crotona Park East", "managed_by": "DOE"}}, {"type": "Feature", "geometry": {"type": "Point", "coordinates": [-73.886997, 40.850674]}, "properties": {"system_code": "10X051", "location_code": "X051", "location_name": "The Bronx STEM and Arts Academy", "grades": "0K,01,02,03,04,05", "address": "695 EAST 182ND STREET", "district": "10", "borough": "X", "status": "Open", "location_type": "General Academic", "category": "Elementary", "principal": "Min Hong", "phone": "718-733-0347", "NTA_name": "Belmont", "managed_by": "DOE"}}, {"type": "Feature", "geometry": {"type": "Point", "coordinates": [-73.911906, 40.832648]}, "properties": {"system_code": "09X053", "location_code": "X053", "location_name": "P.S. 053 Basheer Quisim", "grades": "PK,0K,01,02,03,04,05", "address": "360 EAST 168 STREET", "district": "9", "borough": "X", "status": "Open", "location_type": "General Academic", "category": "Elementary", "principal": "COLLIN WOLFE", "phone": "718-681-7276", "NTA_name": "East Concourse-Concourse Village", "managed_by": "DOE"}}, {"type": "Feature", "geometry": {"type": "Point", "coordinates": [-73.88794, 40.864872]}, "properties": {"system_code": "10X054", "location_code": "X054", "location_name": "P.S./I.S. 54", "grades": "PK,0K,01,02,03,04,05", "address": "2703 WEBSTER AVENUE", "district": "10", "borough": "X", "status": "Open", "location_type": "General Academic", "category": "Elementary", "principal": "Marybelle Ferreira", "phone": "718-584-4203", "NTA_name": "Bedford Park-Fordham North", "managed_by": "DOE"}}, {"type": "Feature", "geometry": {"type": "Point", "coordinates": [-73.90497, 40.835934]}, "properties": {"system_code": "09X055", "location_code": "X055", "location_name": "P.S. 055 Benjamin Franklin", "grades": "PK,0K,01,02,03,04,05", "address": "450 SAINT PAUL'S PLACE", "district": "9", "borough": "X", "status": "Open", "location_type": "General Academic", "category": "Elementary", "principal": "LUIS TORRES", "phone": "718-681-6227", "NTA_name": "Claremont-Bathgate", "managed_by": "DOE"}}, {"type": "Feature", "geometry": {"type": "Point", "coordinates": [-73.874912, 40.875481]}, "properties": {"system_code": "10X056", "location_code": "X056", "location_name": "P.S. 056 Norwood Heights", "grades": "0K,01,02,03,04,05", "address": "341 EAST 207 STREET", "district": "10", "borough": "X", "status": "Open", "location_type": "General Academic", "category": "Elementary", "principal": "M Oneill", "phone": "718-920-1100", "NTA_name": "Norwood", "managed_by": "DOE"}}, {"type": "Feature", "geometry": {"type": "Point", "coordinates": [-73.888987, 40.848748]}, "properties": {"system_code": "12X057", "location_code": "X057", "location_name": "P.S. 057 Crescent", "grades": "PK,0K,01,02,03,04,05", "address": "2111 CROTONA AVENUE", "district": "12", "borough": "X", "status": "Open", "location_type": "General Academic", "category": "Elementary", "principal": "Mary Blandino Sanche", "phone": "718-367-9446", "NTA_name": "East Tremont", "managed_by": "DOE"}}, {"type": "Feature", "geometry": {"type": "Point", "coordinates": [-73.898826, 40.846383]}, "properties": {"system_code": "09X058", "location_code": "X058", "location_name": "P.S. 058", "grades": "0K,01,02,03,04,05,06", "address": "459 EAST 176 STREET", "district": "9", "borough": "X", "status": "Open", "location_type": "General Academic", "category": "Elementary", "principal": "VELMA GUNN", "phone": "718-583-6866", "NTA_name": "Claremont-Bathgate", "managed_by": "DOE"}}, {"type": "Feature", "geometry": {"type": "Point", "coordinates": [-73.893639, 40.853141]}, "properties": {"system_code": "10X059", "location_code": "X059", "location_name": "P.S. 059 The Community School of Technology", "grades": "PK,0K,01,02,03,04,05", "address": "2185 BATHGATE AVENUE", "district": "10", "borough": "X", "status": "Open", "location_type": "General Academic", "category": "Elementary", "principal": "Sita Basu", "phone": "718-584-4730", "NTA_name": "Claremont-Bathgate", "managed_by": "DOE"}}, {"type": "Feature", "geometry": {"type": "Point", "coordinates": [-73.892784, 40.836156]}, "properties": {"system_code": "12X061", "location_code": "X061", "location_name": "P.S. 061 Francisco Oller", "grades": "PK,0K,01,02,03,04,05", "address": "1550 CROTONA PARK EAST", "district": "12", "borough": "X", "status": "Open", "location_type": "General Academic", "category": "Elementary", "principal": "Marjorie Cutler Sanchez", "phone": "718-542-7230", "NTA_name": "Crotona Park East", "managed_by": "DOE"}}, {"type": "Feature", "geometry": {"type": "Point", "coordinates": [-73.900161, 40.813736]}, "properties": {"system_code": "08X062", "location_code": "X062", "location_name": "P.S. 062 Inocensio Casanova", "grades": "PK,0K,01,02,03,04,05", "address": "660 FOX STREET", "district": "8", "borough": "X", "status": "Open", "location_type": "General Academic", "category": "Elementary", "principal": "LISA MANFREDONIA", "phone": "718-585-1617", "NTA_name": "Longwood", "managed_by": "DOE"}}, {"type": "Feature", "geometry": {"type": "Point", "coordinates": [-73.901859, 40.83093]}, "properties": {"system_code": "09X063", "location_code": "X063", "location_name": "P.S. 063 Author's Academy", "grades": "PK,0K,01,02,03,04,05", "address": "1260 FRANKLIN AVENUE", "district": "9", "borough": "X", "status": "Open", "location_type": "General Academic", "category": "Elementary", "principal": "REINALDO DIAZ LENS", "phone": "718-589-3058", "NTA_name": "Morrisania-Melrose", "managed_by": "DOE"}}, {"type": "Feature", "geometry": {"type": "Point", "coordinates": [-73.915879, 40.8404]}, "properties": {"system_code": "09X064", "location_code": "X064", "location_name": "P.S. 064 Pura Belpre", "grades": "0K,01,02,03,04,05", "address": "1425 WALTON AVENUE", "district": "9", "borough": "X", "status": "Closed", "location_type": "General Academic", "category": "Elementary", "principal": "Barbara Headley", "phone": "718-681-8088", "NTA_name": "West Concourse", "managed_by": "DOE"}}, {"type": "Feature", "geometry": {"type": "Point", "coordinates": [-73.912557, 40.807916]}, "properties": {"system_code": "07X065", "location_code": "X065", "location_name": "P.S. 065 Mother Hale Academy", "grades": "PK,0K,01,02,03,04,05", "address": "677 EAST 141 STREET", "district": "7", "borough": "X", "status": "Open", "location_type": "General Academic", "category": "Elementary", "principal": "Jasmine Gonzalez", "phone": "718-292-4628", "NTA_name": "Mott Haven-Port Morris", "managed_by": "DOE"}}, {"type": "Feature", "geometry": {"type": "Point", "coordinates": [-73.88654, 40.831493]}, "properties": {"system_code": "12X066", "location_code": "X066", "location_name": "P.S. 066 School of Higher Expectations", "grades": "PK,0K,01,02,03,04,05", "address": "1001 JENNINGS STREET", "district": "12", "borough": "X", "status": "Open", "location_type": "General Academic", "category": "Elementary", "principal": "Kevin Goodman", "phone": "718-319-2820", "NTA_name": "Crotona Park East", "managed_by": "DOE"}}, {"type": "Feature", "geometry": {"type": "Point", "coordinates": [-73.884192, 40.843781]}, "properties": {"system_code": "12X067", "location_code": "X067", "location_name": "P.S. 067 Mohegan School", "grades": "PK,0K,01,02,03,04,05", "address": "2024 MOHEGAN AVENUE", "district": "12", "borough": "X", "status": "Open", "location_type": "General Academic", "category": "Elementary", "principal": "Jeffrey Santiago", "phone": "718-823-4101", "NTA_name": "East Tremont", "managed_by": "DOE"}}, {"type": "Feature", "geometry": {"type": "Point", "coordinates": [-73.83888, 40.891603]}, "properties": {"system_code": "11X068", "location_code": "X068", "location_name": "P.S. 068 Bronx", "grades": "PK,0K,01,02,03,04,05", "address": "4011 MONTICELLO AVENUE", "district": "11", "borough": "X", "status": "Open", "location_type": "General Academic", "category": "Elementary", "principal": "AIDIMARIS SOLER", "phone": "718-324-2854", "NTA_name": "Woodlawn-Wakefield", "managed_by": "DOE"}}, {"type": "Feature", "geometry": {"type": "Point", "coordinates": [-73.86046, 40.8167]}, "properties": {"system_code": "08X069", "location_code": "X069", "location_name": "P.S. 069 Journey Prep School", "grades": "PK,0K,01,02,03,04,05", "address": "560 THIERIOT AVENUE", "district": "8", "borough": "X", "status": "Open", "location_type": "General Academic", "category": "Elementary", "principal": "Sheila Durant", "phone": "718-378-4736", "NTA_name": "Soundview-Castle Hill-Clason Point-Harding Park", "managed_by": "DOE"}}, {"type": "Feature", "geometry": {"type": "Point", "coordinates": [-73.90807, 40.844236]}, "properties": {"system_code": "09X070", "location_code": "X070", "location_name": "P.S. 070 Max Schoenfeld", "grades": "0K,01,02,03,04,05", "address": "1691 WEEKS AVENUE", "district": "9", "borough": "X", "status": "Open", "location_type": "General Academic", "category": "Elementary", "principal": "KERRY CASTELLANO", "phone": "718-583-6000", "NTA_name": "Mount Hope", "managed_by": "DOE"}}, {"type": "Feature", "geometry": {"type": "Point", "coordinates": [-73.829562, 40.845379]}, "properties": {"system_code": "08X071", "location_code": "X071", "location_name": "P.S. 071 Rose E. Scala", "grades": "PK,0K,01,02,03,04,05,06,07,08", "address": "3040 ROBERTS AVENUE", "district": "8", "borough": "X", "status": "Open", "location_type": "General Academic", "category": "K-8", "principal": "Margaret Mirando", "phone": "718-822-5351", "NTA_name": "Pelham Bay-Country Club-City Island", "managed_by": "DOE"}}, {"type": "Feature", "geometry": {"type": "Point", "coordinates": [-73.818172, 40.823237]}, "properties": {"system_code": "08X072", "location_code": "X072", "location_name": "P.S. 072 Dr. William Dorney", "grades": "PK,0K,01,02,03,04,05,SE", "address": "2951 DEWEY AVENUE", "district": "8", "borough": "X", "status": "Open", "location_type": "General Academic", "category": "Elementary", "principal": "MARGARITA COLON", "phone": "718-822-5311", "NTA_name": "Schuylerville-Throgs Neck-Edgewater Park", "managed_by": "DOE"}}, {"type": "Feature", "geometry": {"type": "Point", "coordinates": [-73.926415, 40.832609]}, "properties": {"system_code": "09X073", "location_code": "X073", "location_name": "P.S. 073 Bronx", "grades": "PK,0K,01,02,03,04,05", "address": "1020 ANDERSON AVENUE", "district": "9", "borough": "X", "status": "Open", "location_type": "General Academic", "category": "Elementary", "principal": "Vivian Bueno", "phone": "718-681-6776", "NTA_name": "Highbridge", "managed_by": "DOE"}}, {"type": "Feature", "geometry": {"type": "Point", "coordinates": [-73.888948, 40.822314]}, "properties": {"system_code": "08X075", "location_code": "X075", "location_name": "P.S. 75 School of Research and Discovery", "grades": "PK,0K,01,02,03,04,05", "address": "984 FAILE STREET", "district": "8", "borough": "X", "status": "Open", "location_type": "General Academic", "category": "Elementary", "principal": "MARINES ARRIETA CRUZ", "phone": "718-860-1630", "NTA_name": "Hunts Point", "managed_by": "DOE"}}, {"type": "Feature", "geometry": {"type": "Point", "coordinates": [-73.860928, 40.869059]}, "properties": {"system_code": "11X076", "location_code": "X076", "location_name": "P.S. 076 The Bennington School", "grades": "0K,01,02,03,04,05", "address": "900 ADEE AVENUE", "district": "11", "borough": "X", "status": "Open", "location_type": "General Academic", "category": "Elementary", "principal": "DARLENE TERON", "phone": "718-882-8865", "NTA_name": "Allerton-Pelham Gardens", "managed_by": "DOE"}}, {"type": "Feature", "geometry": {"type": "Point", "coordinates": [-73.875375, 40.872559]}, "properties": {"system_code": "10X077", "location_code": "X077", "location_name": "Bedford Park Elementary School", "grades": "0K,01,02,03,04,05", "address": "3177 WEBSTER AVENUE", "district": "10", "borough": "X", "status": "Open", "location_type": "General Academic", "category": "Elementary", "principal": "CAROLYN HEREDIA", "phone": "718-696-6400", "NTA_name": "Norwood", "managed_by": "DOE"}}, {"type": "Feature", "geometry": {"type": "Point", "coordinates": [-73.850563, 40.878474]}, "properties": {"system_code": "11X078", "location_code": "X078", "location_name": "P.S. 078 Anne Hutchinson", "grades": "0K,01,02,03,04,05", "address": "1400 NEEDHAM AVENUE", "district": "11", "borough": "X", "status": "Open", "location_type": "General Academic", "category": "Elementary", "principal": "CLAUDINA SKERRITT", "phone": "718-652-1244", "NTA_name": "Eastchester-Edenwald-Baychester", "managed_by": "DOE"}}, {"type": "Feature", "geometry": {"type": "Point", "coordinates": [-73.903139, 40.855337]}, "properties": {"system_code": "10X079", "location_code": "X079", "location_name": "P.S. 079 Creston", "grades": "0K,01,02,03,04,05,06", "address": "125 EAST 181 STREET", "district": "10", "borough": "X", "status": "Closed", "location_type": "General Academic", "category": "Elementary", "principal": "Angelyn Donald", "phone": "718-584-4810", "NTA_name": "Fordham South", "managed_by": "DOE"}}, {"type": "Feature", "geometry": {"type": "Point", "coordinates": [-73.904657, 40.903275]}, "properties": {"system_code": "10X081", "location_code": "X081", "location_name": "P.S. 081 Robert J. Christen", "grades": "0K,01,02,03,04,05", "address": "5550 RIVERDALE AVENUE", "district": "10", "borough": "X", "status": "Open", "location_type": "General Academic", "category": "Elementary", "principal": "Anna Kirrane", "phone": "718-796-8965", "NTA_name": "North Riverdale-Fieldston-Riverdale", "managed_by": "DOE"}}, {"type": "Feature", "geometry": {"type": "Point", "coordinates": [-73.858769, 40.849176]}, "properties": {"system_code": "11X083", "location_code": "X083", "location_name": "P.S. 083 Donald Hertz", "grades": "0K,01,02,03,04,05,06,07,08", "address": "950 RHINELANDER AVENUE", "district": "11", "borough": "X", "status": "Open", "location_type": "General Academic", "category": "K-8", "principal": "Brandon Muccino", "phone": "718-863-1993", "NTA_name": "Van Nest-Morris Park-Westchester Square", "managed_by": "DOE"}}, {"type": "Feature", "geometry": {"type": "Point", "coordinates": [-73.894682, 40.858689]}, "properties": {"system_code": "10X085", "location_code": "X085", "location_name": "P.S. 085 Great Expectations", "grades": "0K,01,02,03,04,05", "address": "2400 MARION AVENUE", "district": "10", "borough": "X", "status": "Open", "location_type": "General Academic", "category": "Elementary", "principal": "SARA MEDINA", "phone": "718-584-5275", "NTA_name": "Fordham South", "managed_by": "DOE"}}, {"type": "Feature", "geometry": {"type": "Point", "coordinates": [-73.897066, 40.869061]}, "properties": {"system_code": "10X086", "location_code": "X086", "location_name": "P.S. 086 Kingsbridge Heights", "grades": "PK,0K,01,02,03,04,05,06", "address": "2756 RESERVOIR AVENUE", "district": "10", "borough": "X", "status": "Open", "location_type": "General Academic", "category": "Elementary", "principal": "Fiona Tyson", "phone": "718-584-5585", "NTA_name": "Van Cortlandt Village", "managed_by": "DOE"}}, {"type": "Feature", "geometry": {"type": "Point", "coordinates": [-73.846198, 40.895741]}, "properties": {"system_code": "11X087", "location_code": "X087", "location_name": "P.S. 087 Bronx", "grades": "0K,01,02,03,04,05", "address": "1935 BUSSING AVENUE", "district": "11", "borough": "X", "status": "Open", "location_type": "General Academic", "category": "Elementary", "principal": "DONNA ANAMAN", "phone": "718-324-5188", "NTA_name": "Woodlawn-Wakefield", "managed_by": "DOE"}}, {"type": "Feature", "geometry": {"type": "Point", "coordinates": [-73.859254, 40.862481]}, "properties": {"system_code": "11X089", "location_code": "X089", "location_name": "P.S. 089 Bronx", "grades": "PK,0K,01,02,03,04,05,06,07,08", "address": "980 MACE AVENUE", "district": "11", "borough": "X", "status": "Open", "location_type": "General Academic", "category": "K-8", "principal": "RALPH MARTINEZ", "phone": "718-653-0835", "NTA_name": "Bronxdale", "managed_by": "DOE"}}, {"type": "Feature", "geometry": {"type": "Point", "coordinates": [-73.917526, 40.831873]}, "properties": {"system_code": "09X090", "location_code": "X090", "location_name": "P.S. 090 George Meany", "grades": "0K,01,02,03,04", "address": "1116 SHERIDAN AVENUE", "district": "9", "borough": "X", "status": "Closed", "location_type": "General Academic", "category": "Elementary", "principal": "JOAN KONG", "phone": "718-681-7023", "NTA_name": "East Concourse-Concourse Village", "managed_by": "DOE"}}, {"type": "Feature", "geometry": {"type": "Point", "coordinates": [-73.907494, 40.858286]}, "properties": {"system_code": "10X091", "location_code": "X091", "location_name": "P.S. 091 Bronx", "grades": "0K,01,02,03,04,05", "address": "2200 AQUEDUCT AVENUE", "district": "10", "borough": "X", "status": "Open", "location_type": "General Academic", "category": "Elementary", "principal": "Meridith Struhl Nasjlett", "phone": "718-584-5805", "NTA_name": "University Heights-Morris Heights", "managed_by": "DOE"}}, {"type": "Feature", "geometry": {"type": "Point", "coordinates": [-73.907494, 40.858286]}, "properties": {"system_code": "10X091", "location_code": "X091", "location_name": "P.S. 091 Bronx", "grades": "0K,01,02,03,04,05", "address": "2200 AQUEDUCT AVENUE", "district": "10", "borough": "X", "status": "Open", "location_type": "General Academic", "category": "Elementary", "principal": "Meridith Struhl Nasjlett", "phone": "718-584-5805", "NTA_name": "University Heights-Morris Heights", "managed_by": "DOE"}}, {"type": "Feature", "geometry": {"type": "Point", "coordinates": [-73.889602, 40.846205]}, "properties": {"system_code": "12X092", "location_code": "X092", "location_name": "P.S. 092 Bronx", "grades": "PK,0K,01,02,03,04,05", "address": "700 EAST 179 STREET", "district": "12", "borough": "X", "status": "Closed", "location_type": "General Academic", "category": "Elementary", "principal": "Yasmin Lugo", "phone": "718-731-7900", "NTA_name": "East Tremont", "managed_by": "DOE"}}, {"type": "Feature", "geometry": {"type": "Point", "coordinates": [-73.877274, 40.822522]}, "properties": {"system_code": "08X093", "location_code": "X093", "location_name": "P.S. 093 Albert G. Oliver", "grades": "PK,0K,01,02,03,04,05", "address": "1535 STORY AVENUE", "district": "8", "borough": "X", "status": "Open", "location_type": "General Academic", "category": "Elementary", "principal": "Jonathan Kaplan", "phone": "718-430-1700", "NTA_name": "Soundview-Castle Hill-Clason Point-Harding Park", "managed_by": "DOE"}}, {"type": "Feature", "geometry": {"type": "Point", "coordinates": [-73.875268, 40.880661]}, "properties": {"system_code": "10X094", "location_code": "X094", "location_name": "P.S. 094 Kings College School", "grades": "0K,01,02,03,04,05", "address": "3530 KINGS COLLEGE PLACE", "district": "10", "borough": "X", "status": "Open", "location_type": "General Academic", "category": "Elementary", "principal": "DIANE DAPROCIDA-SESIN", "phone": "718-405-6345", "NTA_name": "Norwood", "managed_by": "DOE"}}, {"type": "Feature", "geometry": {"type": "Point", "coordinates": [-73.891664, 40.883049]}, "properties": {"system_code": "10X095", "location_code": "X095", "location_name": "P.S. 095 Sheila Mencher", "grades": "PK,0K,01,02,03,04,05,06,07,08", "address": "3961 HILLMAN AVENUE", "district": "10", "borough": "X", "status": "Open", "location_type": "General Academic", "category": "K-8", "principal": "SERGE DAVIS", "phone": "718-796-9200", "NTA_name": "Van Cortlandt Village", "managed_by": "DOE"}}, {"type": "Feature", "geometry": {"type": "Point", "coordinates": [-73.868986, 40.86073]}, "properties": {"system_code": "11X096", "location_code": "X096", "location_name": "P.S. 096 Richard Rodgers", "grades": "0K,01,02,03,04,05", "address": "2385 OLINVILLE AVENUE", "district": "11", "borough": "X", "status": "Open", "location_type": "General Academic", "category": "Elementary", "principal": "JOAN VETERE", "phone": "718-652-4959", "NTA_name": "Bronxdale", "managed_by": "DOE"}}, {"type": "Feature", "geometry": {"type": "Point", "coordinates": [-73.868986, 40.86073]}, "properties": {"system_code": "11X096", "location_code": "X096", "location_name": "P.S. 096 Richard Rodgers", "grades": "0K,01,02,03,04,05", "address": "2385 OLINVILLE AVENUE", "district": "11", "borough": "X", "status": "Open", "location_type": "General Academic", "category": "Elementary", "principal": "JOAN VETERE", "phone": "718-652-4959", "NTA_name": "Bronxdale", "managed_by": "DOE"}}, {"type": "Feature", "geometry": {"type": "Point", "coordinates": [-73.846768, 40.863524]}, "properties": {"system_code": "11X097", "location_code": "X097", "location_name": "P.S. 097 Bronx", "grades": "PK,0K,01,02,03,04,05", "address": "1375 MACE AVENUE", "district": "11", "borough": "X", "status": "Open", "location_type": "General Academic", "category": "Elementary", "principal": "KATHELEEN BORNKAMP", "phone": "718-655-4446", "NTA_name": "Allerton-Pelham Gardens", "managed_by": "DOE"}}, {"type": "Feature", "geometry": {"type": "Point", "coordinates": [-73.86276, 40.822552]}, "properties": {"system_code": "08X100", "location_code": "X100", "location_name": "P.S. 100 Isaac Clason", "grades": "PK,0K,01,02,03,04,05", "address": "800 TAYLOR AVENUE", "district": "8", "borough": "X", "status": "Open", "location_type": "General Academic", "category": "Elementary", "principal": "ARIANA ARBOLINO", "phone": "718-842-1461", "NTA_name": "Soundview-Castle Hill-Clason Point-Harding Park", "managed_by": "DOE"}}, {"type": "Feature", "geometry": {"type": "Point", "coordinates": [-73.866038, 40.838151]}, "properties": {"system_code": "12X102", "location_code": "X102", "location_name": "P.S. 102 Joseph O. Loretan", "grades": "PK,0K,01,02,03,04,05", "address": "1827 ARCHER STREET", "district": "12", "borough": "X", "status": "Closed", "location_type": "General Academic", "category": "Elementary", "principal": "TANYUA TREZEVANTTE", "phone": "718-792-4003", "NTA_name": "West Farms-Bronx River", "managed_by": "DOE"}}, {"type": "Feature", "geometry": {"type": "Point", "coordinates": [-73.86194, 40.892198]}, "properties": {"system_code": "11X103", "location_code": "X103", "location_name": "P.S. 103 Hector Fontanez", "grades": "0K,01,02,03,04,05", "address": "4125 CARPENTER AVENUE", "district": "11", "borough": "X", "status": "Open", "location_type": "General Academic", "category": "Elementary", "principal": "Farid Reyes", "phone": "718-655-0261", "NTA_name": "Williamsbridge-Olinville", "managed_by": "DOE"}}, {"type": "Feature", "geometry": {"type": "Point", "coordinates": [-73.866264, 40.853075]}, "properties": {"system_code": "11X105", "location_code": "X105", "location_name": "P.S. 105 Sen Abraham Bernstein", "grades": "0K,01,02,03,04,05", "address": "725 BRADY AVENUE", "district": "11", "borough": "X", "status": "Open", "location_type": "General Academic", "category": "Elementary", "principal": "CHRISTOPHE EUSTACE", "phone": "718-824-7350", "NTA_name": "Pelham Parkway", "managed_by": "DOE"}}, {"type": "Feature", "geometry": {"type": "Point", "coordinates": [-73.854823, 40.836974]}, "properties": {"system_code": "11X106", "location_code": "X106", "location_name": "P.S. 106 Parkchester", "grades": "PK,0K,01,02,03,04,05", "address": "1514 OLMSTEAD AVENUE", "district": "11", "borough": "X", "status": "Open", "location_type": "General Academic", "category": "Elementary", "principal": "EUGENIA MONTALVO", "phone": "718-892-1006", "NTA_name": "Parkchester", "managed_by": "DOE"}}, {"type": "Feature", "geometry": {"type": "Point", "coordinates": [-73.868735, 40.819221]}, "properties": {"system_code": "08X107", "location_code": "X107", "location_name": "P.S. 107", "grades": "PK,0K,01,02,03,04,05", "address": "1695 SEWARD AVENUE", "district": "8", "borough": "X", "status": "Open", "location_type": "General Academic", "category": "Elementary", "principal": "Katherine Hamm", "phone": "718-860-8760", "NTA_name": "Soundview-Castle Hill-Clason Point-Harding Park", "managed_by": "DOE"}}, {"type": "Feature", "geometry": {"type": "Point", "coordinates": [-73.8532, 40.8547]}, "properties": {"system_code": "11X108", "location_code": "X108", "location_name": "P.S. 108 Philip J. Abinanti", "grades": "0K,01,02,03,04,05", "address": "1166 NEILL AVENUE", "district": "11", "borough": "X", "status": "Open", "location_type": "General Academic", "category": "Elementary", "principal": "CHARLES SPERRAZZA", "phone": "718-863-9829", "NTA_name": "Pelham Parkway", "managed_by": "DOE"}}, {"type": "Feature", "geometry": {"type": "Point", "coordinates": [-73.918991, 40.851661]}, "properties": {"system_code": "09X109", "location_code": "X109", "location_name": "P.S. 109 Sedgwick", "grades": "PK,0K,01,02,03,04,05", "address": "1771 POPHAM AVENUE", "district": "9", "borough": "X", "status": "Open", "location_type": "General Academic", "category": "Elementary", "principal": "Josette Claudio", "phone": "718-583-8878", "NTA_name": "University Heights-Morris Heights", "managed_by": "DOE"}}, {"type": "Feature", "geometry": {"type": "Point", "coordinates": [-73.900654, 40.83447]}, "properties": {"system_code": "09X110", "location_code": "X110", "location_name": "P.S. 110 Theodore Schoenfeld", "grades": "PK,0K,01,02,03,04,05", "address": "580 CROTONA PARK SOUTH", "district": "9", "borough": "X", "status": "Open", "location_type": "General Academic", "category": "Elementary", "principal": "MARISOL FEIJOO", "phone": "718-861-0759", "NTA_name": "Morrisania-Melrose", "managed_by": "DOE"}}, {"type": "Feature", "geometry": {"type": "Point", "coordinates": [-73.839288, 40.884371]}, "properties": {"system_code": "11X111", "location_code": "X111", "location_name": "P.S. 111 Seton Falls", "grades": "PK,0K,01,02,03,04,05", "address": "3740 BAYCHESTER AVENUE", "district": "11", "borough": "X", "status": "Open", "location_type": "General Academic", "category": "Elementary", "principal": "Celina Gutierrez", "phone": "718-881-2418", "NTA_name": "Eastchester-Edenwald-Baychester", "managed_by": "DOE"}}, {"type": "Feature", "geometry": {"type": "Point", "coordinates": [-73.843977, 40.88494]}, "properties": {"system_code": "11X112", "location_code": "X112", "location_name": "P.S. 112 Bronxwood", "grades": "PK,0K,01,02,03,04,05", "address": "1925 SCHIEFFELIN AVENUE", "district": "11", "borough": "X", "status": "Open", "location_type": "General Academic", "category": "Elementary", "principal": "ANDREA TUCCI", "phone": "718-654-6377", "NTA_name": "Eastchester-Edenwald-Baychester", "managed_by": "DOE"}}, {"type": "Feature", "geometry": {"type": "Point", "coordinates": [-73.923297, 40.834979]}, "properties": {"system_code": "09X114", "location_code": "X114", "location_name": "P.S. X114 - Luis Llorens Torres Schools", "grades": "0K,01,02,03,04", "address": "1155 CROMWELL AVENUE", "district": "9", "borough": "X", "status": "Open", "location_type": "General Academic", "category": "Elementary", "principal": "OLIVIA FRANCIS WEBBER", "phone": "718-681-7507", "NTA_name": "West Concourse", "managed_by": "DOE"}}, {"type": "Feature", "geometry": {"type": "Point", "coordinates": [-73.857392, 40.828474]}, "properties": {"system_code": "08X119", "location_code": "X119", "location_name": "The Dr. Emmett W. Bassett School", "grades": "PK,0K,01,02,03,04,05", "address": "1075 PUGSLEY AVENUE", "district": "8", "borough": "X", "status": "Open", "location_type": "General Academic", "category": "Elementary", "principal": "Kimberly Nohavicka", "phone": "718-822-5198", "NTA_name": "Soundview-Bruckner", "managed_by": "DOE"}}, {"type": "Feature", "geometry": {"type": "Point", "coordinates": [-73.85051, 40.866474]}, "properties": {"system_code": "11X121", "location_code": "X121", "location_name": "P.S. 121 Throop", "grades": "PK,0K,01,02,03,04,05", "address": "2750 THROOP AVENUE", "district": "11", "borough": "X", "status": "Open", "location_type": "General Academic", "category": "Elementary", "principal": "Jared Kreiner", "phone": "718-654-2055", "NTA_name": "Allerton-Pelham Gardens", "managed_by": "DOE"}}, {"type": "Feature", "geometry": {"type": "Point", "coordinates": [-73.85051, 40.866474]}, "properties": {"system_code": "11X121", "location_code": "X121", "location_name": "P.S. 121 Throop", "grades": "PK,0K,01,02,03,04,05", "address": "2750 THROOP AVENUE", "district": "11", "borough": "X", "status": "Open", "location_type": "General Academic", "category": "Elementary", "principal": "Jared Kreiner", "phone": "718-654-2055", "NTA_name": "Allerton-Pelham Gardens", "managed_by": "DOE"}}, {"type": "Feature", "geometry": {"type": "Point", "coordinates": [-73.890145, 40.843705]}, "properties": {"system_code": "84X124", "location_code": "X124", "location_name": "Children's Aid College Prep Charter School", "grades": "0K,01,02,03,04,05,06,07,08", "address": "1919 PROSPECT AVENUE", "district": "12", "borough": "X", "status": "Open", "location_type": "General Academic", "category": "K-8", "principal": "Casey Vier/Dr. Robin Fleshman", "phone": "347-871-9002", "NTA_name": "East Tremont", "managed_by": "Charter"}}, {"type": "Feature", "geometry": {"type": "Point", "coordinates": [-73.9282, 40.835866]}, "properties": {"system_code": "09X126", "location_code": "X126", "location_name": "P.S. 126 Dr Marjorie H Dunbar", "grades": "PK,0K,01,02,03,04,05,06", "address": "175 WEST 166 STREET", "district": "9", "borough": "X", "status": "Open", "location_type": "General Academic", "category": "Elementary", "principal": "PRINCESS KENT", "phone": "718-681-6120", "NTA_name": "Highbridge", "managed_by": "DOE"}}, {"type": "Feature", "geometry": {"type": "Point", "coordinates": [-73.901709, 40.817742]}, "properties": {"system_code": "08X130", "location_code": "X130", "location_name": "P.S. 130 Abram Stevens Hewitt", "grades": "PK,0K,01,02,03,04,05", "address": "750 PROSPECT AVENUE", "district": "8", "borough": "X", "status": "Open", "location_type": "General Academic", "category": "Elementary", "principal": "LOURDES VELAZQUEZ", "phone": "718-665-0962", "NTA_name": "Longwood", "managed_by": "DOE"}}, {"type": "Feature", "geometry": {"type": "Point", "coordinates": [-73.907133, 40.832175]}, "properties": {"system_code": "09X132", "location_code": "X132", "location_name": "P.S. 132 Garret A. Morgan", "grades": "PK,0K,01,02,03,04,05", "address": "1245 WASHINGTON AVENUE", "district": "9", "borough": "X", "status": "Open", "location_type": "General Academic", "category": "Elementary", "principal": "ANISSA REILLY", "phone": "718-681-6455", "NTA_name": "Claremont-Bathgate", "managed_by": "DOE"}}, {"type": "Feature", "geometry": {"type": "Point", "coordinates": [-73.897943, 40.841758]}, "properties": {"system_code": "84X133", "location_code": "X133", "location_name": "Icahn Charter School 6", "grades": "0K,01,02,03,04,05,06,07,08", "address": "1701 FULTON AVENUE", "district": "9", "borough": "X", "status": "Open", "location_type": "General Academic", "category": "K-8", "principal": "Jason Cartagena", "phone": "718-294-1706", "NTA_name": "Claremont-Bathgate", "managed_by": "Charter"}}, {"type": "Feature", "geometry": {"type": "Point", "coordinates": [-73.894241, 40.831613]}, "properties": {"system_code": "12X134", "location_code": "X134", "location_name": "P.S. 134 George F. Bristow", "grades": "PK,0K,01,02,03,04,05", "address": "1330 BRISTOW STREET", "district": "12", "borough": "X", "status": "Open", "location_type": "General Academic", "category": "Elementary", "principal": "MARTIN ALVARADO", "phone": "718-328-3351", "NTA_name": "Crotona Park East", "managed_by": "DOE"}}, {"type": "Feature", "geometry": {"type": "Point", "coordinates": [-73.853157, 40.822288]}, "properties": {"system_code": "08X138", "location_code": "X138", "location_name": "P.S. 138 Samuel Randall", "grades": "PK,0K,01,02,03,04,05", "address": "2060 LAFAYETTE AVENUE", "district": "8", "borough": "X", "status": "Open", "location_type": "General Academic", "category": "Elementary", "principal": "Jeanna Dickerson", "phone": "718-822-5325", "NTA_name": "Soundview-Castle Hill-Clason Point-Harding Park", "managed_by": "DOE"}}, {"type": "Feature", "geometry": {"type": "Point", "coordinates": [-73.907489, 40.823318]}, "properties": {"system_code": "08X140", "location_code": "X140", "location_name": "P.S. X140 The Eagle School", "grades": "PK,0K,01,02,03,04,05", "address": "916 EAGLE AVENUE", "district": "8", "borough": "X", "status": "Open", "location_type": "General Academic", "category": "Elementary", "principal": "PAUL CANNON", "phone": "718-585-1205", "NTA_name": "Morrisania-Melrose", "managed_by": "DOE"}}, {"type": "Feature", "geometry": {"type": "Point", "coordinates": [-73.905734, 40.824717]}, "properties": {"system_code": "08X146", "location_code": "X146", "location_name": "P.S. 146 Edward Collins", "grades": "PK,0K,01,02,03,04,05", "address": "968 CAULDWELL AVENUE", "district": "8", "borough": "X", "status": "Open", "location_type": "General Academic", "category": "Elementary", "principal": "Ronald Laurent", "phone": "718-378-9664", "NTA_name": "Morrisania-Melrose", "managed_by": "DOE"}}, {"type": "Feature", "geometry": {"type": "Point", "coordinates": [-73.894349, 40.82471]}, "properties": {"system_code": "12X150", "location_code": "X150", "location_name": "P.S. 150 Charles James Fox", "grades": "PK,0K,01,02,03,04,05", "address": "920 EAST 167 STREET", "district": "12", "borough": "X", "status": "Open", "location_type": "General Academic", "category": "Elementary", "principal": "NORMA SANCHEZ", "phone": "718-328-7729", "NTA_name": "Hunts Point", "managed_by": "DOE"}}, {"type": "Feature", "geometry": {"type": "Point", "coordinates": [-73.880479, 40.823941]}, "properties": {"system_code": "08X152", "location_code": "X152", "location_name": "P.S. 152 Evergreen", "grades": "PK,0K,01,02,03,04,05,SE", "address": "1007 EVERGREEN AVENUE", "district": "8", "borough": "X", "status": "Open", "location_type": "General Academic", "category": "Elementary", "principal": "Christine Baez", "phone": "718-589-4560", "NTA_name": "Soundview-Bruckner", "managed_by": "DOE"}}, {"type": "Feature", "geometry": {"type": "Point", "coordinates": [-73.831669, 40.874035]}, "properties": {"system_code": "11X153", "location_code": "X153", "location_name": "P.S. 153 Helen Keller", "grades": "0K,01,02,03,04,05", "address": "650 BAYCHESTER AVENUE", "district": "11", "borough": "X", "status": "Open", "location_type": "General Academic", "category": "Elementary", "principal": "KELLEY, MEGHAN", "phone": "718-904-5550", "NTA_name": "Co-op City", "managed_by": "DOE"}}, {"type": "Feature", "geometry": {"type": "Point", "coordinates": [-73.925459, 40.808194]}, "properties": {"system_code": "07X154", "location_code": "X154", "location_name": "P.S. 154 Jonathan D. Hyatt", "grades": "PK,0K,01,02,03,04,05", "address": "333 EAST 135 STREET", "district": "7", "borough": "X", "status": "Open", "location_type": "General Academic", "category": "Elementary", "principal": "Dr. Alison Coviello", "phone": "718-292-4742", "NTA_name": "Mott Haven-Port Morris", "managed_by": "DOE"}}, {"type": "Feature", "geometry": {"type": "Point", "coordinates": [-73.9204, 40.8222]}, "properties": {"system_code": "07X156", "location_code": "X156", "location_name": "P.S. 156 Benjamin Banneker", "grades": "PK,0K,01,02,03,04,05,06", "address": "750 CONCOURSE VILLAGE W", "district": "7", "borough": "X", "status": "Closed", "location_type": "General Academic", "category": "Elementary", "principal": "James Lee", "phone": "718-292-5070", "NTA_name": "East Concourse-Concourse Village", "managed_by": "DOE"}}, {"type": "Feature", "geometry": {"type": "Point", "coordinates": [-73.908965, 40.819419]}, "properties": {"system_code": "07X157", "location_code": "X157", "location_name": "P.S. 157 Grove Hill", "grades": "PK,0K,01,02,03,04,05", "address": "757 CAULDWELL AVENUE", "district": "7", "borough": "X", "status": "Open", "location_type": "General Academic", "category": "Elementary", "principal": "RAMONA DURAN", "phone": "718-292-5255", "NTA_name": "Melrose South-Mott Haven North", "managed_by": "DOE"}}, {"type": "Feature", "geometry": {"type": "Point", "coordinates": [-73.893136, 40.85568]}, "properties": {"system_code": "10X159", "location_code": "X159", "location_name": "P.S. 159 Luis Munoz Marin Biling", "grades": "0K,01,02,03,04,05", "address": "2315 WASHINGTON AVENUE", "district": "10", "borough": "X", "status": "Open", "location_type": "General Academic", "category": "Elementary", "principal": "LUIS LIZ", "phone": "718-584-6140", "NTA_name": "Claremont-Bathgate", "managed_by": "DOE"}}, {"type": "Feature", "geometry": {"type": "Point", "coordinates": [-73.823816, 40.864073]}, "properties": {"system_code": "11X160", "location_code": "X160", "location_name": "P.S. 160 Walt Disney", "grades": "0K,01,02,03,04,05", "address": "4140 HUTCHINSON RIVER PKWAY EA", "district": "11", "borough": "X", "status": "Open", "location_type": "General Academic", "category": "Elementary", "principal": "LORI BAKER", "phone": "718-822-8402", "NTA_name": "Co-op City", "managed_by": "DOE"}}, {"type": "Feature", "geometry": {"type": "Point", "coordinates": [-73.905233, 40.814168]}, "properties": {"system_code": "07X161", "location_code": "X161", "location_name": "P.S. 161 Juan Ponce De Leon School", "grades": "PK,0K,01,02,03,04,05", "address": "628 TINTON AVENUE", "district": "7", "borough": "X", "status": "Open", "location_type": "General Academic", "category": "Elementary", "principal": "Eliamarie Soto", "phone": "718-292-5478", "NTA_name": "Melrose South-Mott Haven North", "managed_by": "DOE"}}, {"type": "Feature", "geometry": {"type": "Point", "coordinates": [-73.899005, 40.8517]}, "properties": {"system_code": "09X163", "location_code": "X163", "location_name": "P.S. 163 Arthur A. Schomburg", "grades": "0K,01,02,03,04,05", "address": "2075 WEBSTER AVENUE", "district": "9", "borough": "X", "status": "Open", "location_type": "General Academic", "category": "Elementary", "principal": "Barbara Headley", "phone": "718-584-3045", "NTA_name": "Mount Hope", "managed_by": "DOE"}}, {"type": "Feature", "geometry": {"type": "Point", "coordinates": [-73.858773, 40.818442]}, "properties": {"system_code": "84X165", "location_code": "X165", "location_name": "Grand Concourse Charter School", "grades": "0K,01,02,03,04,05", "address": "625 BOLTON AVENUE", "district": "8", "borough": "X", "status": "Open", "location_type": "General Academic", "category": "K-8", "principal": "Ira Victor", "phone": "718-590-1300", "NTA_name": "Soundview-Castle Hill-Clason Point-Harding Park", "managed_by": "Charter"}}, {"type": "Feature", "geometry": {"type": "Point", "coordinates": [-73.839386, 40.881344]}, "properties": {"system_code": "11X169", "location_code": "X169", "location_name": "Baychester Academy", "grades": "PK,0K,01,02,03,04,05", "address": "3500 EDSON AVENUE", "district": "11", "borough": "X", "status": "Open", "location_type": "General Academic", "category": "Elementary", "principal": "Kendra Gardner", "phone": "718-325-1138", "NTA_name": "Eastchester-Edenwald-Baychester", "managed_by": "DOE"}}, {"type": "Feature", "geometry": {"type": "Point", "coordinates": [-73.78354, 40.844353]}, "properties": {"system_code": "11X175", "location_code": "X175", "location_name": "P.S. 175 City Island", "grades": "0K,01,02,03,04,05,06,07,08", "address": "200 CITY ISLAND AVENUE", "district": "11", "borough": "X", "status": "Open", "location_type": "General Academic", "category": "K-8", "principal": "JULIE PORRAS", "phone": "718-885-1093", "NTA_name": "Pelham Bay-Country Club-City Island", "managed_by": "DOE"}}, {"type": "Feature", "geometry": {"type": "Point", "coordinates": [-73.831669, 40.874035]}, "properties": {"system_code": "11X178", "location_code": "X178", "location_name": "P.S. 178 - Dr. Selman Waksman", "grades": "0K,01,02,03,04,05", "address": "850 BAYCHESTER AVENUE", "district": "11", "borough": "X", "status": "Open", "location_type": "General Academic", "category": "Elementary", "principal": "Schwanna Ellman", "phone": "718-904-5570", "NTA_name": "Co-op City", "managed_by": "DOE"}}, {"type": "Feature", "geometry": {"type": "Point", "coordinates": [-73.919773, 40.80908]}, "properties": {"system_code": "07X179", "location_code": "X179", "location_name": "P.S. 179", "grades": "PK,0K,01,02,03,04,05", "address": "468 EAST 140 STREET", "district": "7", "borough": "X", "status": "Open", "location_type": "General Academic", "category": "Elementary", "principal": "SHERRY FONT WILLIAMS", "phone": "718-292-2237", "NTA_name": "Mott Haven-Port Morris", "managed_by": "DOE"}}, {"type": "Feature", "geometry": {"type": "Point", "coordinates": [-73.856976, 40.818925]}, "properties": {"system_code": "08X182", "location_code": "X182", "location_name": "P.S. 182", "grades": "PK,0K,01,02,03,04,05", "address": "601 STICKBALL BOULEVARD", "district": "8", "borough": "X", "status": "Open", "location_type": "General Academic", "category": "Elementary", "principal": "ANNE OGRADY", "phone": "718-828-6607", "NTA_name": "Soundview-Castle Hill-Clason Point-Harding Park", "managed_by": "DOE"}}, {"type": "Feature", "geometry": {"type": "Point", "coordinates": [-73.856976, 40.818925]}, "properties": {"system_code": "08X182", "location_code": "X182", "location_name": "P.S. 182", "grades": "PK,0K,01,02,03,04,05", "address": "601 STICKBALL BOULEVARD", "district": "8", "borough": "X", "status": "Open", "location_type": "General Academic", "category": "Elementary", "principal": "ANNE OGRADY", "phone": "718-828-6607", "NTA_name": "Soundview-Castle Hill-Clason Point-Harding Park", "managed_by": "DOE"}}, {"type": "Feature", "geometry": {"type": "Point", "coordinates": [-73.830616, 40.882778]}, "properties": {"system_code": "11X189", "location_code": "X189", "location_name": "Cornerstone Academy for Social Action", "grades": "PK,0K,01,02,03,04,05", "address": "3441 STEENWICK AVENUE", "district": "11", "borough": "X", "status": "Open", "location_type": "General Academic", "category": "Elementary", "principal": "James Bellon", "phone": "718-794-6160", "NTA_name": "Co-op City", "managed_by": "DOE"}}, {"type": "Feature", "geometry": {"type": "Point", "coordinates": [-73.846594, 40.83541]}, "properties": {"system_code": "11X194", "location_code": "X194", "location_name": "P.S./M.S. 194", "grades": "0K,01,02,03,04,05,06,07,08", "address": "2365 WATERBURY AVENUE", "district": "11", "borough": "X", "status": "Open", "location_type": "General Academic", "category": "K-8", "principal": "Rosa Sifuentes-Rosado", "phone": "718-892-5270", "NTA_name": "Westchester-Unionport", "managed_by": "DOE"}}, {"type": "Feature", "geometry": {"type": "Point", "coordinates": [-73.877305, 40.830811]}, "properties": {"system_code": "12X195", "location_code": "X195", "location_name": "P.S. 195", "grades": "02,03,04,05", "address": "1250 WARD AVENUE", "district": "12", "borough": "X", "status": "Open", "location_type": "General Academic", "category": "Elementary", "principal": "Richard Webster", "phone": "718-861-4461", "NTA_name": "West Farms-Bronx River", "managed_by": "DOE"}}, {"type": "Feature", "geometry": {"type": "Point", "coordinates": [-73.877305, 40.830811]}, "properties": {"system_code": "12X196", "location_code": "X196", "location_name": "P.S. 196", "grades": "02,03,04,05", "address": "1250 WARD AVENUE", "district": "12", "borough": "X", "status": "Open", "location_type": "General Academic", "category": "Elementary", "principal": "LIZZETTE GRACIANI", "phone": "718-328-7187", "NTA_name": "West Farms-Bronx River", "managed_by": "DOE"}}, {"type": "Feature", "geometry": {"type": "Point", "coordinates": [-73.900121, 40.828406]}, "properties": {"system_code": "12X198", "location_code": "X198", "location_name": "P.S. 198", "grades": "0K,01,02,03,04,05", "address": "1180 TINTON AVENUE", "district": "12", "borough": "X", "status": "Closed", "location_type": "General Academic", "category": "Elementary", "principal": "RONNIE NELSON", "phone": "718-842-5656", "NTA_name": "Morrisania-Melrose", "managed_by": "DOE"}}, {"type": "Feature", "geometry": {"type": "Point", "coordinates": [-73.920826, 40.843453]}, "properties": {"system_code": "09X199", "location_code": "X199", "location_name": "P.S. 199X - The Shakespeare School", "grades": "PK,0K,01,02,03,04,05", "address": "1449 SHAKESPEARE AVENUE", "district": "9", "borough": "X", "status": "Open", "location_type": "General Academic", "category": "Elementary", "principal": "YASMIN QUEZADA", "phone": "718-681-7172", "NTA_name": "Highbridge", "managed_by": "DOE"}}, {"type": "Feature", "geometry": {"type": "Point", "coordinates": [-73.915217, 40.849416]}, "properties": {"system_code": "09X204", "location_code": "X204", "location_name": "P.S. 204 Morris Heights", "grades": "0K,01,02,03,04,05", "address": "1780 DR. MARTIN LUTHER KING JR. BLVD", "district": "9", "borough": "X", "status": "Open", "location_type": "General Academic", "category": "Elementary", "principal": "Amanda Blatter", "phone": "718-960-9520", "NTA_name": "University Heights-Morris Heights", "managed_by": "DOE"}}, {"type": "Feature", "geometry": {"type": "Point", "coordinates": [-73.881753, 40.855759]}, "properties": {"system_code": "10X205", "location_code": "X205", "location_name": "P.S. 205 Fiorello LaGuardia", "grades": "0K,01,02,03,04,05", "address": "2475 SOUTHERN BOULEVARD", "district": "10", "borough": "X", "status": "Open", "location_type": "General Academic", "category": "Elementary", "principal": "Jenneth Santiago", "phone": "718-584-6390", "NTA_name": "Belmont", "managed_by": "DOE"}}, {"type": "Feature", "geometry": {"type": "Point", "coordinates": [-73.890145, 40.843705]}, "properties": {"system_code": "12X211", "location_code": "X211", "location_name": "P.S. 211", "grades": "PK,0K,01,02,03,04,05,06,07,08", "address": "1919 PROSPECT AVENUE", "district": "12", "borough": "X", "status": "Open", "location_type": "General Academic", "category": "K-8", "principal": "Tanya Drummond", "phone": "718-901-0436", "NTA_name": "East Tremont", "managed_by": "DOE"}}, {"type": "Feature", "geometry": {"type": "Point", "coordinates": [-73.900121, 40.828406]}, "properties": {"system_code": "12X212", "location_code": "X212", "location_name": "P.S. 212", "grades": "0K,01,02,03,04,05", "address": "1180 TINTON AVENUE", "district": "12", "borough": "X", "status": "Open", "location_type": "General Academic", "category": "K-8", "principal": "Fatimah Ali", "phone": "718-842-2331", "NTA_name": "Morrisania-Melrose", "managed_by": "DOE"}}, {"type": "Feature", "geometry": {"type": "Point", "coordinates": [-73.879931, 40.839297]}, "properties": {"system_code": "12X214", "location_code": "X214", "location_name": "P.S. 214", "grades": "PK,0K,01,02,03,04,05,06,07,08", "address": "1970 WEST FARMS ROAD", "district": "12", "borough": "X", "status": "Open", "location_type": "General Academic", "category": "K-8", "principal": "DAVID CINTRON", "phone": "718-589-6728", "NTA_name": "Crotona Park East", "managed_by": "DOE"}}, {"type": "Feature", "geometry": {"type": "Point", "coordinates": [-73.919571, 40.835681]}, "properties": {"system_code": "09X218", "location_code": "X218", "location_name": "P.S./I.S. 218 Rafael Hernandez Dual Language Magne", "grades": "0K,01,02,03,04,05,06,07,08", "address": "1220 GERARD AVENUE", "district": "9", "borough": "X", "status": "Open", "location_type": "General Academic", "category": "K-8", "principal": "SERGIO CACERES", "phone": "718-410-7230", "NTA_name": "West Concourse", "managed_by": "DOE"}}, {"type": "Feature", "geometry": {"type": "Point", "coordinates": [-73.9199, 40.8095]}, "properties": {"system_code": "07X220", "location_code": "X220", "location_name": "P.S. 220 Mott Haven Village School", "grades": "0K,01,02,03,04,05", "address": "468 EAST 140 STREET", "district": "7", "borough": "X", "status": "Closed", "location_type": "General Academic", "category": "K-8", "principal": "Michele Kahn", "phone": "718-292-7391", "NTA_name": "Mott Haven-Port Morris", "managed_by": "DOE"}}, {"type": "Feature", "geometry": {"type": "Point", "coordinates": [-73.916076, 40.855822]}, "properties": {"system_code": "10X226", "location_code": "X226", "location_name": "P.S. 226", "grades": "PK,0K,01,02,03,04", "address": "1950 SEDGWICK AVENUE", "district": "10", "borough": "X", "status": "Open", "location_type": "General Academic", "category": "Elementary", "principal": "GLORIA DARDEN", "phone": "929-452-3090", "NTA_name": "University Heights-Morris Heights", "managed_by": "DOE"}}, {"type": "Feature", "geometry": {"type": "Point", "coordinates": [-73.9216, 40.8524]}, "properties": {"system_code": "09X230", "location_code": "X230", "location_name": "P.S. 230 Dr Roland N. Patterson", "grades": "0K,01,02,03,04", "address": "275 HARLEM RIVER PARK BRIDGE", "district": "9", "borough": "X", "status": "Closed", "location_type": "General Academic", "category": "Elementary", "principal": "Rosalind Hoyte", "phone": "718-583-6116", "NTA_name": "University Heights-Morris Heights", "managed_by": "DOE"}}, {"type": "Feature", "geometry": {"type": "Point", "coordinates": [-73.925416, 40.811562]}, "properties": {"system_code": "84X233", "location_code": "X233", "location_name": "Family Life Academy Charter School II", "grades": "0K,01,02,03,04,05,06,07,08", "address": "296 EAST 140 STREET", "district": "7", "borough": "X", "status": "Open", "location_type": "General Academic", "category": "K-8", "principal": "Kathy Ortiz", "phone": "718-410-8100", "NTA_name": "Mott Haven-Port Morris", "managed_by": "Charter"}}, {"type": "Feature", "geometry": {"type": "Point", "coordinates": [-73.8874, 40.8462]}, "properties": {"system_code": "12X234", "location_code": "X234", "location_name": "PS 234 Twin Parks", "grades": "0K,01,02,03,04", "address": "2050 PROSPECT AVENUE", "district": "12", "borough": "X", "status": "Closed", "location_type": "General Academic", "category": "Elementary", "principal": "NULL", "phone": "718-584-6310", "NTA_name": "East Tremont", "managed_by": "DOE"}}, {"type": "Feature", "geometry": {"type": "Point", "coordinates": [-73.909936, 40.848907]}, "properties": {"system_code": "09X236", "location_code": "X236", "location_name": "P.S. 236 Langston Hughes", "grades": "PK,0K,01,02,03,04,05", "address": "1871 WALTON AVENUE", "district": "9", "borough": "X", "status": "Open", "location_type": "General Academic", "category": "Elementary", "principal": "Afrina Talukdar", "phone": "718-299-6128", "NTA_name": "Mount Hope", "managed_by": "DOE"}}, {"type": "Feature", "geometry": {"type": "Point", "coordinates": [-73.8953, 40.865972]}, "properties": {"system_code": "10X246", "location_code": "X246", "location_name": "P.S. 246 Poe Center", "grades": "0K,01,02,03,04,05,06", "address": "2641 GRAND CONCOURSE", "district": "10", "borough": "X", "status": "Open", "location_type": "General Academic", "category": "Elementary", "principal": "Andrea Johnson", "phone": "718-584-6764", "NTA_name": "Bedford Park-Fordham North", "managed_by": "DOE"}}, {"type": "Feature", "geometry": {"type": "Point", "coordinates": [-73.858533, 40.834025]}, "properties": {"system_code": "84X255", "location_code": "X255", "location_name": "Bronx Charter School for Excellence", "grades": "0K,01,02,03,04,05,06,07,08", "address": "1960 BENEDICT AVENUE", "district": "11", "borough": "X", "status": "Open", "location_type": "General Academic", "category": "K-8", "principal": "Nicole Barzey/Maria Saryan", "phone": "718-828-7301", "NTA_name": "Parkchester", "managed_by": "Charter"}}, {"type": "Feature", "geometry": {"type": "Point", "coordinates": [-73.909595, 40.8091]}, "properties": {"system_code": "84X256", "location_code": "X256", "location_name": "Heketi Community Charter School", "grades": "0K,01,02,03,04,05", "address": "403 Concord Avenue", "district": "7", "borough": "X", "status": "Open", "location_type": "General Academic", "category": "Elementary", "principal": "David Rosas", "phone": "718-260-6002", "NTA_name": "Mott Haven-Port Morris", "managed_by": "Charter"}}, {"type": "Feature", "geometry": {"type": "Point", "coordinates": [-73.8937, 40.8486]}, "properties": {"system_code": "10X257", "location_code": "X257", "location_name": "PS 257 Children's School", "grades": "1", "address": "560 EAST 179 STREET", "district": "10", "borough": "X", "status": "Closed", "location_type": "General Academic", "category": "Elementary", "principal": "NULL", "phone": "718-584-6808", "NTA_name": "East Tremont", "managed_by": "DOE"}}, {"type": "Feature", "geometry": {"type": "Point", "coordinates": [-73.9216, 40.8524]}, "properties": {"system_code": "09X274", "location_code": "X274", "location_name": "The New American Academy at Roberto Clemente State", "grades": "PK,0K,01,03,04,05", "address": "275 HARLEM RIVER PARK BRIDGE", "district": "9", "borough": "X", "status": "Open", "location_type": "General Academic", "category": "Elementary", "principal": "Pepe Gutierrez", "phone": "718-901-9703", "NTA_name": "University Heights-Morris Heights", "managed_by": "DOE"}}, {"type": "Feature", "geometry": {"type": "Point", "coordinates": [-73.913872, 40.813385]}, "properties": {"system_code": "07X277", "location_code": "X277", "location_name": "P.S. 277", "grades": "PK,0K,01,02,03,04,05", "address": "519 ST ANNS AVENUE", "district": "7", "borough": "X", "status": "Open", "location_type": "General Academic", "category": "Elementary", "principal": "NATASHA BRACEY-FERGUSON", "phone": "718-292-3594", "NTA_name": "Mott Haven-Port Morris", "managed_by": "DOE"}}, {"type": "Feature", "geometry": {"type": "Point", "coordinates": [-73.904958, 40.854666]}, "properties": {"system_code": "10X279", "location_code": "X279", "location_name": "P.S. 279 Captain Manuel Rivera, Jr.", "grades": "0K,01,02,03,04,05,06,07,08", "address": "2100 WALTON AVENUE", "district": "10", "borough": "X", "status": "Open", "location_type": "General Academic", "category": "K-8", "principal": "Jean Dalton Encke", "phone": "718-584-6004", "NTA_name": "Mount Hope", "managed_by": "DOE"}}, {"type": "Feature", "geometry": {"type": "Point", "coordinates": [-73.881245, 40.876819]}, "properties": {"system_code": "10X280", "location_code": "X280", "location_name": "P.S./M.S. 280 Mosholu Parkway", "grades": "0K,01,02,03,04,05,06,07,08", "address": "3202 STEUBEN AVENUE", "district": "10", "borough": "X", "status": "Open", "location_type": "General Academic", "category": "K-8", "principal": "JAMES WEEKS", "phone": "718-405-6360", "NTA_name": "Norwood", "managed_by": "DOE"}}, {"type": "Feature", "geometry": {"type": "Point", "coordinates": [-73.881245, 40.876819]}, "properties": {"system_code": "10X280", "location_code": "X280", "location_name": "P.S./M.S. 280 Mosholu Parkway", "grades": "0K,01,02,03,04,05,06,07,08", "address": "3202 STEUBEN AVENUE", "district": "10", "borough": "X", "status": "Open", "location_type": "General Academic", "category": "K-8", "principal": "JAMES WEEKS", "phone": "718-405-6360", "NTA_name": "Norwood", "managed_by": "DOE"}}, {"type": "Feature", "geometry": {"type": "Point", "coordinates": [-73.909763, 40.859243]}, "properties": {"system_code": "10X291", "location_code": "X291", "location_name": "P.S. 291", "grades": "0K,01,02,03,04", "address": "2195 ANDREWS AVENUE", "district": "10", "borough": "X", "status": "Open", "location_type": "General Academic", "category": "Elementary", "principal": "CARLOS VELEZ", "phone": "718-563-0776", "NTA_name": "Kingsbridge Heights", "managed_by": "DOE"}}, {"type": "Feature", "geometry": {"type": "Point", "coordinates": [-73.915879, 40.8404]}, "properties": {"system_code": "09X294", "location_code": "X294", "location_name": "The Walton Avenue School", "grades": "0K,01,02,03,04,05", "address": "1425 WALTON AVENUE", "district": "9", "borough": "X", "status": "Open", "location_type": "General Academic", "category": "Elementary", "principal": "Daniel Russo", "phone": "718-293-5970", "NTA_name": "West Concourse", "managed_by": "DOE"}}, {"type": "Feature", "geometry": {"type": "Point", "coordinates": [-73.886721, 40.846128]}, "properties": {"system_code": "12X300", "location_code": "X300", "location_name": "The School of Science and Applied Learning", "grades": "PK,0K,01,02,03,04,05", "address": "2050 PROSPECT AVENUE", "district": "12", "borough": "X", "status": "Open", "location_type": "General Academic", "category": "Elementary", "principal": "VENESSA SINGLETON", "phone": "718-584-6310", "NTA_name": "East Tremont", "managed_by": "DOE"}}, {"type": "Feature", "geometry": {"type": "Point", "coordinates": [-73.829211, 40.82708]}, "properties": {"system_code": "08X304", "location_code": "X304", "location_name": "P.S. 304 Early Childhood School", "grades": "PK,0K,01,02,03,04,05", "address": "2750 LAFAYETTE AVENUE", "district": "8", "borough": "X", "status": "Open", "location_type": "General Academic", "category": "Elementary", "principal": "WALTER NINO F GALIANO JR", "phone": "718-822-5307", "NTA_name": "Schuylerville-Throgs Neck-Edgewater Park", "managed_by": "DOE"}}, {"type": "Feature", "geometry": {"type": "Point", "coordinates": [-73.910827, 40.850722]}, "properties": {"system_code": "10X306", "location_code": "X306", "location_name": "P.S. 306", "grades": "0K,01,02,03,04,05", "address": "40 WEST TREMONT AVENUE", "district": "10", "borough": "X", "status": "Open", "location_type": "General Academic", "category": "Elementary", "principal": "DARRYL HARRINGTON", "phone": "718-583-5355", "NTA_name": "University Heights-Morris Heights", "managed_by": "DOE"}}, {"type": "Feature", "geometry": {"type": "Point", "coordinates": [-73.901821, 40.869142]}, "properties": {"system_code": "10X307", "location_code": "X307", "location_name": "Luisa Pineiro Fuentes School of Science and Discov", "grades": "PK,0K,01,02,03,04,05", "address": "124 EAMES PLACE", "district": "10", "borough": "X", "status": "Open", "location_type": "General Academic", "category": "Elementary", "principal": "Yolanda Valez", "phone": "718-601-2632", "NTA_name": "Van Cortlandt Village", "managed_by": "DOE"}}, {"type": "Feature", "geometry": {"type": "Point", "coordinates": [-73.918037, 40.803052]}, "properties": {"system_code": "84X309", "location_code": "X309", "location_name": "South Bronx Charter School for International Cultu", "grades": "0K,01,02,03,04,05", "address": "164 bruckner boulevard", "district": "7", "borough": "X", "status": "Open", "location_type": "General Academic", "category": "Elementary", "principal": "Evelyn Hey", "phone": "718-401-9216", "NTA_name": "Mott Haven-Port Morris", "managed_by": "Charter"}}, {"type": "Feature", "geometry": {"type": "Point", "coordinates": [-73.905547, 40.872477]}, "properties": {"system_code": "10X310", "location_code": "X310", "location_name": "P.S. 310 Marble Hill", "grades": "PK,0K,01,02,03,04,05", "address": "260 W KINGSBRIDGE RD", "district": "10", "borough": "X", "status": "Open", "location_type": "General Academic", "category": "Elementary", "principal": "ELIZABETH CARDONA", "phone": "718-796-9434", "NTA_name": "Kingsbridge Heights", "managed_by": "DOE"}}, {"type": "Feature", "geometry": {"type": "Point", "coordinates": [-73.915879, 40.8404]}, "properties": {"system_code": "09X311", "location_code": "X311", "location_name": "Lucero Elementary School", "grades": "0K,01,02,03,04,05", "address": "1425 WALTON AVENUE", "district": "9", "borough": "X", "status": "Open", "location_type": "General Academic", "category": "Elementary", "principal": "Kattia Cuba", "phone": "718-681-8701", "NTA_name": "West Concourse", "managed_by": "DOE"}}, {"type": "Feature", "geometry": {"type": "Point", "coordinates": [-73.886995, 40.834188]}, "properties": {"system_code": "12X314", "location_code": "X314", "location_name": "Fairmont Neighborhood School", "grades": "PK,0K,01,02,03,04,05", "address": "1550 VYSE AVENUE", "district": "12", "borough": "X", "status": "Open", "location_type": "General Academic", "category": "Elementary", "principal": "MONIQUE HIBBERT", "phone": "718-860-5210", "NTA_name": "Crotona Park East", "managed_by": "DOE"}}, {"type": "Feature", "geometry": {"type": "Point", "coordinates": [-73.900068, 40.873659]}, "properties": {"system_code": "10X315", "location_code": "X315", "location_name": "P.S. 315 Lab School", "grades": "0K,01,02,03,04,05,06,07,08", "address": "2865 CLAFLIN AVENUE", "district": "10", "borough": "X", "status": "Open", "location_type": "General Academic", "category": "K-8", "principal": "Gaby Flores", "phone": "929-237-7750", "NTA_name": "Van Cortlandt Village", "managed_by": "DOE"}}, {"type": "Feature", "geometry": {"type": "Point", "coordinates": [-73.898399, 40.820108]}, "properties": {"system_code": "08X333", "location_code": "X333", "location_name": "The Longwood Academy of Discovery", "grades": "PK,0K,01,02,03", "address": "888 REV J A POLITE AVE", "district": "8", "borough": "X", "status": "Open", "location_type": "General Academic", "category": "Elementary", "principal": "Victoria Najera", "phone": "718-860-3313", "NTA_name": "Longwood", "managed_by": "DOE"}}, {"type": "Feature", "geometry": {"type": "Point", "coordinates": [-73.898399, 40.820108]}, "properties": {"system_code": "08X335", "location_code": "X335", "location_name": "The Academy of the Arts", "grades": "04,05", "address": "888 REV J A POLITE AVE", "district": "8", "borough": "X", "status": "Closed", "location_type": "General Academic", "category": "Elementary", "principal": "Glorimer Lopez", "phone": "718-860-3401", "NTA_name": "Longwood", "managed_by": "DOE"}}, {"type": "Feature", "geometry": {"type": "Point", "coordinates": [-73.897171, 40.869407]}, "properties": {"system_code": "10X340", "location_code": "X340", "location_name": "P.S. 340", "grades": "0K,01,02,03,04,05", "address": "25 WEST 195 STREET", "district": "10", "borough": "X", "status": "Open", "location_type": "General Academic", "category": "Elementary", "principal": "Alexei Nichols", "phone": "718-220-1830", "NTA_name": "Van Cortlandt Village", "managed_by": "DOE"}}, {"type": "Feature", "geometry": {"type": "Point", "coordinates": [-73.891664, 40.883049]}, "properties": {"system_code": "10X344", "location_code": "X344", "location_name": "Ampark Neighborhood", "grades": "0K,01,02,03,04,05", "address": "3961 HILLMAN AVENUE", "district": "10", "borough": "X", "status": "Open", "location_type": "General Academic", "category": "Elementary", "principal": "Kelly Lennon", "phone": "718-548-3451", "NTA_name": "Van Cortlandt Village", "managed_by": "DOE"}}, {"type": "Feature", "geometry": {"type": "Point", "coordinates": [-73.894368, 40.822056]}, "properties": {"system_code": "84X346", "location_code": "X346", "location_name": "South Bronx Classical Charter School", "grades": "0K,01,02,03,04,05", "address": "977 FOX STREET", "district": "12", "borough": "X", "status": "Open", "location_type": "General Academic", "category": "K-8", "principal": "Lester Long", "phone": "718-860-4340", "NTA_name": "Hunts Point", "managed_by": "Charter"}}, {"type": "Feature", "geometry": {"type": "Point", "coordinates": [-73.882531, 40.840445]}, "properties": {"system_code": "75X352", "location_code": "X352", "location_name": "The Vida Bogart School for All Children", "grades": "01,02,03,04,05,06,07,08,09", "address": "1000 EAST TREMONT AVENUE", "district": "12", "borough": "X", "status": "Open", "location_type": "Special Education", "category": "K-8", "principal": "LOURDES MENDEZ", "phone": "718-328-3913", "NTA_name": "East Tremont", "managed_by": "DOE"}}, {"type": "Feature", "geometry": {"type": "Point", "coordinates": [-73.863733, 40.854423]}, "properties": {"system_code": "11X357", "location_code": "X357", "location_name": "Young Voices Academy of the Bronx", "grades": "0K,01,02,03,04,05", "address": "800 LYDIG AVENUE", "district": "11", "borough": "X", "status": "Open", "location_type": "General Academic", "category": "Elementary", "principal": "Nadia Cruz-Perez", "phone": "718-794-4080", "NTA_name": "Pelham Parkway", "managed_by": "DOE"}}, {"type": "Feature", "geometry": {"type": "Point", "coordinates": [-73.922527, 40.823014]}, "properties": {"system_code": "07X359", "location_code": "X359", "location_name": "Concourse Village Elementary School", "grades": "PK,0K,01,02,03,04,05", "address": "750 CONCOURSE VILLAGE WEST", "district": "7", "borough": "X", "status": "Open", "location_type": "General Academic", "category": "Elementary", "principal": "Alexa Sorden", "phone": "718-402-7503", "NTA_name": "East Concourse-Concourse Village", "managed_by": "DOE"}}, {"type": "Feature", "geometry": {"type": "Point", "coordinates": [-73.902214, 40.874717]}, "properties": {"system_code": "10X360", "location_code": "X360", "location_name": "P.S. 360", "grades": "0K,01,02,03,04,05", "address": "2880 KINGSBRIDGE TERRACE", "district": "10", "borough": "X", "status": "Open", "location_type": "General Academic", "category": "Elementary", "principal": "Iris Aldea Pollack", "phone": "718-548-1511", "NTA_name": "Van Cortlandt Village", "managed_by": "DOE"}}, {"type": "Feature", "geometry": {"type": "Point", "coordinates": [-73.877274, 40.822522]}, "properties": {"system_code": "84X362", "location_code": "X362", "location_name": "Icahn Charter School 7", "grades": "0K,01,02,03,04,05,06,07,08", "address": "1535 STORY AVENUE", "district": "8", "borough": "X", "status": "Open", "location_type": "General Academic", "category": "K-8", "principal": "Naudia Bethany", "phone": "718-328-5480", "NTA_name": "Soundview-Castle Hill-Clason Point-Harding Park", "managed_by": "Charter"}}, {"type": "Feature", "geometry": {"type": "Point", "coordinates": [-73.925459, 40.808194]}, "properties": {"system_code": "84X364", "location_code": "X364", "location_name": "South Bronx Classical Charter School II", "grades": "0K,01,02,03,04,05", "address": "333 EAST 135 STREET", "district": "7", "borough": "X", "status": "Open", "location_type": "General Academic", "category": "Elementary", "principal": "Leena Gyftopoulos", "phone": "718-292-9526", "NTA_name": "Mott Haven-Port Morris", "managed_by": "Charter"}}, {"type": "Feature", "geometry": {"type": "Point", "coordinates": [-73.919773, 40.80908]}, "properties": {"system_code": "07X369", "location_code": "X369", "location_name": "Young Leaders Elementary School", "grades": "PK,0K,01,02,03,04,05", "address": "468 EAST 140 STREET", "district": "7", "borough": "X", "status": "Open", "location_type": "General Academic", "category": "Elementary", "principal": "Jaleelah Cooke", "phone": "718-292-7391", "NTA_name": "Mott Haven-Port Morris", "managed_by": "DOE"}}, {"type": "Feature", "geometry": {"type": "Point", "coordinates": [-73.857989, 40.845023]}, "properties": {"system_code": "84X378", "location_code": "X378", "location_name": "Icahn Charter School 2", "grades": "0K,01,02,03,04,05,06,07,08", "address": "1640 BRONXDALE AVE", "district": "11", "borough": "X", "status": "Open", "location_type": "General Academic", "category": "K-8", "principal": "Brenda Carrasquillo", "phone": "718-828-6107", "NTA_name": "Van Nest-Morris Park-Westchester Square", "managed_by": "Charter"}}, {"type": "Feature", "geometry": {"type": "Point", "coordinates": [-73.914067, 40.827438]}, "properties": {"system_code": "84X380", "location_code": "X380", "location_name": "Success Academy Charter School - Bronx 3", "grades": "0K,01,02,03,04,05", "address": "1000 TELLER AVENUE", "district": "9", "borough": "X", "status": "Open", "location_type": "General Academic", "category": "Elementary", "principal": "Dan Rojas", "phone": "646-790-2145", "NTA_name": "East Concourse-Concourse Village", "managed_by": "Charter"}}, {"type": "Feature", "geometry": {"type": "Point", "coordinates": [-73.903139, 40.855337]}, "properties": {"system_code": "10X382", "location_code": "X382", "location_name": "Elementary School for Math, Science, and Technolog", "grades": "PK,0K,01,02,03,04,05", "address": "125 EAST 181 STREET", "district": "10", "borough": "X", "status": "Open", "location_type": "General Academic", "category": "Elementary", "principal": "AVON CONNELL COWELL", "phone": "718-933-8061", "NTA_name": "Fordham South", "managed_by": "DOE"}}, {"type": "Feature", "geometry": {"type": "Point", "coordinates": [-73.922527, 40.823014]}, "properties": {"system_code": "07X385", "location_code": "X385", "location_name": "Performance School", "grades": "PK,0K,01,02,03,04,05", "address": "750 CONCOURSE VILLAGE WEST", "district": "7", "borough": "X", "status": "Closed", "location_type": "General Academic", "category": "Elementary", "principal": "Kimberly Shelley", "phone": "718-292-5070", "NTA_name": "East Concourse-Concourse Village", "managed_by": "DOE"}}, {"type": "Feature", "geometry": {"type": "Point", "coordinates": [-73.903139, 40.855337]}, "properties": {"system_code": "10X386", "location_code": "X386", "location_name": "School for Environmental Citizenship", "grades": "PK,0K,01,02,03,04,05", "address": "125 EAST 181 STREET", "district": "10", "borough": "X", "status": "Open", "location_type": "General Academic", "category": "Elementary", "principal": "Lynnann Fox", "phone": "718-563-3292", "NTA_name": "Fordham South", "managed_by": "DOE"}}, {"type": "Feature", "geometry": {"type": "Point", "coordinates": [-73.919316, 40.812804]}, "properties": {"system_code": "84X387", "location_code": "X387", "location_name": "Brilla College Prep Charter School", "grades": "0K,01,02,03,04,05", "address": "413 EAST 144 STREET", "district": "7", "borough": "X", "status": "Open", "location_type": "General Academic", "category": "Elementary", "principal": "Sheila Mulcahy/Alexandra Apfel", "phone": "347-273-8439", "NTA_name": "Mott Haven-Port Morris", "managed_by": "Charter"}}, {"type": "Feature", "geometry": {"type": "Point", "coordinates": [-73.922527, 40.823014]}, "properties": {"system_code": "84X389", "location_code": "X389", "location_name": "Bronx Global Learning Institute for Girls Charter", "grades": "0K,01,02,03,04,05,06,07,08", "address": "750 CONCOURSE VILLAGE WEST", "district": "7", "borough": "X", "status": "Open", "location_type": "General Academic", "category": "K-8", "principal": "Edwin Irizarry", "phone": "718-993-1740", "NTA_name": "East Concourse-Concourse Village", "managed_by": "Charter"}}, {"type": "Feature", "geometry": {"type": "Point", "coordinates": [-73.818083, 40.826794]}, "properties": {"system_code": "08X392", "location_code": "X392", "location_name": "Bronx Delta School", "grades": "0K,01,02,03,04,05", "address": "650 HOLLYWOOD AVENUE", "district": "8", "borough": "X", "status": "Open", "location_type": "General Academic", "category": "Elementary", "principal": "Maria Rogalle", "phone": "718-319-7147", "NTA_name": "Schuylerville-Throgs Neck-Edgewater Park", "managed_by": "DOE"}}, {"type": "Feature", "geometry": {"type": "Point", "coordinates": [-73.92115, 40.806389]}, "properties": {"system_code": "84X394", "location_code": "X394", "location_name": "Mott Haven Academy Charter School", "grades": "0K,01,02,03,04,05,06,07,08", "address": "170 BROWN PLACE", "district": "7", "borough": "X", "status": "Open", "location_type": "General Academic", "category": "K-8", "principal": "Jessica Nauiokas/Briony Carr-Clemente", "phone": "718-292-7015", "NTA_name": "Mott Haven-Port Morris", "managed_by": "Charter"}}, {"type": "Feature", "geometry": {"type": "Point", "coordinates": [-73.913016, 40.854335]}, "properties": {"system_code": "10X396", "location_code": "X396", "location_name": "P.S. 396", "grades": "PK,0K,01,02,03,04", "address": "1930 ANDREWS AVENUE", "district": "10", "borough": "X", "status": "Open", "location_type": "General Academic", "category": "Elementary", "principal": "Nicole Tine", "phone": "718-294-0862", "NTA_name": "University Heights-Morris Heights", "managed_by": "DOE"}}, {"type": "Feature", "geometry": {"type": "Point", "coordinates": [-73.875451, 40.872455]}, "properties": {"system_code": "84X398", "location_code": "X398", "location_name": "Bronx Community Charter School", "grades": "0K,01,02,03,04,05,06,07,08", "address": "3170 WEBSTER AVENUE", "district": "10", "borough": "X", "status": "Open", "location_type": "General Academic", "category": "K-8", "principal": "Martha Andrews/Sasha Wilson", "phone": "718-584-1400", "NTA_name": "Norwood", "managed_by": "Charter"}}, {"type": "Feature", "geometry": {"type": "Point", "coordinates": [-73.919913, 40.81264]}, "properties": {"system_code": "84X407", "location_code": "X407", "location_name": "Bronx Charter School for Children", "grades": "0K,01,02,03,04,05", "address": "388 WILLIS AVENUE", "district": "7", "borough": "X", "status": "Open", "location_type": "General Academic", "category": "Elementary", "principal": "Denise Alexander", "phone": "718-402-3300", "NTA_name": "Mott Haven-Port Morris", "managed_by": "Charter"}}, {"type": "Feature", "geometry": {"type": "Point", "coordinates": [-73.919597, 40.839503]}, "properties": {"system_code": "84X419", "location_code": "X419", "location_name": "Bronx Academy of Promise Charter School", "grades": "0K,01,02,03,04,05,06,07,08", "address": "1349 INWOOD AVENUE", "district": "9", "borough": "X", "status": "Open", "location_type": "General Academic", "category": "K-8", "principal": "Catherine Jackvony/Denise Schiraldi", "phone": "718-293-6950", "NTA_name": "Highbridge", "managed_by": "Charter"}}, {"type": "Feature", "geometry": {"type": "Point", "coordinates": [-73.843013, 40.856531]}, "properties": {"system_code": "84X422", "location_code": "X422", "location_name": "Icahn Charter School 3", "grades": "0K,01,02,03,04,05,06,07,08", "address": "1500 PELHAM PARKWAY SOUTH", "district": "11", "borough": "X", "status": "Open", "location_type": "General Academic", "category": "K-8", "principal": "Marcy Glattstein", "phone": "718-828-0034", "NTA_name": "Pelham Parkway", "managed_by": "Charter"}}, {"type": "Feature", "geometry": {"type": "Point", "coordinates": [-73.917526, 40.831873]}, "properties": {"system_code": "09X443", "location_code": "X443", "location_name": "The Family School", "grades": "0K,01,02,03,04,05", "address": "1116 SHERIDAN AVENUE", "district": "9", "borough": "X", "status": "Open", "location_type": "General Academic", "category": "Elementary", "principal": "ROWENA PENN", "phone": "718-538-3266", "NTA_name": "East Concourse-Concourse Village", "managed_by": "DOE"}}, {"type": "Feature", "geometry": {"type": "Point", "coordinates": [-73.917705, 40.828009]}, "properties": {"system_code": "09X449", "location_code": "X449", "location_name": "Grant Avenue Elementary School", "grades": "0K,01,02,03,04,05", "address": "250 EAST 164 STREET", "district": "9", "borough": "X", "status": "Open", "location_type": "General Academic", "category": "Elementary", "principal": "KRISTIN ERAT", "phone": "718-681-6288", "NTA_name": "East Concourse-Concourse Village", "managed_by": "DOE"}}, {"type": "Feature", "geometry": {"type": "Point", "coordinates": [-73.917526, 40.831873]}, "properties": {"system_code": "09X457", "location_code": "X457", "location_name": "Sheridan Academy for Young Leaders", "grades": "0K,01,02,03,04,05", "address": "1116 SHERIDAN AVENUE", "district": "9", "borough": "X", "status": "Open", "location_type": "General Academic", "category": "Elementary", "principal": "LISETTE FEBUS", "phone": "718-538-3411", "NTA_name": "East Concourse-Concourse Village", "managed_by": "DOE"}}, {"type": "Feature", "geometry": {"type": "Point", "coordinates": [-73.886995, 40.834188]}, "properties": {"system_code": "12X458", "location_code": "X458", "location_name": "Samara Community School", "grades": "0K,01,02,03,04,05", "address": "1550 VYSE AVENUE", "district": "12", "borough": "X", "status": "Open", "location_type": "General Academic", "category": "Elementary", "principal": "DANIELLE DERRIG", "phone": "718-860-5332", "NTA_name": "Crotona Park East", "managed_by": "DOE"}}, {"type": "Feature", "geometry": {"type": "Point", "coordinates": [-73.900121, 40.828406]}, "properties": {"system_code": "12X463", "location_code": "X463", "location_name": "Urban Scholars Community School", "grades": "PK,0K,01,02,03,04,05", "address": "1180 TINTON AVENUE", "district": "12", "borough": "X", "status": "Open", "location_type": "General Academic", "category": "Elementary", "principal": "DEBRA JONES", "phone": "718-842-8133", "NTA_name": "Morrisania-Melrose", "managed_by": "DOE"}}, {"type": "Feature", "geometry": {"type": "Point", "coordinates": [-73.859998, 40.822925]}, "properties": {"system_code": "84X464", "location_code": "X464", "location_name": "Success Academy Charter School - Bronx 4 - New Yor", "grades": "0K,01,02,03,04,05", "address": "885 BOLTON AVENUE", "district": "8", "borough": "X", "status": "Open", "location_type": "General Academic", "category": "Elementary", "principal": "Shea Reeder", "phone": "646-558-0043", "NTA_name": "Soundview-Castle Hill-Clason Point-Harding Park", "managed_by": "Charter"}}, {"type": "Feature", "geometry": {"type": "Point", "coordinates": [-73.927397, 40.820298]}, "properties": {"system_code": "84X465", "location_code": "X465", "location_name": "Boys Preparatory Charter School of New York", "grades": "0K,01,02,03,04,05", "address": "192 EAST 151ST STREET", "district": "7", "borough": "X", "status": "Open", "location_type": "General Academic", "category": "Elementary", "principal": "Dr. Khalek Kirkland", "phone": "718-860-8774", "NTA_name": "West Concourse", "managed_by": "Charter"}}, {"type": "Feature", "geometry": {"type": "Point", "coordinates": [-73.875375, 40.872559]}, "properties": {"system_code": "75X469", "location_code": "X469", "location_name": "P469X - The Bronx School for Continuous Learners", "grades": "0K,01,02,03,04,05,06,07,08", "address": "3177 WEBSTER AVENUE", "district": "10", "borough": "X", "status": "Open", "location_type": "Special Education", "category": "K-8", "principal": "Janine Tubiolo", "phone": "718-696-6440", "NTA_name": "Norwood", "managed_by": "DOE"}}, {"type": "Feature", "geometry": {"type": "Point", "coordinates": [-73.929949, 40.816245]}, "properties": {"system_code": "84X472", "location_code": "X472", "location_name": "Family Life Academy Charter School III", "grades": "0K,01,02,03,04,05", "address": "370 Gerard Avenue", "district": "7", "borough": "X", "status": "Open", "location_type": "General Academic", "category": "Elementary", "principal": "Andrea Hernandez", "phone": "718-410-8100", "NTA_name": "West Concourse", "managed_by": "Charter"}}, {"type": "Feature", "geometry": {"type": "Point", "coordinates": [-73.925995, 40.813681]}, "properties": {"system_code": "84X493", "location_code": "X493", "location_name": "Success Academy Charter School - Bronx 1", "grades": "0K,01,02,03,04,05,06,07,08", "address": "339 MORRIS AVENUE", "district": "7", "borough": "X", "status": "Open", "location_type": "General Academic", "category": "K-8", "principal": "Elizabeth Vandlik", "phone": "347-286-7950", "NTA_name": "Mott Haven-Port Morris", "managed_by": "Charter"}}, {"type": "Feature", "geometry": {"type": "Point", "coordinates": [-73.865498, 40.843531]}, "properties": {"system_code": "11X481", "location_code": "X481", "location_name": "The STEAM Bridge School", "grades": "0K,01,02,03,04,05", "address": "1684 WHITE PLAINS ROAD", "district": "11", "borough": "X", "status": "Open", "location_type": "General Academic", "category": "Elementary", "principal": "Katiria Rojas", "phone": "718-239-5660", "NTA_name": "Van Nest-Morris Park-Westchester Square", "managed_by": "DOE"}}, {"type": "Feature", "geometry": {"type": "Point", "coordinates": [-73.854402, 40.901436]}, "properties": {"system_code": "11X483", "location_code": "X483", "location_name": "The Matilda Avenue School", "grades": "0K,01,02,03,04,05", "address": "4520 MATILDA AVENUE", "district": "11", "borough": "X", "status": "Open", "location_type": "General Academic", "category": "Elementary", "principal": "MARIA CIOFFI", "phone": "718-325-4360", "NTA_name": "Woodlawn-Wakefield", "managed_by": "DOE"}}, {"type": "Feature", "geometry": {"type": "Point", "coordinates": [-73.836525, 40.863842]}, "properties": {"system_code": "84X484", "location_code": "X484", "location_name": "Bronx Charter School for Better Learning II", "grades": "0K,01,02,03,04,05", "address": "2545 GUNTHER AVENUE", "district": "11", "borough": "X", "status": "Open", "location_type": "General Academic", "category": "Elementary", "principal": "Kevin Brennan/Anne Clarke-Raysor", "phone": "718-655-6660", "NTA_name": "Allerton-Pelham Gardens", "managed_by": "Charter"}}, {"type": "Feature", "geometry": {"type": "Point", "coordinates": [-73.91735, 40.836679]}, "properties": {"system_code": "84X486", "location_code": "X486", "location_name": "Rosalyn Yalow Charter School", "grades": "0K,01,02,03,04,05", "address": "116-118 EAST 169 STREET", "district": "9", "borough": "X", "status": "Open", "location_type": "General Academic", "category": "Elementary", "principal": "Dr. Shannon Burton/ALEC H. DIACOU", "phone": "347-735-5480", "NTA_name": "West Concourse", "managed_by": "Charter"}}, {"type": "Feature", "geometry": {"type": "Point", "coordinates": [-73.901599, 40.816078]}, "properties": {"system_code": "84X487", "location_code": "X487", "location_name": "Girls Preparatory Charter School of the Bronx", "grades": "0K,01,02,03,04,05", "address": "681 KELLY STREET", "district": "8", "borough": "X", "status": "Open", "location_type": "General Academic", "category": "K-8", "principal": "Michael Farkosh/Tomasz Krzyzostaniak", "phone": "718-901-3855", "NTA_name": "Longwood", "managed_by": "Charter"}}, {"type": "Feature", "geometry": {"type": "Point", "coordinates": [-73.906403, 40.829793]}, "properties": {"system_code": "84X489", "location_code": "X489", "location_name": "South Bronx Classical Charter School III", "grades": "0K,01,02,03,04,05", "address": "3458 Third Avenue", "district": "9", "borough": "X", "status": "Open", "location_type": "General Academic", "category": "Elementary", "principal": "Rebecca Geary", "phone": "929-285-3025", "NTA_name": "Claremont-Bathgate", "managed_by": "Charter"}}, {"type": "Feature", "geometry": {"type": "Point", "coordinates": [-73.912557, 40.807916]}, "properties": {"system_code": "84X491", "location_code": "X491", "location_name": "Academic Leadership Charter School", "grades": "0K,01,02,03,04,05", "address": "677 EAST 141 STREET", "district": "7", "borough": "X", "status": "Open", "location_type": "General Academic", "category": "K-8", "principal": "Norma Hurwitz/Leena Varghese", "phone": "718-585-4215", "NTA_name": "Mott Haven-Port Morris", "managed_by": "Charter"}}, {"type": "Feature", "geometry": {"type": "Point", "coordinates": [-73.90497, 40.835934]}, "properties": {"system_code": "84X494", "location_code": "X494", "location_name": "Success Academy Charter School - Bronx 2", "grades": "0K,01,02,03,04,05,06,07,08", "address": "450 SAINT PAUL'S PLACE", "district": "9", "borough": "X", "status": "Open", "location_type": "General Academic", "category": "K-8", "principal": "Vanessa Bangser", "phone": "347-286-7966", "NTA_name": "Claremont-Bathgate", "managed_by": "Charter"}}, {"type": "Feature", "geometry": {"type": "Point", "coordinates": [-73.843013, 40.856531]}, "properties": {"system_code": "84X496", "location_code": "X496", "location_name": "Icahn Charter School 4", "grades": "0K,01,02,03,04,05,06,07,08", "address": "1500 PELHAM PARKWAY SOUTH", "district": "11", "borough": "X", "status": "Open", "location_type": "General Academic", "category": "K-8", "principal": "Michelle Allen", "phone": "718-828-0034", "NTA_name": "Pelham Parkway", "managed_by": "Charter"}}, {"type": "Feature", "geometry": {"type": "Point", "coordinates": [-73.908773, 40.814952]}, "properties": {"system_code": "84X497", "location_code": "X497", "location_name": "Storefront Academy Charter School", "grades": "0K,01,02,03,04,05", "address": "609 JACKSON AVENUE", "district": "7", "borough": "X", "status": "Open", "location_type": "General Academic", "category": "Elementary", "principal": "Dr. Nicole Garcia", "phone": "646-659-6029", "NTA_name": "Melrose South-Mott Haven North", "managed_by": "Charter"}}, {"type": "Feature", "geometry": {"type": "Point", "coordinates": [-73.857989, 40.845023]}, "properties": {"system_code": "11X498", "location_code": "X498", "location_name": "P.S./M.S. 11X498 - Van Nest Academy", "grades": "0K,01,02,03,04,05,06,07,08", "address": "1640 BRONXDALE AVE", "district": "11", "borough": "X", "status": "Open", "location_type": "General Academic", "category": "K-8", "principal": "Carol Ann Gilligan", "phone": "718-409-3001", "NTA_name": "Van Nest-Morris Park-Westchester Square", "managed_by": "DOE"}}, {"type": "Feature", "geometry": {"type": "Point", "coordinates": [-73.866038, 40.838151]}, "properties": {"system_code": "12X531", "location_code": "X531", "location_name": "Archer Elementary School", "grades": "PK,0K,01,02,03,04,05", "address": "1827 ARCHER STREET", "district": "12", "borough": "X", "status": "Open", "location_type": "General Academic", "category": "Elementary", "principal": "Erin Finerty", "phone": "718-828-3791", "NTA_name": "West Farms-Bronx River", "managed_by": "DOE"}}, {"type": "Feature", "geometry": {"type": "Point", "coordinates": [-73.866038, 40.838151]}, "properties": {"system_code": "12X536", "location_code": "X536", "location_name": "P.S. 536", "grades": "PK,0K,01,02,03,04,05", "address": "1827 ARCHER STREET", "district": "12", "borough": "X", "status": "Open", "location_type": "General Academic", "category": "Elementary", "principal": "JESSE YARBROUGH", "phone": "718-931-4270", "NTA_name": "West Farms-Bronx River", "managed_by": "DOE"}}, {"type": "Feature", "geometry": {"type": "Point", "coordinates": [-73.843013, 40.856531]}, "properties": {"system_code": "84X538", "location_code": "X538", "location_name": "Icahn Charter School 5", "grades": "0K,01,02,03,04,05,06,07,08", "address": "1500 PELHAM PARKWAY SOUTH", "district": "11", "borough": "X", "status": "Open", "location_type": "General Academic", "category": "K-8", "principal": "Danielle Masi", "phone": "718-828-0034", "NTA_name": "Pelham Parkway", "managed_by": "Charter"}}, {"type": "Feature", "geometry": {"type": "Point", "coordinates": [-73.921888, 40.808703]}, "properties": {"system_code": "84X554", "location_code": "X554", "location_name": "New York City Montessori Charter School", "grades": "0K,01,02,03,04,05", "address": "423 East 138th Street", "district": "7", "borough": "X", "status": "Open", "location_type": "General Academic", "category": "Elementary", "principal": "ABEKU BOMANI HAYES", "phone": "347-226-9094", "NTA_name": "Mott Haven-Port Morris", "managed_by": "Charter"}}, {"type": "Feature", "geometry": {"type": "Point", "coordinates": [-73.916084, 40.842503]}, "properties": {"system_code": "09X555", "location_code": "X555", "location_name": "Mount Eden Children's Academy", "grades": "0K,01,02,03,04,05", "address": "1501 JEROME AVENUE", "district": "9", "borough": "X", "status": "Open", "location_type": "General Academic", "category": "Elementary", "principal": "Jacqueline Radoslovich", "phone": "718-294-8155", "NTA_name": "West Concourse", "managed_by": "DOE"}}, {"type": "Feature", "geometry": {"type": "Point", "coordinates": [-73.853203, 40.838759]}, "properties": {"system_code": "11X567", "location_code": "X567", "location_name": "Linden Tree Elementary School", "grades": "0K,01,02,03,04,05", "address": "1560 PURDY STREET", "district": "11", "borough": "X", "status": "Open", "location_type": "General Academic", "category": "Elementary", "principal": "Lisa Debonis", "phone": "718-239-7401", "NTA_name": "Parkchester", "managed_by": "DOE"}}, {"type": "Feature", "geometry": {"type": "Point", "coordinates": [-73.864154, 40.845897]}, "properties": {"system_code": "84X579", "location_code": "X579", "location_name": "Bronx Charter School for Excellence II", "grades": "0K,01,02,03,04,05", "address": "1804 HOLLAND AVENUE", "district": "11", "borough": "X", "status": "Open", "location_type": "General Academic", "category": "Elementary", "principal": "CHARLENE REID", "phone": "718-892-1276", "NTA_name": "Van Nest-Morris Park-Westchester Square", "managed_by": "Charter"}}, {"type": "Feature", "geometry": {"type": "Point", "coordinates": [-73.859622, 40.826949]}, "properties": {"system_code": "08X583", "location_code": "X583", "location_name": "P.S. 583", "grades": "0K,01,02,03,04,05", "address": "1028 WHITE PLAINS ROAD", "district": "8", "borough": "X", "status": "Open", "location_type": "General Academic", "category": "Elementary", "principal": "Glorimer Lopez", "phone": "929-348-4960", "NTA_name": "Soundview-Bruckner", "managed_by": "DOE"}}, {"type": "Feature", "geometry": {"type": "Point", "coordinates": [-73.921481, 40.815311]}, "properties": {"system_code": "84X586", "location_code": "X586", "location_name": "Brilla Veritas Charter School", "grades": "0K,01,02,03,04", "address": "452 COLLEGE AVENUE", "district": "7", "borough": "X", "status": "Open", "location_type": "General Academic", "category": "Elementary", "principal": "Zoranlly Castillo", "phone": "917-924-0258", "NTA_name": "Mott Haven-Port Morris", "managed_by": "Charter"}}, {"type": "Feature", "geometry": {"type": "Point", "coordinates": [-73.906403, 40.829793]}, "properties": {"system_code": "84X588", "location_code": "X588", "location_name": "South Bronx Classical Charter School IV", "grades": "0K,01,02,03,04,05", "address": "3458 Third Avenue", "district": "9", "borough": "X", "status": "Open", "location_type": "General Academic", "category": "Elementary", "principal": "Rebecca Scognamiglio", "phone": "929-285-3025", "NTA_name": "Claremont-Bathgate", "managed_by": "Charter"}}, {"type": "Feature", "geometry": {"type": "Point", "coordinates": [-73.862924, 40.888351]}, "properties": {"system_code": "84X589", "location_code": "X589", "location_name": "Bronx Charter School for Excellence 3", "grades": "0K,01,02,03,04,05", "address": "3956 CARPENTER AVENUE", "district": "11", "borough": "X", "status": "Open", "location_type": "General Academic", "category": "Elementary", "principal": "CHARLENE REID/Charlton Clarke", "phone": "NULL", "NTA_name": "Williamsbridge-Olinville", "managed_by": "Charter"}}, {"type": "Feature", "geometry": {"type": "Point", "coordinates": [-73.907295, 40.880738]}, "properties": {"system_code": "84X592", "location_code": "X592", "location_name": "Amber Charter School II", "grades": "0K,01,02,03,04,05", "address": "3120 Corlear Avenue", "district": "10", "borough": "X", "status": "Open", "location_type": "General Academic", "category": "Elementary", "principal": "Veronica Almedina", "phone": "646-802-1140", "NTA_name": "Spuyten Duyvil-Kingsbridge", "managed_by": "Charter"}}, {"type": "Feature", "geometry": {"type": "Point", "coordinates": [-73.889602, 40.846205]}, "properties": {"system_code": "12X595", "location_code": "X595", "location_name": "P.S. 595", "grades": "PK,0K,01,02,03,04,05", "address": "700 EAST 179 STREET", "district": "12", "borough": "X", "status": "Open", "location_type": "General Academic", "category": "Elementary", "principal": "SUHEIL PIMENTEL", "phone": "718-960-4795", "NTA_name": "East Tremont", "managed_by": "DOE"}}, {"type": "Feature", "geometry": {"type": "Point", "coordinates": [-73.831669, 40.874035]}, "properties": {"system_code": "75X596", "location_code": "X596", "location_name": "P.S. X596", "grades": "", "address": "850 BAYCHESTER AVENUE", "district": "11", "borough": "X", "status": "Open", "location_type": "Special Education", "category": "Elementary", "principal": "JOHN SIRACUSE", "phone": "718-904-5750", "NTA_name": "Co-op City", "managed_by": "DOE"}}, {"type": "Feature", "geometry": {"type": "Point", "coordinates": [-73.903764, 40.857932]}, "properties": {"system_code": "84X598", "location_code": "X598", "location_name": "KIPP Freedom Charter School", "grades": "", "address": "2246 JEROME AVENUE", "district": "10", "borough": "X", "status": "Open", "location_type": "General Academic", "category": "Elementary", "principal": "Sarah English/Lariely Sanchez", "phone": "NULL", "NTA_name": "Fordham South", "managed_by": "Charter"}}, {"type": "Feature", "geometry": {"type": "Point", "coordinates": [-73.887345, 40.851395]}, "properties": {"system_code": "84X599", "location_code": "X599", "location_name": "Cardinal McCloskey Community Charter School", "grades": "", "address": "685 EAST 182 STREET", "district": "10", "borough": "X", "status": "Open", "location_type": "General Academic", "category": "Elementary", "principal": "Jennifer Fedele", "phone": "NULL", "NTA_name": "Belmont", "managed_by": "Charter"}}, {"type": "Feature", "geometry": {"type": "Point", "coordinates": [-73.88819, 40.820102]}, "properties": {"system_code": "84X606", "location_code": "X606", "location_name": "Emblaze Academy Charter School", "grades": "", "address": "1164 Garrison Avenue", "district": "8", "borough": "X", "status": "Open", "location_type": "General Academic", "category": "Elementary", "principal": "Kristen Shroff", "phone": "NULL", "NTA_name": "Hunts Point", "managed_by": "Charter"}}, {"type": "Feature", "geometry": {"type": "Point", "coordinates": [-73.924847, 40.809462]}, "properties": {"system_code": "84X609", "location_code": "X609", "location_name": "Zeta Charter Schools - New York City 2", "grades": "", "address": "222 ALEXANDER AVENUE", "district": "7", "borough": "X", "status": "Open", "location_type": "General Academic", "category": "Elementary", "principal": "Emily Kim", "phone": "NULL", "NTA_name": "Mott Haven-Port Morris", "managed_by": "Charter"}}, {"type": "Feature", "geometry": {"type": "Point", "coordinates": [-73.881894, 40.825121]}, "properties": {"system_code": "84X613", "location_code": "X613", "location_name": "Bold Charter School", "grades": "", "address": "1090 Close Avenue", "district": "8", "borough": "X", "status": "Open", "location_type": "General Academic", "category": "Elementary", "principal": "NULL", "phone": "NULL", "NTA_name": "Soundview-Bruckner", "managed_by": "Charter"}}, {"type": "Feature", "geometry": {"type": "Point", "coordinates": [-73.92114, 40.822574]}, "properties": {"system_code": "84X614", "location_code": "X614", "location_name": "DREAM Mott Haven Charter School", "grades": "", "address": "250 EAST 156 STREET", "district": "7", "borough": "X", "status": "Open", "location_type": "General Academic", "category": "Elementary", "principal": "Jamie Platzter", "phone": "NULL", "NTA_name": "East Concourse-Concourse Village", "managed_by": "Charter"}}, {"type": "Feature", "geometry": {"type": "Point", "coordinates": [-73.909363, 40.811051]}, "properties": {"system_code": "84X615", "location_code": "X615", "location_name": "University Prep Charter Middle School", "grades": "", "address": "470 JACKSON AVENUE", "district": "7", "borough": "X", "status": "Open", "location_type": "General Academic", "category": "K-8", "principal": "NULL", "phone": "NULL", "NTA_name": "Mott Haven-Port Morris", "managed_by": "Charter"}}, {"type": "Feature", "geometry": {"type": "Point", "coordinates": [-73.903764, 40.857932]}, "properties": {"system_code": "84X616", "location_code": "X616", "location_name": "KIPP Elements Primary Charter School", "grades": "", "address": "2246 JEROME AVENUE", "district": "10", "borough": "X", "status": "Open", "location_type": "General Academic", "category": "Elementary", "principal": "Sarah English/Diamond Graham", "phone": "NULL", "NTA_name": "Fordham South", "managed_by": "Charter"}}, {"type": "Feature", "geometry": {"type": "Point", "coordinates": [-73.903764, 40.857932]}, "properties": {"system_code": "84X617", "location_code": "X617", "location_name": "KIPP All Charter School", "grades": "", "address": "2246 JEROME AVENUE", "district": "10", "borough": "X", "status": "Open", "location_type": "General Academic", "category": "K-8", "principal": "Kate Baughman", "phone": "NULL", "NTA_name": "Fordham South", "managed_by": "Charter"}}, {"type": "Feature", "geometry": {"type": "Point", "coordinates": [-73.838299, 40.825715]}, "properties": {"system_code": "84X619", "location_code": "X619", "location_name": "Bronx Arts and Science Charter School", "grades": "", "address": "925 HUTCHINSON RIVER PARKWAY", "district": "8", "borough": "X", "status": "Open", "location_type": "General Academic", "category": "Elementary", "principal": "NULL", "phone": "NULL", "NTA_name": "Soundview-Castle Hill-Clason Point-Harding Park", "managed_by": "Charter"}}, {"type": "Feature", "geometry": {"type": "Point", "coordinates": [-73.89654, 40.847487]}, "properties": {"system_code": "84X620", "location_code": "X620", "location_name": "Bronx Charter School for Excellence 5", "grades": "", "address": "1946 BATHGATE AVENUE", "district": "9", "borough": "X", "status": "Open", "location_type": "General Academic", "category": "Elementary", "principal": "NULL", "phone": "NULL", "NTA_name": "Claremont-Bathgate", "managed_by": "Charter"}}, {"type": "Feature", "geometry": {"type": "Point", "coordinates": [-73.909019, 40.808963]}, "properties": {"system_code": "84X623", "location_code": "X623", "location_name": "Neighborhood Charter School: Bronx", "grades": "", "address": "411 WALES AVENUE", "district": "7", "borough": "X", "status": "Open", "location_type": "General Academic", "category": "Elementary", "principal": "NULL", "phone": "NULL", "NTA_name": "Mott Haven-Port Morris", "managed_by": "Charter"}}, {"type": "Feature", "geometry": {"type": "Point", "coordinates": [-73.866038, 40.838151]}, "properties": {"system_code": "12X691", "location_code": "X691", "location_name": "Bronx Little School", "grades": "PK,0K,01,02,03,04,05", "address": "1827 ARCHER STREET", "district": "12", "borough": "X", "status": "Open", "location_type": "General Academic", "category": "Elementary", "principal": "Beverly Urquiza", "phone": "718-792-2650", "NTA_name": "West Farms-Bronx River", "managed_by": "DOE"}}, {"type": "Feature", "geometry": {"type": "Point", "coordinates": [-73.918665, 40.840262]}, "properties": {"system_code": "84X705", "location_code": "X705", "location_name": "Family Life Academy Charter School", "grades": "0K,01,02,03,04,05", "address": "14 WEST 170 STREET", "district": "9", "borough": "X", "status": "Open", "location_type": "General Academic", "category": "Elementary", "principal": "Evelyn Centeno", "phone": "718-410-8100", "NTA_name": "Highbridge", "managed_by": "Charter"}}, {"type": "Feature", "geometry": {"type": "Point", "coordinates": [-73.905771, 40.832328]}, "properties": {"system_code": "84X706", "location_code": "X706", "location_name": "Harriet Tubman Charter School", "grades": "0K,01,02,03,04,05,06,07,08", "address": "3565 THIRD AVENUE", "district": "9", "borough": "X", "status": "Open", "location_type": "General Academic", "category": "K-8", "principal": "Cleveland Person", "phone": "718-537-9912", "NTA_name": "Claremont-Bathgate", "managed_by": "Charter"}}, {"type": "Feature", "geometry": {"type": "Point", "coordinates": [-73.904703, 40.838654]}, "properties": {"system_code": "84X717", "location_code": "X717", "location_name": "Icahn Charter School", "grades": "0K,01,02,03,04,05,06,07,08", "address": "1506-30 BROOK AVENUE", "district": "9", "borough": "X", "status": "Open", "location_type": "General Academic", "category": "K-8", "principal": "Lawford Cunningham", "phone": "718-716-8105", "NTA_name": "Claremont-Bathgate", "managed_by": "Charter"}}, {"type": "Feature", "geometry": {"type": "Point", "coordinates": [-73.839288, 40.884371]}, "properties": {"system_code": "84X718", "location_code": "X718", "location_name": "Bronx Charter School for Better Learning", "grades": "0K,01,02,03,04,05", "address": "3740 BAYCHESTER AVENUE", "district": "11", "borough": "X", "status": "Open", "location_type": "General Academic", "category": "Elementary", "principal": "Shubert Jacobs/Kevin Brennan", "phone": "718-655-6660", "NTA_name": "Eastchester-Edenwald-Baychester", "managed_by": "Charter"}}, {"type": "Feature", "geometry": {"type": "Point", "coordinates": [-73.917, 40.8149]}, "properties": {"system_code": "84X729", "location_code": "X729", "location_name": "Readnet Bronx Charter School", "grades": "NULL", "address": "429-437 EAST 148TH STREET", "district": "7", "borough": "X", "status": "Closed", "location_type": "General Academic", "category": "Elementary", "principal": "NULL", "phone": "718-292-3474", "NTA_name": "Mott Haven-Port Morris", "managed_by": "Charter"}}, {"type": "Feature", "geometry": {"type": "Point", "coordinates": [-73.886477, 40.821815]}, "properties": {"system_code": "84X730", "location_code": "X730", "location_name": "Bronx Charter School for the Arts", "grades": "0K,01,02,03,04,05,06,07,08", "address": "950 LONGFELLOW AVENUE", "district": "8", "borough": "X", "status": "Open", "location_type": "General Academic", "category": "Elementary", "principal": "Jonea Thomas", "phone": "718-893-1042", "NTA_name": "Hunts Point", "managed_by": "Charter"}}, {"type": "Feature", "geometry": {"type": "Point", "coordinates": [-73.979, 40.6855]}, "properties": {"system_code": "15K456", "location_code": "K456", "location_name": "P.S. 456 Elizabeth Jennings School for Bold Explorers", "grades": "PK,0K", "address": "489 STATE STREET", "district": "15", "borough": "K", "status": "Open", "location_type": "General Academic", "category": "Elementary", "principal": "", "phone": "", "NTA_name": "DUMBO-Vinegar Hill-Downtown Brooklyn-Boerum Hill", "managed_by": "DOE"}}]}